type,time,agv_id,tote_id,station_id,kit_id,matched_parts,deadline,st,st_urgency,st_progress,st_contribution,sf,sd,alpha_1,alpha_2,alpha_3,gamma1,gamma2,epsilon,beta,lambda_,p,margin_sec,total_score,transferred_parts,completed,old_kit_id,new_kit_id
dispatch,0.0,AGV_01,TOTE_0992,station_3,KIT_0003_01,"{'PART_01': 1, 'PART_05': 9, 'PART_08': 3}",2880.0,0.2304166666666667,0.2,0.03,0.0004166666666666667,-1.44,0.625,0.6,0.3,0.1,0.03,0.1,0.2,0.1,0.006,2.0,1200.0,0.50775,,,,
dispatch,0.0,AGV_07,TOTE_0991,station_1,KIT_0001_01,"{'PART_03': 30, 'PART_06': 3}",2880.0,0.23125,0.2,0.03,0.0012500000000000002,-1.04,0.6527777777777778,0.6,0.3,0.1,0.03,0.1,0.2,0.1,0.006,2.0,1200.0,0.3854722222222222,,,,
dispatch,0.0,AGV_02,TOTE_0996,station_1,KIT_0001_01,"{'PART_01': 9, 'PART_03': 3}",2880.0,0.23008529919447643,0.2,0.029625,0.0004602991944764097,-0.8320000000000001,0.35185185185185186,0.6,0.3,0.1,0.03,0.1,0.2,0.1,0.006,2.0,1200.0,0.35246599433150066,,,,
dispatch,0.0,AGV_08,TOTE_0988,station_4,KIT_0004_01,"{'PART_04': 59, 'PART_05': 5}",2880.0,0.23197530864197533,0.2,0.03,0.0019753086419753087,-0.8613333333333334,0.5462962962962963,0.6,0.3,0.1,0.03,0.1,0.2,0.1,0.006,2.0,1200.0,0.34295555555555557,,,,
dispatch,0.0,AGV_03,TOTE_0993,station_3,KIT_0003_01,{'PART_05': 1},2880.0,0.22990718538783392,0.2,0.029875,3.21853878339234e-05,-0.7466666666666667,0.5046296296296297,0.6,0.3,0.1,0.03,0.1,0.2,0.1,0.006,2.0,1200.0,0.31148134826973733,,,,
dispatch,0.0,AGV_09,TOTE_0995,station_2,KIT_0002_01,{'PART_02': 2},2880.0,0.2300462962962963,0.2,0.03,4.62962962962963e-05,-0.7200000000000001,0.5277777777777778,0.6,0.3,0.1,0.03,0.1,0.2,0.1,0.006,2.0,1200.0,0.30125,,,,
dispatch,0.0,AGV_04,TOTE_0994,station_2,KIT_0002_01,{'PART_02': 4},2880.0,0.2300787465904997,0.2,0.02998611111111111,9.263547938860583e-05,-0.6400000000000001,0.6666666666666666,0.6,0.3,0.1,0.03,0.1,0.2,0.1,0.006,2.0,1200.0,0.2633805812876332,,,,
dispatch,0.0,AGV_10,TOTE_0989,station_4,KIT_0004_01,{'PART_09': 8},2880.0,0.22965929657617318,0.2,0.029407407407407406,0.00025188916876574307,-0.4400000000000001,0.42592592592592593,0.6,0.3,0.1,0.03,0.1,0.2,0.1,0.006,2.0,1200.0,0.22720298535311137,,,,
kitting_started,40.66666666666667,AGV_02,TOTE_0996,station_1,KIT_0001_01,,,,,,,,,,,,,,,,,,,,,,,
kitting_started,44.666666666666664,AGV_10,TOTE_0989,station_4,KIT_0004_01,,,,,,,,,,,,,,,,,,,,,,,
kitting_started,54.0,AGV_03,TOTE_0993,station_3,KIT_0003_01,,,,,,,,,,,,,,,,,,,,,,,
kitting_started,58.00000000000001,AGV_09,TOTE_0995,station_2,KIT_0002_01,,,,,,,,,,,,,,,,,,,,,,,
kitting_completed,64.66666666666666,AGV_10,TOTE_0989,station_4,KIT_0004_01,,,,,,,,,,,,,,,,,,,,{'PART_09': 8},False,,
dispatch,64.66666666666666,AGV_05,TOTE_0558,station_4,KIT_0004_01,"{'PART_02': 20, 'PART_04': 100, 'PART_05': 15}",2880.0,0.23744390331890333,0.20384920634920636,0.029333333333333333,0.004261363636363636,0.0,0.29523809523809524,0.6,0.3,0.1,0.03,0.1,0.2,0.1,0.006,2.0,1200.0,0.11294253246753248,,,,
kitting_started,65.99999999999999,AGV_08,TOTE_0988,station_4,KIT_0004_01,,,,,,,,,,,,,,,,,,,,,,,
kitting_completed,74.0,AGV_03,TOTE_0993,station_3,KIT_0003_01,,,,,,,,,,,,,,,,,,,,{'PART_05': 1},False,,
dispatch,74.0,AGV_06,TOTE_0990,station_3,KIT_0003_01,"{'PART_03': 17, 'PART_08': 9}",2880.0,0.235107236024332,0.20440476190476192,0.029865384615384613,0.0008370895041854475,-0.528,0.37142857142857144,0.6,0.3,0.1,0.03,0.1,0.2,0.1,0.006,2.0,1200.0,0.2623214844717421,,,,
kitting_started,75.33333333333333,AGV_01,TOTE_0992,station_3,KIT_0003_01,,,,,,,,,,,,,,,,,,,,,,,
kitting_completed,78.0,AGV_09,TOTE_0995,station_2,KIT_0002_01,,,,,,,,,,,,,,,,,,,,{'PART_02': 2},False,,
kitting_started,79.33333333333333,AGV_04,TOTE_0994,station_2,KIT_0002_01,,,,,,,,,,,,,,,,,,,,,,,
kitting_completed,80.66666666666667,AGV_02,TOTE_0996,station_1,KIT_0001_01,,,,,,,,,,,,,,,,,,,,"{'PART_01': 9, 'PART_03': 3}",False,,
kitting_started,82.0,AGV_07,TOTE_0991,station_1,KIT_0001_01,,,,,,,,,,,,,,,,,,,,,,,
dispatch,91.33333333333333,AGV_10,TOTE_0549,station_2,KIT_0002_01,"{'PART_01': 10, 'PART_02': 20, 'PART_04': 100}",2880.0,0.23840828586882135,0.20543650793650794,0.029958333333333333,0.0030134445989800653,0.0,0.3384615384615385,0.6,0.3,0.1,0.03,0.1,0.2,0.1,0.006,2.0,1200.0,0.10919881767513895,,,,
kitting_completed,99.33333333333333,AGV_04,TOTE_0994,station_2,KIT_0002_01,,,,,,,,,,,,,,,,,,,,{'PART_02': 4},False,,
dispatch,100.66666666666667,AGV_02,TOTE_0996,station_2,KIT_0002_01,{'PART_04': 60},2880.0,0.23648165346444505,0.2059920634920635,0.029055555555555557,0.0014340344168260039,-0.12000000000000005,0.2512820512820513,0.6,0.3,0.1,0.03,0.1,0.2,0.1,0.006,2.0,1200.0,0.1527607869504619,,,,
dispatch,102.66666666666667,AGV_03,TOTE_0993,station_1,KIT_0001_01,{'PART_06': 18},2880.0,0.2362933890932446,0.20611111111111113,0.029488636363636363,0.0006936416184971099,-0.32000000000000006,0.23076923076923078,0.6,0.3,0.1,0.03,0.1,0.2,0.1,0.006,2.0,1200.0,0.2146991103790237,,,,
kitting_completed,105.99999999999999,AGV_08,TOTE_0988,station_4,KIT_0004_01,,,,,,,,,,,,,,,,,,,,"{'PART_04': 59, 'PART_05': 5}",False,,
dispatch,106.0,AGV_09,TOTE_0555,station_4,KIT_0004_01,"{'PART_02': 20, 'PART_04': 100, 'PART_05': 15}",2880.0,0.2388438957185248,0.20630952380952383,0.02808333333333333,0.004451038575667656,0.0,0.358974358974359,0.6,0.3,0.1,0.03,0.1,0.2,0.1,0.006,2.0,1200.0,0.10740890153367896,,,,
kitting_started,107.33333333333331,AGV_05,TOTE_0558,station_4,KIT_0004_01,,,,,,,,,,,,,,,,,,,,,,,
kitting_completed,122.0,AGV_07,TOTE_0991,station_1,KIT_0001_01,,,,,,,,,,,,,,,,,,,,"{'PART_03': 30, 'PART_06': 3}",False,,
kitting_started,122.0,AGV_02,TOTE_0996,station_2,KIT_0002_01,,,,,,,,,,,,,,,,,,,,,,,
kitting_started,123.33333333333333,AGV_03,TOTE_0993,station_1,KIT_0001_01,,,,,,,,,,,,,,,,,,,,,,,
dispatch,134.0,AGV_04,TOTE_0618,station_1,KIT_0001_01,"{'PART_01': 10, 'PART_02': 20, 'PART_03': 50}",2880.0,0.2403646663290144,0.20797619047619048,0.029284090909090905,0.003104384943733023,0.0,0.3333333333333333,0.6,0.3,0.1,0.03,0.1,0.2,0.1,0.006,2.0,1200.0,0.11088546646407532,,,,
kitting_completed,135.33333333333331,AGV_01,TOTE_0992,station_3,KIT_0003_01,,,,,,,,,,,,,,,,,,,,"{'PART_01': 1, 'PART_05': 9, 'PART_08': 3}",False,,
kitting_started,136.66666666666666,AGV_06,TOTE_0990,station_3,KIT_0003_01,,,,,,,,,,,,,,,,,,,,,,,
kitting_completed,137.33333333333331,AGV_05,TOTE_0558,station_4,KIT_0004_01,,,,,,,,,,,,,,,,,,,,"{'PART_02': 20, 'PART_04': 100, 'PART_05': 15}",False,,
dispatch,139.33333333333331,AGV_08,TOTE_0576,station_4,KIT_0004_01,"{'PART_02': 20, 'PART_04': 100, 'PART_05': 15}",2880.0,0.23978536922015184,0.2082936507936508,0.026833333333333334,0.004658385093167702,0.0,0.3333333333333333,0.6,0.3,0.1,0.03,0.1,0.2,0.1,0.006,2.0,1200.0,0.11053788819875776,,,,
kitting_completed,142.0,AGV_02,TOTE_0996,station_2,KIT_0002_01,,,,,,,,,,,,,,,,,,,,{'PART_04': 60},False,,
kitting_started,142.66666666666669,AGV_09,TOTE_0555,station_4,KIT_0004_01,,,,,,,,,,,,,,,,,,,,,,,
kitting_completed,143.33333333333331,AGV_03,TOTE_0993,station_1,KIT_0001_01,,,,,,,,,,,,,,,,,,,,{'PART_06': 18},False,,
kitting_started,143.33333333333334,AGV_10,TOTE_0549,station_2,KIT_0002_01,,,,,,,,,,,,,,,,,,,,,,,
dispatch,155.33333333333334,AGV_07,TOTE_0988,station_1,KIT_0001_01,{'PART_06': 9},2880.0,0.2379814642650546,0.20924603174603176,0.028374999999999997,0.0003604325190228274,-0.35999999999999993,0.7692307692307693,0.6,0.3,0.1,0.03,0.1,0.2,0.1,0.006,2.0,1200.0,0.17386580163595577,,,,
dispatch,157.33333333333331,AGV_05,TOTE_0606,station_3,KIT_0003_01,"{'PART_01': 10, 'PART_03': 50, 'PART_05': 15}",2880.0,0.24141552891552892,0.20936507936507937,0.029615384615384616,0.0024350649350649354,0.0,0.26153846153846155,0.6,0.3,0.1,0.03,0.1,0.2,0.1,0.006,2.0,1200.0,0.1186954711954712,,,,
dispatch,163.33333333333331,AGV_03,TOTE_0991,station_2,KIT_0002_01,{'PART_04': 81},2880.0,0.24032522362323525,0.20972222222222223,0.028638888888888887,0.0019641125121241513,-0.15199999999999997,0.6102564102564103,0.6,0.3,0.1,0.03,0.1,0.2,0.1,0.006,2.0,1200.0,0.12876949314830008,,,,
kitting_started,167.33333333333334,AGV_04,TOTE_0618,station_1,KIT_0001_01,,,,,,,,,,,,,,,,,,,,,,,
kitting_completed,172.66666666666669,AGV_09,TOTE_0555,station_4,KIT_0004_01,,,,,,,,,,,,,,,,,,,,"{'PART_02': 20, 'PART_04': 100, 'PART_05': 15}",False,,
dispatch,172.66666666666669,AGV_02,TOTE_0609,station_4,KIT_0004_01,"{'PART_02': 20, 'PART_04': 100, 'PART_05': 15}",2880.0,0.24074710459645315,0.21027777777777779,0.025583333333333333,0.00488599348534202,0.0,0.3076923076923077,0.6,0.3,0.1,0.03,0.1,0.2,0.1,0.006,2.0,1200.0,0.11367903198864113,,,,
kitting_completed,173.33333333333334,AGV_10,TOTE_0549,station_2,KIT_0002_01,,,,,,,,,,,,,,,,,,,,"{'PART_01': 10, 'PART_02': 20, 'PART_04': 100}",False,,
dispatch,173.33333333333334,AGV_01,TOTE_0603,station_2,KIT_0002_01,"{'PART_01': 10, 'PART_02': 20, 'PART_04': 100}",2880.0,0.2416092832899505,0.21031746031746032,0.02807638888888889,0.003215434083601286,0.0,0.3128205128205128,0.6,0.3,0.1,0.03,0.1,0.2,0.1,0.006,2.0,1200.0,0.113683518691919,,,,
kitting_started,174.00000000000003,AGV_08,TOTE_0576,station_4,KIT_0004_01,,,,,,,,,,,,,,,,,,,,,,,
kitting_completed,176.66666666666666,AGV_06,TOTE_0990,station_3,KIT_0003_01,,,,,,,,,,,,,,,,,,,,"{'PART_03': 17, 'PART_08': 9}",False,,
kitting_started,182.66666666666666,AGV_05,TOTE_0606,station_3,KIT_0003_01,,,,,,,,,,,,,,,,,,,,,,,
dispatch,192.0,AGV_10,TOTE_0624,station_3,KIT_0003_01,"{'PART_01': 10, 'PART_03': 50, 'PART_05': 15}",2880.0,0.24281864246402518,0.21142857142857144,0.02889423076923077,0.0024958402662229617,0.0,0.2358974358974359,0.6,0.3,0.1,0.03,0.1,0.2,0.1,0.006,2.0,1200.0,0.12210144188867153,,,,
kitting_completed,197.33333333333334,AGV_04,TOTE_0618,station_1,KIT_0001_01,,,,,,,,,,,,,,,,,,,,"{'PART_01': 10, 'PART_02': 20, 'PART_03': 50}",False,,
dispatch,197.33333333333334,AGV_09,TOTE_0636,station_1,KIT_0001_01,"{'PART_01': 10, 'PART_02': 20, 'PART_03': 50}",2880.0,0.2432341931023603,0.21174603174603177,0.02827272727272727,0.003215434083601286,0.0,0.3076923076923077,0.6,0.3,0.1,0.03,0.1,0.2,0.1,0.006,2.0,1200.0,0.11517128509218541,,,,
kitting_completed,204.00000000000003,AGV_08,TOTE_0576,station_4,KIT_0004_01,,,,,,,,,,,,,,,,,,,,"{'PART_02': 20, 'PART_04': 100, 'PART_05': 15}",False,,
dispatch,204.00000000000003,AGV_06,TOTE_0594,station_4,KIT_0004_01,"{'PART_02': 20, 'PART_04': 100, 'PART_05': 15}",2880.0,0.24161317677756036,0.21214285714285716,0.024333333333333332,0.005136986301369863,0.0,0.23076923076923078,0.6,0.3,0.1,0.03,0.1,0.2,0.1,0.006,2.0,1200.0,0.12189098298961312,,,,
kitting_started,205.33333333333337,AGV_01,TOTE_0603,station_2,KIT_0002_01,,,,,,,,,,,,,,,,,,,,,,,
kitting_started,205.33333333333337,AGV_02,TOTE_0609,station_4,KIT_0004_01,,,,,,,,,,,,,,,,,,,,,,,
kitting_completed,212.66666666666666,AGV_05,TOTE_0606,station_3,KIT_0003_01,,,,,,,,,,,,,,,,,,,,"{'PART_01': 10, 'PART_03': 50, 'PART_05': 15}",False,,
kitting_started,214.00000000000003,AGV_10,TOTE_0624,station_3,KIT_0003_01,,,,,,,,,,,,,,,,,,,,,,,
dispatch,217.33333333333334,AGV_04,TOTE_0642,station_3,KIT_0003_01,"{'PART_01': 10, 'PART_03': 50, 'PART_05': 15}",2880.0,0.2436693118220422,0.21293650793650795,0.028173076923076922,0.002559726962457338,0.0,0.26153846153846155,0.6,0.3,0.1,0.03,0.1,0.2,0.1,0.006,2.0,1200.0,0.12004774093937916,,,,
kitting_started,218.66666666666669,AGV_07,TOTE_0988,station_1,KIT_0001_01,,,,,,,,,,,,,,,,,,,,,,,
kitting_completed,235.33333333333337,AGV_01,TOTE_0603,station_2,KIT_0002_01,,,,,,,,,,,,,,,,,,,,"{'PART_01': 10, 'PART_02': 20, 'PART_04': 100}",False,,
kitting_completed,235.33333333333337,AGV_02,TOTE_0609,station_4,KIT_0004_01,,,,,,,,,,,,,,,,,,,,"{'PART_02': 20, 'PART_04': 100, 'PART_05': 15}",False,,
dispatch,235.33333333333337,AGV_05,TOTE_0612,station_4,KIT_0004_01,"{'PART_02': 20, 'PART_04': 100, 'PART_05': 15}",2880.0,0.24250643229614352,0.21400793650793654,0.02308333333333333,0.005415162454873647,0.0,0.23076923076923078,0.6,0.3,0.1,0.03,0.1,0.2,0.1,0.006,2.0,1200.0,0.12242693630076304,,,,
dispatch,235.33333333333337,AGV_08,TOTE_0621,station_2,KIT_0002_01,"{'PART_01': 10, 'PART_02': 20, 'PART_04': 100}",2880.0,0.24450380675526026,0.21400793650793654,0.02717361111111111,0.003322259136212625,0.0,0.28717948717948716,0.6,0.3,0.1,0.03,0.1,0.2,0.1,0.006,2.0,1200.0,0.11798433533520744,,,,
kitting_started,236.6666666666667,AGV_03,TOTE_0991,station_2,KIT_0002_01,,,,,,,,,,,,,,,,,,,,,,,
kitting_started,236.6666666666667,AGV_06,TOTE_0594,station_4,KIT_0004_01,,,,,,,,,,,,,,,,,,,,,,,
kitting_completed,238.66666666666669,AGV_07,TOTE_0988,station_1,KIT_0001_01,,,,,,,,,,,,,,,,,,,,{'PART_06': 9},False,,
kitting_started,240.00000000000003,AGV_09,TOTE_0636,station_1,KIT_0001_01,,,,,,,,,,,,,,,,,,,,,,,
kitting_completed,244.00000000000003,AGV_10,TOTE_0624,station_3,KIT_0003_01,,,,,,,,,,,,,,,,,,,,"{'PART_01': 10, 'PART_03': 50, 'PART_05': 15}",False,,
kitting_started,245.33333333333337,AGV_04,TOTE_0642,station_3,KIT_0003_01,,,,,,,,,,,,,,,,,,,,,,,
dispatch,254.00000000000003,AGV_01,TOTE_0660,station_3,KIT_0003_01,"{'PART_01': 10, 'PART_03': 50, 'PART_05': 15}",2880.0,0.24519794092364144,0.21511904761904763,0.027451923076923075,0.002626970227670753,0.0,0.2358974358974359,0.6,0.3,0.1,0.03,0.1,0.2,0.1,0.006,2.0,1200.0,0.12352902096444127,,,,
dispatch,255.33333333333337,AGV_02,TOTE_0654,station_1,KIT_0001_01,"{'PART_01': 10, 'PART_02': 20, 'PART_03': 50}",2880.0,0.2458843081982617,0.21519841269841272,0.02736363636363636,0.003322259136212625,0.0,0.3076923076923077,0.6,0.3,0.1,0.03,0.1,0.2,0.1,0.006,2.0,1200.0,0.11676135414972624,,,,
kitting_completed,256.66666666666674,AGV_03,TOTE_0991,station_2,KIT_0002_01,,,,,,,,,,,,,,,,,,,,{'PART_04': 81},False,,
dispatch,262.6666666666667,AGV_10,TOTE_0639,station_2,KIT_0002_01,"{'PART_01': 10, 'PART_02': 20, 'PART_04': 100}",2880.0,0.24534218008509245,0.21563492063492065,0.026270833333333334,0.0034364261168384883,0.0,0.2358974358974359,0.6,0.3,0.1,0.03,0.1,0.2,0.1,0.006,2.0,1200.0,0.12361556446131189,,,,
kitting_started,264.0,AGV_08,TOTE_0621,station_2,KIT_0002_01,,,,,,,,,,,,,,,,,,,,,,,
kitting_completed,266.66666666666674,AGV_06,TOTE_0594,station_4,KIT_0004_01,,,,,,,,,,,,,,,,,,,,"{'PART_02': 20, 'PART_04': 100, 'PART_05': 15}",False,,
kitting_started,268.00000000000006,AGV_05,TOTE_0612,station_4,KIT_0004_01,,,,,,,,,,,,,,,,,,,,,,,
kitting_completed,270.0,AGV_09,TOTE_0636,station_1,KIT_0001_01,,,,,,,,,,,,,,,,,,,,"{'PART_01': 10, 'PART_02': 20, 'PART_03': 50}",False,,
kitting_completed,275.33333333333337,AGV_04,TOTE_0642,station_3,KIT_0003_01,,,,,,,,,,,,,,,,,,,,"{'PART_01': 10, 'PART_03': 50, 'PART_05': 15}",False,,
kitting_started,276.6666666666667,AGV_01,TOTE_0660,station_3,KIT_0003_01,,,,,,,,,,,,,,,,,,,,,,,
kitting_started,285.33333333333337,AGV_02,TOTE_0654,station_1,KIT_0001_01,,,,,,,,,,,,,,,,,,,,,,,
dispatch,285.33333333333337,AGV_07,TOTE_0630,station_4,KIT_0004_01,"{'PART_02': 20, 'PART_04': 100, 'PART_05': 15}",2880.0,0.244542651157155,0.216984126984127,0.021833333333333337,0.0057251908396946565,0.0,0.3333333333333333,0.6,0.3,0.1,0.03,0.1,0.2,0.1,0.006,2.0,1200.0,0.11339225736095968,,,,
dispatch,286.66666666666674,AGV_06,TOTE_0678,station_3,KIT_0003_01,"{'PART_01': 10, 'PART_03': 50, 'PART_05': 15}",2880.0,0.24649210302088,0.21706349206349207,0.026730769230769228,0.002697841726618705,0.0,0.26153846153846155,0.6,0.3,0.1,0.03,0.1,0.2,0.1,0.006,2.0,1200.0,0.12174141565868184,,,,
dispatch,290.0,AGV_09,TOTE_0672,station_1,KIT_0001_01,"{'PART_01': 10, 'PART_02': 20, 'PART_03': 50}",2880.0,0.2471528763332887,0.21726190476190477,0.026454545454545453,0.0034364261168384883,0.0,0.23076923076923078,0.6,0.3,0.1,0.03,0.1,0.2,0.1,0.006,2.0,1200.0,0.12521480272305013,,,,
kitting_completed,294.0,AGV_08,TOTE_0621,station_2,KIT_0002_01,,,,,,,,,,,,,,,,,,,,"{'PART_01': 10, 'PART_02': 20, 'PART_04': 100}",False,,
dispatch,294.00000000000006,AGV_04,TOTE_0657,station_2,KIT_0002_01,"{'PART_01': 10, 'PART_02': 20, 'PART_04': 100}",2880.0,0.24642677441676553,0.21750000000000003,0.025368055555555557,0.003558718861209965,0.0,0.2358974358974359,0.6,0.3,0.1,0.03,0.1,0.2,0.1,0.006,2.0,1200.0,0.12426632106031574,,,,
kitting_started,295.3333333333333,AGV_10,TOTE_0639,station_2,KIT_0002_01,,,,,,,,,,,,,,,,,,,,,,,
kitting_completed,298.00000000000006,AGV_05,TOTE_0612,station_4,KIT_0004_01,,,,,,,,,,,,,,,,,,,,"{'PART_02': 20, 'PART_04': 100, 'PART_05': 15}",False,,
dispatch,298.00000000000006,AGV_03,TOTE_0627,station_4,KIT_0004_01,"{'PART_02': 20, 'PART_04': 100, 'PART_05': 15}",2880.0,0.24439430306535573,0.21773809523809526,0.020583333333333332,0.006072874493927126,0.0,0.4358974358974359,0.6,0.3,0.1,0.03,0.1,0.2,0.1,0.006,2.0,1200.0,0.10304683824946984,,,,
kitting_completed,306.6666666666667,AGV_01,TOTE_0660,station_3,KIT_0003_01,,,,,,,,,,,,,,,,,,,,"{'PART_01': 10, 'PART_03': 50, 'PART_05': 15}",False,,
kitting_started,312.00000000000006,AGV_06,TOTE_0678,station_3,KIT_0003_01,,,,,,,,,,,,,,,,,,,,,,,
dispatch,312.6666666666667,AGV_08,TOTE_0696,station_3,KIT_0003_01,"{'PART_01': 10, 'PART_03': 50, 'PART_05': 15}",2880.0,0.24739336974896126,0.21861111111111112,0.026009615384615384,0.002772643253234751,0.0,0.2358974358974359,0.6,0.3,0.1,0.03,0.1,0.2,0.1,0.006,2.0,1200.0,0.12484627825963315,,,,
kitting_completed,315.33333333333337,AGV_02,TOTE_0654,station_1,KIT_0001_01,,,,,,,,,,,,,,,,,,,,"{'PART_01': 10, 'PART_02': 20, 'PART_03': 50}",False,,
kitting_started,316.6666666666667,AGV_09,TOTE_0672,station_1,KIT_0001_01,,,,,,,,,,,,,,,,,,,,,,,
dispatch,318.00000000000006,AGV_05,TOTE_0690,station_1,KIT_0001_01,"{'PART_01': 10, 'PART_02': 20, 'PART_03': 50}",2880.0,0.24803274483523594,0.21892857142857144,0.025545454545454545,0.003558718861209965,0.0,0.3333333333333333,0.6,0.3,0.1,0.03,0.1,0.2,0.1,0.006,2.0,1200.0,0.11548631356780822,,,,
kitting_started,318.6666666666667,AGV_07,TOTE_0630,station_4,KIT_0004_01,,,,,,,,,,,,,,,,,,,,,,,
kitting_completed,325.3333333333333,AGV_10,TOTE_0639,station_2,KIT_0002_01,,,,,,,,,,,,,,,,,,,,"{'PART_01': 10, 'PART_02': 20, 'PART_04': 100}",False,,
dispatch,325.33333333333337,AGV_01,TOTE_0747,station_2,KIT_0002_01,"{'PART_01': 10, 'PART_02': 20, 'PART_04': 100}",2880.0,0.24752039404322615,0.21936507936507937,0.024465277777777777,0.003690036900369004,0.0,0.2358974358974359,0.6,0.3,0.1,0.03,0.1,0.2,0.1,0.006,2.0,1200.0,0.12492249283619211,,,,
kitting_started,326.66666666666663,AGV_04,TOTE_0657,station_2,KIT_0002_01,,,,,,,,,,,,,,,,,,,,,,,
kitting_completed,342.00000000000006,AGV_06,TOTE_0678,station_3,KIT_0003_01,,,,,,,,,,,,,,,,,,,,"{'PART_01': 10, 'PART_03': 50, 'PART_05': 15}",False,,
dispatch,342.00000000000006,AGV_02,TOTE_0714,station_3,KIT_0003_01,"{'PART_01': 10, 'PART_03': 50, 'PART_05': 15}",2880.0,0.24849731542222037,0.22035714285714286,0.025288461538461537,0.0028517110266159697,0.0,0.26153846153846155,0.6,0.3,0.1,0.03,0.1,0.2,0.1,0.006,2.0,1200.0,0.12294454309948606,,,,
kitting_started,343.33333333333337,AGV_08,TOTE_0696,station_3,KIT_0003_01,,,,,,,,,,,,,,,,,,,,,,,
kitting_completed,346.6666666666667,AGV_09,TOTE_0672,station_1,KIT_0001_01,,,,,,,,,,,,,,,,,,,,"{'PART_01': 10, 'PART_02': 20, 'PART_03': 50}",False,,
dispatch,346.6666666666667,AGV_10,TOTE_0708,station_1,KIT_0001_01,"{'PART_01': 10, 'PART_02': 20, 'PART_03': 50}",2880.0,0.2489613211716533,0.22063492063492066,0.024636363636363633,0.003690036900369004,0.0,0.2564102564102564,0.6,0.3,0.1,0.03,0.1,0.2,0.1,0.006,2.0,1200.0,0.12373576706196635,,,,
kitting_completed,348.6666666666667,AGV_07,TOTE_0630,station_4,KIT_0004_01,,,,,,,,,,,,,,,,,,,,"{'PART_02': 20, 'PART_04': 100, 'PART_05': 15}",False,,
kitting_started,350.0,AGV_03,TOTE_0627,station_4,KIT_0004_01,,,,,,,,,,,,,,,,,,,,,,,
kitting_started,351.33333333333337,AGV_05,TOTE_0690,station_1,KIT_0001_01,,,,,,,,,,,,,,,,,,,,,,,
kitting_completed,356.66666666666663,AGV_04,TOTE_0657,station_2,KIT_0002_01,,,,,,,,,,,,,,,,,,,,"{'PART_01': 10, 'PART_02': 20, 'PART_04': 100}",False,,
kitting_started,357.99999999999994,AGV_01,TOTE_0747,station_2,KIT_0002_01,,,,,,,,,,,,,,,,,,,,,,,
dispatch,360.66666666666674,AGV_06,TOTE_0765,station_2,KIT_0002_01,"{'PART_01': 10, 'PART_02': 20, 'PART_04': 100}",2880.0,0.24886217159277504,0.22146825396825398,0.0235625,0.0038314176245210726,0.0,0.2358974358974359,0.6,0.3,0.1,0.03,0.1,0.2,0.1,0.006,2.0,1200.0,0.12572755936592145,,,,
dispatch,366.6666666666667,AGV_09,TOTE_0645,station_4,KIT_0004_01,"{'PART_02': 20, 'PART_04': 100, 'PART_05': 15}",2880.0,0.2476242474001095,0.22182539682539684,0.01933333333333333,0.006465517241379311,0.0,0.3076923076923077,0.6,0.3,0.1,0.03,0.1,0.2,0.1,0.006,2.0,1200.0,0.11780531767083491,,,,
kitting_completed,373.33333333333337,AGV_08,TOTE_0696,station_3,KIT_0003_01,,,,,,,,,,,,,,,,,,,,"{'PART_01': 10, 'PART_03': 50, 'PART_05': 15}",False,,
dispatch,373.33333333333337,AGV_07,TOTE_0732,station_3,KIT_0003_01,"{'PART_01': 10, 'PART_03': 50, 'PART_05': 15}",2880.0,0.24972495065816985,0.22222222222222224,0.02456730769230769,0.0029354207436399216,0.0,0.26153846153846155,0.6,0.3,0.1,0.03,0.1,0.2,0.1,0.006,2.0,1200.0,0.12368112424105575,,,,
kitting_started,374.6666666666667,AGV_02,TOTE_0714,station_3,KIT_0003_01,,,,,,,,,,,,,,,,,,,,,,,
kitting_completed,380.0,AGV_03,TOTE_0627,station_4,KIT_0004_01,,,,,,,,,,,,,,,,,,,,"{'PART_02': 20, 'PART_04': 100, 'PART_05': 15}",False,,
dispatch,380.0,AGV_04,TOTE_0663,station_4,KIT_0004_01,"{'PART_02': 20, 'PART_04': 100, 'PART_05': 15}",2880.0,0.24761482334869434,0.22261904761904763,0.018083333333333337,0.006912442396313365,0.0,0.28205128205128205,0.6,0.3,0.1,0.03,0.1,0.2,0.1,0.006,2.0,1200.0,0.1203637658040884,,,,
kitting_completed,381.33333333333337,AGV_05,TOTE_0690,station_1,KIT_0001_01,,,,,,,,,,,,,,,,,,,,"{'PART_01': 10, 'PART_02': 20, 'PART_03': 50}",False,,
kitting_started,382.6666666666667,AGV_10,TOTE_0708,station_1,KIT_0001_01,,,,,,,,,,,,,,,,,,,,,,,
kitting_completed,387.99999999999994,AGV_01,TOTE_0747,station_2,KIT_0002_01,,,,,,,,,,,,,,,,,,,,"{'PART_01': 10, 'PART_02': 20, 'PART_04': 100}",False,,
kitting_started,389.33333333333326,AGV_06,TOTE_0765,station_2,KIT_0002_01,,,,,,,,,,,,,,,,,,,,,,,
dispatch,392.00000000000006,AGV_08,TOTE_0783,station_2,KIT_0002_01,"{'PART_01': 10, 'PART_02': 20, 'PART_04': 100}",2880.0,0.2499771193005755,0.22333333333333336,0.022659722222222223,0.00398406374501992,0.0,0.2358974358974359,0.6,0.3,0.1,0.03,0.1,0.2,0.1,0.006,2.0,1200.0,0.12639652799060172,,,,
kitting_started,396.6666666666667,AGV_09,TOTE_0645,station_4,KIT_0004_01,,,,,,,,,,,,,,,,,,,,,,,
dispatch,400.0,AGV_03,TOTE_0726,station_1,KIT_0001_01,"{'PART_01': 10, 'PART_02': 20, 'PART_03': 50}",2880.0,0.2513682141613176,0.22380952380952382,0.023727272727272725,0.0038314176245210726,0.0,0.3076923076923077,0.6,0.3,0.1,0.03,0.1,0.2,0.1,0.006,2.0,1200.0,0.12005169772755978,,,,
kitting_completed,404.6666666666667,AGV_02,TOTE_0714,station_3,KIT_0003_01,,,,,,,,,,,,,,,,,,,,"{'PART_01': 10, 'PART_03': 50, 'PART_05': 15}",False,,
dispatch,404.6666666666667,AGV_05,TOTE_0552,station_3,KIT_0003_01,"{'PART_01': 10, 'PART_05': 15, 'PART_08': 12}",2880.0,0.24942539091732643,0.2240873015873016,0.023846153846153847,0.0014919354838709678,0.0,0.26153846153846155,0.6,0.3,0.1,0.03,0.1,0.2,0.1,0.006,2.0,1200.0,0.12350138839654971,,,,
kitting_started,406.0,AGV_07,TOTE_0732,station_3,KIT_0003_01,,,,,,,,,,,,,,,,,,,,,,,
kitting_completed,412.6666666666667,AGV_10,TOTE_0708,station_1,KIT_0001_01,,,,,,,,,,,,,,,,,,,,"{'PART_01': 10, 'PART_02': 20, 'PART_03': 50}",False,,
dispatch,412.6666666666667,AGV_01,TOTE_0564,station_1,KIT_0001_01,"{'PART_01': 10, 'PART_02': 20, 'PART_06': 30}",2880.0,0.25036972169043886,0.22456349206349208,0.022818181818181817,0.0029880478087649406,0.0,0.2564102564102564,0.6,0.3,0.1,0.03,0.1,0.2,0.1,0.006,2.0,1200.0,0.12458080737323768,,,,
kitting_completed,419.33333333333326,AGV_06,TOTE_0765,station_2,KIT_0002_01,,,,,,,,,,,,,,,,,,,,"{'PART_01': 10, 'PART_02': 20, 'PART_04': 100}",False,,
kitting_started,420.6666666666666,AGV_08,TOTE_0783,station_2,KIT_0002_01,,,,,,,,,,,,,,,,,,,,,,,
dispatch,423.33333333333337,AGV_02,TOTE_0801,station_2,KIT_0002_01,"{'PART_01': 10, 'PART_02': 20, 'PART_07': 5}",2880.0,0.24807249726414668,0.22519841269841273,0.021756944444444447,0.001117140121289499,0.0,0.2358974358974359,0.6,0.3,0.1,0.03,0.1,0.2,0.1,0.006,2.0,1200.0,0.12525375476874442,,,,
kitting_completed,426.6666666666667,AGV_09,TOTE_0645,station_4,KIT_0004_01,,,,,,,,,,,,,,,,,,,,"{'PART_02': 20, 'PART_04': 100, 'PART_05': 15}",False,,
kitting_started,428.0,AGV_04,TOTE_0663,station_4,KIT_0004_01,,,,,,,,,,,,,,,,,,,,,,,
kitting_started,430.0,AGV_03,TOTE_0726,station_1,KIT_0001_01,,,,,,,,,,,,,,,,,,,,,,,
dispatch,432.6666666666667,AGV_10,TOTE_0753,station_4,KIT_0004_01,"{'PART_02': 20, 'PART_04': 100, 'PART_05': 15}",2880.0,0.250013044161559,0.22575396825396826,0.016833333333333332,0.007425742574257425,0.0,0.3076923076923077,0.6,0.3,0.1,0.03,0.1,0.2,0.1,0.006,2.0,1200.0,0.11923859572770462,,,,
kitting_completed,436.0,AGV_07,TOTE_0732,station_3,KIT_0003_01,,,,,,,,,,,,,,,,,,,,"{'PART_01': 10, 'PART_03': 50, 'PART_05': 15}",False,,
kitting_started,437.3333333333333,AGV_05,TOTE_0552,station_3,KIT_0003_01,,,,,,,,,,,,,,,,,,,,,,,
dispatch,437.99999999999994,AGV_06,TOTE_0570,station_3,KIT_0003_01,"{'PART_01': 10, 'PART_05': 15, 'PART_08': 12}",2880.0,0.25107634450077143,0.2260714285714286,0.023490384615384614,0.001514531313958248,0.0,0.2358974358974359,0.6,0.3,0.1,0.03,0.1,0.2,0.1,0.006,2.0,1200.0,0.12705606311071926,,,,
kitting_completed,450.6666666666666,AGV_08,TOTE_0783,station_2,KIT_0002_01,,,,,,,,,,,,,,,,,,,,"{'PART_01': 10, 'PART_02': 20, 'PART_04': 100}",False,,
dispatch,450.6666666666666,AGV_09,TOTE_0819,station_2,KIT_0002_01,"{'PART_01': 10, 'PART_02': 20, 'PART_07': 5}",2880.0,0.2494690468505026,0.22682539682539682,0.021513888888888888,0.0011297611362169142,0.0,0.26153846153846155,0.6,0.3,0.1,0.03,0.1,0.2,0.1,0.006,2.0,1200.0,0.1235275819564554,,,,
kitting_started,451.9999999999999,AGV_02,TOTE_0801,station_2,KIT_0002_01,,,,,,,,,,,,,,,,,,,,,,,
kitting_completed,458.0,AGV_04,TOTE_0663,station_4,KIT_0004_01,,,,,,,,,,,,,,,,,,,,"{'PART_02': 20, 'PART_04': 100, 'PART_05': 15}",False,,
dispatch,458.0,AGV_07,TOTE_0771,station_4,KIT_0004_01,"{'PART_02': 20, 'PART_04': 100, 'PART_05': 15}",2880.0,0.25086662846956964,0.22726190476190478,0.015583333333333331,0.008021390374331552,0.0,0.2564102564102564,0.6,0.3,0.1,0.03,0.1,0.2,0.1,0.006,2.0,1200.0,0.12487895144071615,,,,
kitting_completed,460.0,AGV_03,TOTE_0726,station_1,KIT_0001_01,,,,,,,,,,,,,,,,,,,,"{'PART_01': 10, 'PART_02': 20, 'PART_03': 50}",False,,
kitting_started,461.3333333333333,AGV_01,TOTE_0564,station_1,KIT_0001_01,,,,,,,,,,,,,,,,,,,,,,,
kitting_started,462.6666666666667,AGV_10,TOTE_0753,station_4,KIT_0004_01,,,,,,,,,,,,,,,,,,,,,,,
kitting_completed,467.3333333333333,AGV_05,TOTE_0552,station_3,KIT_0003_01,,,,,,,,,,,,,,,,,,,,"{'PART_01': 10, 'PART_05': 15, 'PART_08': 12}",False,,
kitting_started,468.66666666666663,AGV_06,TOTE_0570,station_3,KIT_0003_01,,,,,,,,,,,,,,,,,,,,,,,
dispatch,469.33333333333326,AGV_08,TOTE_0588,station_3,KIT_0003_01,"{'PART_01': 10, 'PART_05': 15, 'PART_08': 12}",2880.0,0.2526089454325115,0.22793650793650794,0.023134615384615385,0.0015378221113881963,0.0,0.2358974358974359,0.6,0.3,0.1,0.03,0.1,0.2,0.1,0.006,2.0,1200.0,0.1279756236697633,,,,
dispatch,478.0,AGV_04,TOTE_0582,station_1,KIT_0001_01,"{'PART_01': 10, 'PART_02': 20, 'PART_06': 30}",2880.0,0.2536688267242682,0.22845238095238096,0.022136363636363635,0.003080082135523614,0.0,0.3076923076923077,0.6,0.3,0.1,0.03,0.1,0.2,0.1,0.006,2.0,1200.0,0.12143206526533015,,,,
kitting_completed,481.9999999999999,AGV_02,TOTE_0801,station_2,KIT_0002_01,,,,,,,,,,,,,,,,,,,,"{'PART_01': 10, 'PART_02': 20, 'PART_07': 5}",False,,
dispatch,481.9999999999999,AGV_03,TOTE_0600,station_2,KIT_0002_01,"{'PART_01': 10, 'PART_02': 20, 'PART_04': 100, 'PART_07': 5}",2880.0,0.25436875320647356,0.2286904761904762,0.021270833333333333,0.004407443682664055,0.0,0.2512820512820513,0.6,0.3,0.1,0.03,0.1,0.2,0.1,0.006,2.0,1200.0,0.127493046795679,,,,
kitting_started,483.3333333333332,AGV_09,TOTE_0819,station_2,KIT_0002_01,,,,,,,,,,,,,,,,,,,,,,,
kitting_completed,491.3333333333333,AGV_01,TOTE_0564,station_1,KIT_0001_01,,,,,,,,,,,,,,,,,,,,"{'PART_01': 10, 'PART_02': 20, 'PART_06': 30}",False,,
dispatch,491.3333333333333,AGV_05,TOTE_0744,station_1,KIT_0001_01,"{'PART_01': 10, 'PART_02': 20}",2880.0,0.2522895602514247,0.22924603174603175,0.021454545454545452,0.0015889830508474577,0.0,0.28205128205128205,0.6,0.3,0.1,0.03,0.1,0.2,0.1,0.006,2.0,1200.0,0.12316860794572661,,,,
kitting_completed,492.6666666666667,AGV_10,TOTE_0753,station_4,KIT_0004_01,,,,,,,,,,,,,,,,,,,,"{'PART_02': 20, 'PART_04': 100, 'PART_05': 15}",False,,
kitting_started,494.0,AGV_07,TOTE_0771,station_4,KIT_0004_01,,,,,,,,,,,,,,,,,,,,,,,
kitting_completed,498.66666666666663,AGV_06,TOTE_0570,station_3,KIT_0003_01,,,,,,,,,,,,,,,,,,,,"{'PART_01': 10, 'PART_05': 15, 'PART_08': 12}",False,,
kitting_started,499.99999999999994,AGV_08,TOTE_0588,station_3,KIT_0003_01,,,,,,,,,,,,,,,,,,,,,,,
dispatch,500.6666666666666,AGV_02,TOTE_0750,station_3,KIT_0003_01,"{'PART_01': 10, 'PART_05': 15}",2880.0,0.25363573104935494,0.2298015873015873,0.022778846153846153,0.0010552975939214857,0.0,0.2358974358974359,0.6,0.3,0.1,0.03,0.1,0.2,0.1,0.006,2.0,1200.0,0.12859169503986936,,,,
kitting_started,508.0,AGV_04,TOTE_0582,station_1,KIT_0001_01,,,,,,,,,,,,,,,,,,,,,,,
dispatch,511.3333333333333,AGV_01,TOTE_0789,station_4,KIT_0004_01,"{'PART_02': 20, 'PART_04': 100, 'PART_05': 15}",2880.0,0.2534907715023994,0.23043650793650794,0.014333333333333332,0.00872093023255814,0.0,0.3076923076923077,0.6,0.3,0.1,0.03,0.1,0.2,0.1,0.006,2.0,1200.0,0.12132523213220886,,,,
kitting_completed,513.3333333333333,AGV_09,TOTE_0819,station_2,KIT_0002_01,,,,,,,,,,,,,,,,,,,,"{'PART_01': 10, 'PART_02': 20, 'PART_07': 5}",False,,
dispatch,513.3333333333333,AGV_10,TOTE_0567,station_2,KIT_0002_01,"{'PART_01': 10, 'PART_02': 20}",2880.0,0.2519134790528233,0.23055555555555557,0.020333333333333335,0.0010245901639344263,0.0,0.26153846153846155,0.6,0.3,0.1,0.03,0.1,0.2,0.1,0.006,2.0,1200.0,0.12499424127784782,,,,
kitting_started,514.6666666666666,AGV_03,TOTE_0600,station_2,KIT_0002_01,,,,,,,,,,,,,,,,,,,,,,,
kitting_completed,524.0,AGV_07,TOTE_0771,station_4,KIT_0004_01,,,,,,,,,,,,,,,,,,,,"{'PART_02': 20, 'PART_04': 100, 'PART_05': 15}",False,,
dispatch,524.0,AGV_06,TOTE_0105,station_4,KIT_0004_01,{'PART_02': 100},2880.0,0.25135095035891214,0.2311904761904762,0.013083333333333332,0.007077140835102619,0.0,0.2564102564102564,0.6,0.3,0.1,0.03,0.1,0.2,0.1,0.006,2.0,1200.0,0.12516954457432164,,,,
kitting_completed,530.0,AGV_08,TOTE_0588,station_3,KIT_0003_01,,,,,,,,,,,,,,,,,,,,"{'PART_01': 10, 'PART_05': 15, 'PART_08': 12}",False,,
kitting_started,531.3333333333334,AGV_02,TOTE_0750,station_3,KIT_0003_01,,,,,,,,,,,,,,,,,,,,,,,
dispatch,531.9999999999999,AGV_09,TOTE_0768,station_3,KIT_0003_01,"{'PART_01': 10, 'PART_05': 15}",2880.0,0.2552716811061521,0.2316666666666667,0.02253846153846154,0.0010665529010238908,0.0,0.2358974358974359,0.6,0.3,0.1,0.03,0.1,0.2,0.1,0.006,2.0,1200.0,0.12957326507394767,,,,
kitting_completed,538.0,AGV_04,TOTE_0582,station_1,KIT_0001_01,,,,,,,,,,,,,,,,,,,,"{'PART_01': 10, 'PART_02': 20, 'PART_06': 30}",False,,
kitting_started,539.3333333333334,AGV_05,TOTE_0744,station_1,KIT_0001_01,,,,,,,,,,,,,,,,,,,,,,,
kitting_started,541.3333333333333,AGV_01,TOTE_0789,station_4,KIT_0004_01,,,,,,,,,,,,,,,,,,,,,,,
dispatch,544.0,AGV_07,TOTE_0561,station_1,KIT_0001_01,"{'PART_01': 10, 'PART_02': 20, 'PART_03': 50, 'PART_06': 30}",2880.0,0.2594149332009935,0.2323809523809524,0.021113636363636366,0.005920344456404737,0.0,0.3333333333333333,0.6,0.3,0.1,0.03,0.1,0.2,0.1,0.006,2.0,1200.0,0.12231562658726278,,,,
kitting_completed,551.3333333333334,AGV_02,TOTE_0750,station_3,KIT_0003_01,,,,,,,,,,,,,,,,,,,,"{'PART_01': 10, 'PART_05': 15}",False,,
dispatch,551.3333333333334,AGV_08,TOTE_0786,station_3,KIT_0003_01,"{'PART_01': 10, 'PART_05': 15}",2880.0,0.25619358812453896,0.23281746031746034,0.022298076923076924,0.001078050884001725,0.0,0.21025641025641026,0.6,0.3,0.1,0.03,0.1,0.2,0.1,0.006,2.0,1200.0,0.13269051184908234,,,,
kitting_started,554.0,AGV_09,TOTE_0768,station_3,KIT_0003_01,,,,,,,,,,,,,,,,,,,,,,,
kitting_completed,554.6666666666666,AGV_03,TOTE_0600,station_2,KIT_0002_01,,,,,,,,,,,,,,,,,,,,"{'PART_01': 10, 'PART_02': 20, 'PART_04': 100, 'PART_07': 5}",False,,
kitting_started,556.0,AGV_10,TOTE_0567,station_2,KIT_0002_01,,,,,,,,,,,,,,,,,,,,,,,
dispatch,558.0,AGV_04,TOTE_0762,station_2,KIT_0002_01,"{'PART_01': 10, 'PART_02': 20, 'PART_04': 100}",2880.0,0.257825138026225,0.23321428571428574,0.020125,0.004485852311939269,0.0,0.2512820512820513,0.6,0.3,0.1,0.03,0.1,0.2,0.1,0.006,2.0,1200.0,0.12956687768752986,,,,
kitting_completed,559.3333333333334,AGV_05,TOTE_0744,station_1,KIT_0001_01,,,,,,,,,,,,,,,,,,,,"{'PART_01': 10, 'PART_02': 20}",False,,
dispatch,570.0,AGV_02,TOTE_0579,station_1,KIT_0001_01,"{'PART_01': 10, 'PART_02': 20, 'PART_03': 50, 'PART_06': 30}",2880.0,0.2600851139706975,0.23392857142857143,0.01986363636363636,0.006292906178489703,0.0,0.3076923076923077,0.6,0.3,0.1,0.03,0.1,0.2,0.1,0.006,2.0,1200.0,0.12528183761318773,,,,
kitting_completed,571.3333333333333,AGV_01,TOTE_0789,station_4,KIT_0004_01,,,,,,,,,,,,,,,,,,,,"{'PART_02': 20, 'PART_04': 100, 'PART_05': 15}",False,,
kitting_started,572.6666666666666,AGV_06,TOTE_0105,station_4,KIT_0004_01,,,,,,,,,,,,,,,,,,,,,,,
kitting_completed,574.0,AGV_09,TOTE_0768,station_3,KIT_0003_01,,,,,,,,,,,,,,,,,,,,"{'PART_01': 10, 'PART_05': 15}",False,,
kitting_started,575.3333333333334,AGV_08,TOTE_0786,station_3,KIT_0003_01,,,,,,,,,,,,,,,,,,,,,,,
kitting_completed,576.0,AGV_10,TOTE_0567,station_2,KIT_0002_01,,,,,,,,,,,,,,,,,,,,"{'PART_01': 10, 'PART_02': 20}",False,,
dispatch,576.0,AGV_03,TOTE_0780,station_2,KIT_0002_01,"{'PART_01': 10, 'PART_02': 20, 'PART_04': 100}",2880.0,0.258204468299844,0.2342857142857143,0.01922222222222222,0.004696531791907515,0.0,0.2512820512820513,0.6,0.3,0.1,0.03,0.1,0.2,0.1,0.006,2.0,1200.0,0.12979447585170126,,,,
kitting_started,577.3333333333334,AGV_07,TOTE_0561,station_1,KIT_0001_01,,,,,,,,,,,,,,,,,,,,,,,
kitting_started,579.3333333333334,AGV_04,TOTE_0762,station_2,KIT_0002_01,,,,,,,,,,,,,,,,,,,,,,,
dispatch,579.3333333333334,AGV_05,TOTE_0804,station_3,KIT_0003_01,"{'PART_01': 10, 'PART_05': 15}",2880.0,0.25763161876871554,0.234484126984127,0.02205769230769231,0.0010897994768962512,0.0,0.26153846153846155,0.6,0.3,0.1,0.03,0.1,0.2,0.1,0.006,2.0,1200.0,0.12842512510738316,,,,
dispatch,591.3333333333333,AGV_01,TOTE_0648,station_4,KIT_0004_01,"{'PART_04': 100, 'PART_05': 15}",2880.0,0.25611438827032884,0.2351984126984127,0.012157407407407407,0.008758568164508759,0.0,0.2564102564102564,0.6,0.3,0.1,0.03,0.1,0.2,0.1,0.006,2.0,1200.0,0.12802760732117166,,,,
kitting_completed,595.3333333333334,AGV_08,TOTE_0786,station_3,KIT_0003_01,,,,,,,,,,,,,,,,,,,,"{'PART_01': 10, 'PART_05': 15}",False,,
dispatch,595.3333333333334,AGV_09,TOTE_0822,station_3,KIT_0003_01,"{'PART_01': 10, 'PART_05': 15}",2880.0,0.25835562259223566,0.23543650793650794,0.021817307692307695,0.0011018069634200088,0.0,0.21025641025641026,0.6,0.3,0.1,0.03,0.1,0.2,0.1,0.006,2.0,1200.0,0.13398773252970037,,,,
kitting_started,604.6666666666667,AGV_05,TOTE_0804,station_3,KIT_0003_01,,,,,,,,,,,,,,,,,,,,,,,
kitting_completed,609.3333333333334,AGV_04,TOTE_0762,station_2,KIT_0002_01,,,,,,,,,,,,,,,,,,,,"{'PART_01': 10, 'PART_02': 20, 'PART_04': 100}",False,,
dispatch,609.3333333333334,AGV_10,TOTE_0585,station_2,KIT_0002_01,"{'PART_01': 10, 'PART_02': 20}",2880.0,0.25572651088486953,0.2362698412698413,0.018319444444444444,0.0011372251705837756,0.0,0.21025641025641026,0.6,0.3,0.1,0.03,0.1,0.2,0.1,0.006,2.0,1200.0,0.13241026550528068,,,,
kitting_started,610.6666666666667,AGV_03,TOTE_0780,station_2,KIT_0002_01,,,,,,,,,,,,,,,,,,,,,,,
kitting_completed,617.3333333333334,AGV_07,TOTE_0561,station_1,KIT_0001_01,,,,,,,,,,,,,,,,,,,,"{'PART_01': 10, 'PART_02': 20, 'PART_03': 50, 'PART_06': 30}",False,,
dispatch,617.3333333333334,AGV_08,TOTE_0798,station_1,KIT_0001_01,"{'PART_01': 10, 'PART_02': 20}",2880.0,0.25719116994117,0.23674603174603176,0.018613636363636363,0.0018315018315018317,0.0,0.28205128205128205,0.6,0.3,0.1,0.03,0.1,0.2,0.1,0.006,2.0,1200.0,0.12610957375957377,,,,
kitting_started,618.6666666666667,AGV_02,TOTE_0579,station_1,KIT_0001_01,,,,,,,,,,,,,,,,,,,,,,,
kitting_completed,622.6666666666666,AGV_06,TOTE_0105,station_4,KIT_0004_01,,,,,,,,,,,,,,,,,,,,{'PART_02': 100},False,,
kitting_started,624.0,AGV_01,TOTE_0648,station_4,KIT_0004_01,,,,,,,,,,,,,,,,,,,,,,,
kitting_completed,624.6666666666667,AGV_05,TOTE_0804,station_3,KIT_0003_01,,,,,,,,,,,,,,,,,,,,"{'PART_01': 10, 'PART_05': 15}",False,,
kitting_started,626.0000000000001,AGV_09,TOTE_0822,station_3,KIT_0003_01,,,,,,,,,,,,,,,,,,,,,,,
dispatch,630.6666666666667,AGV_04,TOTE_0840,station_3,KIT_0003_01,"{'PART_01': 10, 'PART_05': 15}",2880.0,0.2602306876130406,0.23753968253968255,0.021576923076923077,0.0011140819964349377,0.0,0.26153846153846155,0.6,0.3,0.1,0.03,0.1,0.2,0.1,0.006,2.0,1200.0,0.12998456641397818,,,,
dispatch,637.3333333333334,AGV_07,TOTE_0756,station_4,KIT_0004_01,"{'PART_04': 100, 'PART_05': 15}",2880.0,0.25862843274946784,0.23793650793650795,0.011092592592592593,0.00959933222036728,0.0,0.358974358974359,0.6,0.3,0.1,0.03,0.1,0.2,0.1,0.006,2.0,1200.0,0.1192796237522448,,,,
kitting_completed,640.6666666666667,AGV_03,TOTE_0780,station_2,KIT_0002_01,,,,,,,,,,,,,,,,,,,,"{'PART_01': 10, 'PART_02': 20, 'PART_04': 100}",False,,
kitting_started,642.0000000000001,AGV_10,TOTE_0585,station_2,KIT_0002_01,,,,,,,,,,,,,,,,,,,,,,,
dispatch,642.6666666666666,AGV_06,TOTE_0675,station_2,KIT_0002_01,"{'PART_01': 10, 'PART_02': 20}",2880.0,0.2575153861135457,0.23825396825396827,0.01811111111111111,0.0011503067484662577,0.0,0.26153846153846155,0.6,0.3,0.1,0.03,0.1,0.2,0.1,0.006,2.0,1200.0,0.12835538551428124,,,,
kitting_completed,644.0,AGV_01,TOTE_0648,station_4,KIT_0004_01,,,,,,,,,,,,,,,,,,,,"{'PART_04': 100, 'PART_05': 15}",False,,
dispatch,644.0,AGV_05,TOTE_0774,station_4,KIT_0004_01,"{'PART_04': 100, 'PART_05': 15}",2880.0,0.2589797630040012,0.23833333333333334,0.010027777777777778,0.010618651892890121,0.0,0.28205128205128205,0.6,0.3,0.1,0.03,0.1,0.2,0.1,0.006,2.0,1200.0,0.1271827295972725,,,,
kitting_completed,646.0000000000001,AGV_09,TOTE_0822,station_3,KIT_0003_01,,,,,,,,,,,,,,,,,,,,"{'PART_01': 10, 'PART_05': 15}",False,,
kitting_started,656.0000000000001,AGV_04,TOTE_0840,station_3,KIT_0003_01,,,,,,,,,,,,,,,,,,,,,,,
kitting_completed,658.6666666666667,AGV_02,TOTE_0579,station_1,KIT_0001_01,,,,,,,,,,,,,,,,,,,,"{'PART_01': 10, 'PART_02': 20, 'PART_03': 50, 'PART_06': 30}",False,,
kitting_started,660.0000000000001,AGV_08,TOTE_0798,station_1,KIT_0001_01,,,,,,,,,,,,,,,,,,,,,,,
kitting_completed,662.0000000000001,AGV_10,TOTE_0585,station_2,KIT_0002_01,,,,,,,,,,,,,,,,,,,,"{'PART_01': 10, 'PART_02': 20}",False,,
dispatch,662.0000000000001,AGV_03,TOTE_0816,station_1,KIT_0001_01,"{'PART_01': 10, 'PART_02': 20}",2880.0,0.25954316081928025,0.23940476190476193,0.018272727272727274,0.0018656716417910447,0.0,0.23076923076923078,0.6,0.3,0.1,0.03,0.1,0.2,0.1,0.006,2.0,1200.0,0.13264897341464507,,,,
dispatch,664.0,AGV_01,TOTE_0573,station_3,KIT_0003_01,"{'PART_01': 10, 'PART_03': 50, 'PART_05': 15, 'PART_08': 12}",2880.0,0.2647810329785882,0.23952380952380953,0.021336538461538462,0.003920684993240198,0.0,0.27692307692307694,0.6,0.3,0.1,0.03,0.1,0.2,0.1,0.006,2.0,1200.0,0.1311763120948452,,,,
dispatch,664.6666666666667,AGV_09,TOTE_0693,station_2,KIT_0002_01,"{'PART_01': 10, 'PART_02': 20}",2880.0,0.2586299626263746,0.2395634920634921,0.017902777777777774,0.0011636927851047323,0.0,0.2358974358974359,0.6,0.3,0.1,0.03,0.1,0.2,0.1,0.006,2.0,1200.0,0.1315882339860812,,,,
kitting_started,668.0,AGV_06,TOTE_0675,station_2,KIT_0002_01,,,,,,,,,,,,,,,,,,,,,,,
kitting_started,670.6666666666666,AGV_05,TOTE_0774,station_4,KIT_0004_01,,,,,,,,,,,,,,,,,,,,,,,
kitting_completed,676.0000000000001,AGV_04,TOTE_0840,station_3,KIT_0003_01,,,,,,,,,,,,,,,,,,,,"{'PART_01': 10, 'PART_05': 15}",False,,
dispatch,678.6666666666667,AGV_02,TOTE_0858,station_3,KIT_0003_01,"{'PART_01': 10, 'PART_05': 15}",2880.0,0.26206943327675036,0.24039682539682541,0.0205,0.0011726078799249532,0.0,0.28717948717948716,0.6,0.3,0.1,0.03,0.1,0.2,0.1,0.006,2.0,1200.0,0.1285237112481015,,,,
kitting_completed,680.0000000000001,AGV_08,TOTE_0798,station_1,KIT_0001_01,,,,,,,,,,,,,,,,,,,,"{'PART_01': 10, 'PART_02': 20}",False,,
dispatch,680.6666666666667,AGV_10,TOTE_0834,station_1,KIT_0001_01,"{'PART_01': 10, 'PART_02': 20}",2880.0,0.2603488318821019,0.24051587301587304,0.01793181818181818,0.0019011406844106464,0.0,0.2564102564102564,0.6,0.3,0.1,0.03,0.1,0.2,0.1,0.006,2.0,1200.0,0.1305682734882355,,,,
kitting_started,682.0000000000001,AGV_03,TOTE_0816,station_1,KIT_0001_01,,,,,,,,,,,,,,,,,,,,,,,
kitting_completed,688.0,AGV_06,TOTE_0675,station_2,KIT_0002_01,,,,,,,,,,,,,,,,,,,,"{'PART_01': 10, 'PART_02': 20}",False,,
kitting_started,688.6666666666667,AGV_01,TOTE_0573,station_3,KIT_0003_01,,,,,,,,,,,,,,,,,,,,,,,
kitting_started,689.3333333333334,AGV_09,TOTE_0693,station_2,KIT_0002_01,,,,,,,,,,,,,,,,,,,,,,,
kitting_completed,690.6666666666666,AGV_05,TOTE_0774,station_4,KIT_0004_01,,,,,,,,,,,,,,,,,,,,"{'PART_04': 100, 'PART_05': 15}",False,,
kitting_started,692.0,AGV_07,TOTE_0756,station_4,KIT_0004_01,,,,,,,,,,,,,,,,,,,,,,,
dispatch,694.6666666666667,AGV_04,TOTE_0711,station_2,KIT_0002_01,"{'PART_01': 10, 'PART_02': 20}",2880.0,0.2602210448281877,0.24134920634920637,0.017694444444444443,0.0011773940345368918,0.0,0.2358974358974359,0.6,0.3,0.1,0.03,0.1,0.2,0.1,0.006,2.0,1200.0,0.13254288330716904,,,,
dispatch,700.0000000000001,AGV_08,TOTE_0792,station_4,KIT_0004_01,"{'PART_04': 100, 'PART_05': 15}",2880.0,0.2625097949188858,0.2416666666666667,0.00896296296296296,0.0118801652892562,0.0,0.3333333333333333,0.6,0.3,0.1,0.03,0.1,0.2,0.1,0.006,2.0,1200.0,0.12417254361799815,,,,
kitting_completed,702.0000000000001,AGV_03,TOTE_0816,station_1,KIT_0001_01,,,,,,,,,,,,,,,,,,,,"{'PART_01': 10, 'PART_02': 20}",False,,
kitting_started,704.0000000000001,AGV_10,TOTE_0834,station_1,KIT_0001_01,,,,,,,,,,,,,,,,,,,,,,,
dispatch,706.6666666666666,AGV_06,TOTE_0852,station_1,KIT_0001_01,"{'PART_01': 10, 'PART_02': 20}",2880.0,0.2615923856505252,0.2420634920634921,0.01759090909090909,0.001937984496124031,0.0,0.2564102564102564,0.6,0.3,0.1,0.03,0.1,0.2,0.1,0.006,2.0,1200.0,0.1313144057492895,,,,
kitting_completed,709.3333333333334,AGV_09,TOTE_0693,station_2,KIT_0002_01,,,,,,,,,,,,,,,,,,,,"{'PART_01': 10, 'PART_02': 20}",False,,
dispatch,710.6666666666666,AGV_05,TOTE_0009,station_2,KIT_0002_01,{'PART_01': 60},2880.0,0.2621705419393069,0.24230158730158732,0.017486111111111112,0.0023828435266084196,0.0,0.28717948717948716,0.6,0.3,0.1,0.03,0.1,0.2,0.1,0.006,2.0,1200.0,0.12858437644563542,,,,
kitting_completed,712.0,AGV_07,TOTE_0756,station_4,KIT_0004_01,,,,,,,,,,,,,,,,,,,,"{'PART_04': 100, 'PART_05': 15}",False,,
kitting_started,716.6666666666669,AGV_04,TOTE_0711,station_2,KIT_0002_01,,,,,,,,,,,,,,,,,,,,,,,
dispatch,722.0000000000001,AGV_03,TOTE_0681,station_4,KIT_0004_01,"{'PART_05': 15, 'PART_09': 40}",2880.0,0.25732216980839495,0.2429761904761905,0.007898148148148149,0.006447831184056271,0.0,0.3076923076923077,0.6,0.3,0.1,0.03,0.1,0.2,0.1,0.006,2.0,1200.0,0.1236240711158062,,,,
kitting_completed,724.0000000000001,AGV_10,TOTE_0834,station_1,KIT_0001_01,,,,,,,,,,,,,,,,,,,,"{'PART_01': 10, 'PART_02': 20}",False,,
dispatch,728.0,AGV_09,TOTE_0870,station_1,KIT_0001_01,"{'PART_01': 10, 'PART_02': 20}",2880.0,0.26255961791831356,0.24333333333333335,0.017249999999999998,0.0019762845849802375,0.0,0.2564102564102564,0.6,0.3,0.1,0.03,0.1,0.2,0.1,0.006,2.0,1200.0,0.1318947451099625,,,,
kitting_completed,728.6666666666667,AGV_01,TOTE_0573,station_3,KIT_0003_01,,,,,,,,,,,,,,,,,,,,"{'PART_01': 10, 'PART_03': 50, 'PART_05': 15, 'PART_08': 12}",False,,
kitting_started,730.0,AGV_06,TOTE_0852,station_1,KIT_0001_01,,,,,,,,,,,,,,,,,,,,,,,
kitting_started,730.0000000000001,AGV_02,TOTE_0858,station_3,KIT_0003_01,,,,,,,,,,,,,,,,,,,,,,,
dispatch,732.0,AGV_07,TOTE_0591,station_3,KIT_0003_01,"{'PART_01': 10, 'PART_03': 50, 'PART_05': 15, 'PART_08': 12}",2880.0,0.26796013745390823,0.24357142857142858,0.020259615384615386,0.004129093497864262,0.0,0.27692307692307694,0.6,0.3,0.1,0.03,0.1,0.2,0.1,0.006,2.0,1200.0,0.13308377478003725,,,,
kitting_started,733.3333333333335,AGV_08,TOTE_0792,station_4,KIT_0004_01,,,,,,,,,,,,,,,,,,,,,,,
kitting_completed,736.6666666666669,AGV_04,TOTE_0711,station_2,KIT_0002_01,,,,,,,,,,,,,,,,,,,,"{'PART_01': 10, 'PART_02': 20}",False,,
kitting_started,739.3333333333334,AGV_05,TOTE_0009,station_2,KIT_0002_01,,,,,,,,,,,,,,,,,,,,,,,
dispatch,744.0000000000001,AGV_10,TOTE_0564,station_2,KIT_0002_01,{'PART_04': 100},2880.0,0.265423506980769,0.2442857142857143,0.017069444444444446,0.0040683482506102524,0.0,0.2512820512820513,0.6,0.3,0.1,0.03,0.1,0.2,0.1,0.006,2.0,1200.0,0.13412589906025627,,,,
kitting_completed,750.0,AGV_06,TOTE_0852,station_1,KIT_0001_01,,,,,,,,,,,,,,,,,,,,"{'PART_01': 10, 'PART_02': 20}",False,,
kitting_completed,750.0000000000001,AGV_02,TOTE_0858,station_3,KIT_0003_01,,,,,,,,,,,,,,,,,,,,"{'PART_01': 10, 'PART_05': 15}",False,,
dispatch,750.0000000000001,AGV_01,TOTE_0840,station_3,KIT_0003_01,"{'PART_01': 10, 'PART_05': 15}",2880.0,0.26530355782831033,0.24464285714285716,0.01942307692307692,0.0012376237623762379,0.0,0.2358974358974359,0.6,0.3,0.1,0.03,0.1,0.2,0.1,0.006,2.0,1200.0,0.1355923911072426,,,,
kitting_started,751.3333333333334,AGV_09,TOTE_0870,station_1,KIT_0001_01,,,,,,,,,,,,,,,,,,,,,,,
kitting_completed,753.3333333333335,AGV_08,TOTE_0792,station_4,KIT_0004_01,,,,,,,,,,,,,,,,,,,,"{'PART_04': 100, 'PART_05': 15}",False,,
kitting_started,754.6666666666669,AGV_03,TOTE_0681,station_4,KIT_0004_01,,,,,,,,,,,,,,,,,,,,,,,
dispatch,755.3333333333335,AGV_04,TOTE_0834,station_1,KIT_0001_01,"{'PART_01': 10, 'PART_02': 20}",2880.0,0.2638855374016665,0.2449603174603175,0.016909090909090912,0.0020161290322580645,0.0,0.2564102564102564,0.6,0.3,0.1,0.03,0.1,0.2,0.1,0.006,2.0,1200.0,0.13269029679997424,,,,
kitting_started,756.6666666666667,AGV_07,TOTE_0591,station_3,KIT_0003_01,,,,,,,,,,,,,,,,,,,,,,,
dispatch,768.6666666666667,AGV_02,TOTE_0699,station_4,KIT_0004_01,"{'PART_05': 15, 'PART_09': 40}",2880.0,0.2600350877192983,0.24575396825396828,0.00738888888888889,0.006892230576441102,0.0,0.2564102564102564,0.6,0.3,0.1,0.03,0.1,0.2,0.1,0.006,2.0,1200.0,0.13038002699055334,,,,
kitting_completed,771.3333333333334,AGV_09,TOTE_0870,station_1,KIT_0001_01,,,,,,,,,,,,,,,,,,,,"{'PART_01': 10, 'PART_02': 20}",False,,
dispatch,771.3333333333334,AGV_06,TOTE_0852,station_1,KIT_0001_01,"{'PART_01': 10, 'PART_02': 20}",2880.0,0.2645384933996045,0.24591269841269842,0.016568181818181815,0.00205761316872428,0.0,0.23076923076923078,0.6,0.3,0.1,0.03,0.1,0.2,0.1,0.006,2.0,1200.0,0.13564617296283962,,,,
kitting_completed,774.6666666666669,AGV_03,TOTE_0681,station_4,KIT_0004_01,,,,,,,,,,,,,,,,,,,,"{'PART_05': 15, 'PART_09': 40}",False,,
dispatch,774.6666666666669,AGV_08,TOTE_0684,station_4,KIT_0004_01,"{'PART_05': 15, 'PART_09': 40}",2880.0,0.26039316335177715,0.24611111111111114,0.006879629629629629,0.00740242261103634,0.0,0.23076923076923078,0.6,0.3,0.1,0.03,0.1,0.2,0.1,0.006,2.0,1200.0,0.1331589749341432,,,,
kitting_started,778.6666666666669,AGV_04,TOTE_0834,station_1,KIT_0001_01,,,,,,,,,,,,,,,,,,,,,,,
kitting_started,792.0000000000001,AGV_02,TOTE_0699,station_4,KIT_0004_01,,,,,,,,,,,,,,,,,,,,,,,
kitting_completed,796.6666666666667,AGV_07,TOTE_0591,station_3,KIT_0003_01,,,,,,,,,,,,,,,,,,,,"{'PART_01': 10, 'PART_03': 50, 'PART_05': 15, 'PART_08': 12}",False,,
dispatch,796.6666666666667,AGV_03,TOTE_0858,station_3,KIT_0003_01,"{'PART_01': 10, 'PART_05': 15}",2880.0,0.2678564600604074,0.24742063492063493,0.019182692307692307,0.0012531328320802004,0.0,0.2358974358974359,0.6,0.3,0.1,0.03,0.1,0.2,0.1,0.006,2.0,1200.0,0.13712413244650087,,,,
kitting_started,798.0000000000001,AGV_01,TOTE_0840,station_3,KIT_0003_01,,,,,,,,,,,,,,,,,,,,,,,
kitting_completed,798.6666666666669,AGV_04,TOTE_0834,station_1,KIT_0001_01,,,,,,,,,,,,,,,,,,,,"{'PART_01': 10, 'PART_02': 20}",False,,
dispatch,798.6666666666669,AGV_09,TOTE_0870,station_1,KIT_0001_01,"{'PART_01': 10, 'PART_02': 20}",2880.0,0.2658677956030897,0.24753968253968256,0.016227272727272726,0.002100840336134454,0.0,0.23076923076923078,0.6,0.3,0.1,0.03,0.1,0.2,0.1,0.006,2.0,1200.0,0.13644375428493075,,,,
kitting_completed,799.3333333333334,AGV_05,TOTE_0009,station_2,KIT_0002_01,,,,,,,,,,,,,,,,,,,,{'PART_01': 60},False,,
kitting_started,800.0000000000002,AGV_06,TOTE_0852,station_1,KIT_0001_01,,,,,,,,,,,,,,,,,,,,,,,
kitting_started,800.6666666666667,AGV_10,TOTE_0564,station_2,KIT_0002_01,,,,,,,,,,,,,,,,,,,,,,,
kitting_completed,810.6666666666667,AGV_10,TOTE_0564,station_2,KIT_0002_01,,,,,,,,,,,,,,,,,,,,{'PART_04': 100},False,,
kitting_completed,812.0000000000001,AGV_02,TOTE_0699,station_4,KIT_0004_01,,,,,,,,,,,,,,,,,,,,"{'PART_05': 15, 'PART_09': 40}",False,,
kitting_started,813.3333333333335,AGV_08,TOTE_0684,station_4,KIT_0004_01,,,,,,,,,,,,,,,,,,,,,,,
dispatch,818.0,AGV_05,TOTE_0729,station_2,KIT_0002_01,{'PART_02': 20},2880.0,0.2659136526111717,0.2486904761904762,0.016375,0.0008481764206955047,0.0,0.21025641025641026,0.6,0.3,0.1,0.03,0.1,0.2,0.1,0.006,2.0,1200.0,0.138522550541062,,,,
kitting_completed,818.0000000000001,AGV_01,TOTE_0840,station_3,KIT_0003_01,,,,,,,,,,,,,,,,,,,,"{'PART_01': 10, 'PART_05': 15}",False,,
dispatch,818.0000000000001,AGV_07,TOTE_0717,station_3,KIT_0003_01,"{'PART_01': 10, 'PART_03': 50, 'PART_05': 15}",2880.0,0.27143989048176864,0.2486904761904762,0.018942307692307692,0.003807106598984772,0.0,0.2512820512820513,0.6,0.3,0.1,0.03,0.1,0.2,0.1,0.006,2.0,1200.0,0.13773572916085605,,,,
dispatch,818.6666666666669,AGV_04,TOTE_0582,station_2,KIT_0002_01,{'PART_04': 100},2880.0,0.26924342980705257,0.24873015873015875,0.016236111111111107,0.00427715996578272,0.0,0.2512820512820513,0.6,0.3,0.1,0.03,0.1,0.2,0.1,0.006,2.0,1200.0,0.13641785275602641,,,,
kitting_started,819.3333333333335,AGV_03,TOTE_0858,station_3,KIT_0003_01,,,,,,,,,,,,,,,,,,,,,,,
kitting_completed,820.0000000000002,AGV_06,TOTE_0852,station_1,KIT_0001_01,,,,,,,,,,,,,,,,,,,,"{'PART_01': 10, 'PART_02': 20}",False,,
kitting_started,821.3333333333336,AGV_09,TOTE_0870,station_1,KIT_0001_01,,,,,,,,,,,,,,,,,,,,,,,
dispatch,832.0000000000001,AGV_02,TOTE_0888,station_1,KIT_0001_01,{'PART_01': 10},2880.0,0.26612548074243353,0.24952380952380954,0.015886363636363636,0.000715307582260372,0.0,0.23076923076923078,0.6,0.3,0.1,0.03,0.1,0.2,0.1,0.006,2.0,1200.0,0.13659836536853703,,,,
dispatch,832.0000000000001,AGV_10,TOTE_0735,station_4,KIT_0004_01,"{'PART_05': 15, 'PART_09': 40}",2880.0,0.26388836594069154,0.24952380952380954,0.006370370370370371,0.007994186046511628,0.0,0.3076923076923077,0.6,0.3,0.1,0.03,0.1,0.2,0.1,0.006,2.0,1200.0,0.12756378879518415,,,,
kitting_completed,833.3333333333335,AGV_08,TOTE_0684,station_4,KIT_0004_01,,,,,,,,,,,,,,,,,,,,"{'PART_05': 15, 'PART_09': 40}",False,,
kitting_started,836.6666666666667,AGV_05,TOTE_0729,station_2,KIT_0002_01,,,,,,,,,,,,,,,,,,,,,,,
dispatch,836.6666666666667,AGV_01,TOTE_0807,station_4,KIT_0004_01,"{'PART_05': 15, 'PART_09': 40}",2880.0,0.2643514819829986,0.24980158730158733,0.005861111111111112,0.008688783570300158,0.0,0.2564102564102564,0.6,0.3,0.1,0.03,0.1,0.2,0.1,0.006,2.0,1200.0,0.13296986354877355,,,,
kitting_completed,839.3333333333335,AGV_03,TOTE_0858,station_3,KIT_0003_01,,,,,,,,,,,,,,,,,,,,"{'PART_01': 10, 'PART_05': 15}",False,,
dispatch,840.0000000000002,AGV_06,TOTE_0567,station_3,KIT_0003_01,"{'PART_03': 50, 'PART_05': 15, 'PART_08': 12}",2880.0,0.27228447838441244,0.25,0.01822115384615385,0.004063324538258576,0.0,0.28717948717948716,0.6,0.3,0.1,0.03,0.1,0.2,0.1,0.006,2.0,1200.0,0.13465273831269875,,,,
kitting_started,840.6666666666669,AGV_07,TOTE_0717,station_3,KIT_0003_01,,,,,,,,,,,,,,,,,,,,,,,
kitting_completed,841.3333333333336,AGV_09,TOTE_0870,station_1,KIT_0001_01,,,,,,,,,,,,,,,,,,,,"{'PART_01': 10, 'PART_02': 20}",False,,
kitting_completed,846.6666666666667,AGV_05,TOTE_0729,station_2,KIT_0002_01,,,,,,,,,,,,,,,,,,,,{'PART_02': 20},False,,
kitting_started,848.0000000000001,AGV_04,TOTE_0582,station_2,KIT_0002_01,,,,,,,,,,,,,,,,,,,,,,,
dispatch,853.3333333333335,AGV_08,TOTE_0552,station_2,KIT_0002_01,"{'PART_02': 20, 'PART_04': 100}",2880.0,0.27169724775522364,0.2507936507936508,0.015541666666666664,0.005361930294906166,0.0,0.3128205128205128,0.6,0.3,0.1,0.03,0.1,0.2,0.1,0.006,2.0,1200.0,0.1317362973710829,,,,
kitting_completed,858.0000000000001,AGV_04,TOTE_0582,station_2,KIT_0002_01,,,,,,,,,,,,,,,,,,,,{'PART_04': 100},False,,
dispatch,858.0000000000001,AGV_03,TOTE_0570,station_2,KIT_0002_01,"{'PART_02': 20, 'PART_04': 100}",2880.0,0.2714454842843653,0.2510714285714286,0.014708333333333334,0.0056657223796034,0.0,0.26153846153846155,0.6,0.3,0.1,0.03,0.1,0.2,0.1,0.006,2.0,1200.0,0.13671344441677302,,,,
kitting_started,860.0000000000001,AGV_01,TOTE_0807,station_4,KIT_0004_01,,,,,,,,,,,,,,,,,,,,,,,
dispatch,861.3333333333336,AGV_09,TOTE_0597,station_1,KIT_0001_01,"{'PART_01': 10, 'PART_02': 20, 'PART_03': 50}",2880.0,0.2728062573033755,0.2512698412698413,0.01577272727272727,0.005763688760806917,0.0,0.2564102564102564,0.6,0.3,0.1,0.03,0.1,0.2,0.1,0.006,2.0,1200.0,0.13804272874099965,,,,
kitting_started,862.0000000000001,AGV_02,TOTE_0888,station_1,KIT_0001_01,,,,,,,,,,,,,,,,,,,,,,,
kitting_completed,870.6666666666669,AGV_07,TOTE_0717,station_3,KIT_0003_01,,,,,,,,,,,,,,,,,,,,"{'PART_01': 10, 'PART_03': 50, 'PART_05': 15}",False,,
dispatch,870.6666666666669,AGV_05,TOTE_0585,station_3,KIT_0003_01,"{'PART_03': 50, 'PART_05': 15, 'PART_08': 12}",2880.0,0.2735415895985203,0.25182539682539684,0.017480769230769227,0.004235423542354236,0.0,0.26153846153846155,0.6,0.3,0.1,0.03,0.1,0.2,0.1,0.006,2.0,1200.0,0.137971107605266,,,,
kitting_completed,872.0000000000001,AGV_02,TOTE_0888,station_1,KIT_0001_01,,,,,,,,,,,,,,,,,,,,{'PART_01': 10},False,,
kitting_started,872.0000000000002,AGV_06,TOTE_0567,station_3,KIT_0003_01,,,,,,,,,,,,,,,,,,,,,,,
dispatch,879.3333333333335,AGV_04,TOTE_0615,station_1,KIT_0001_01,"{'PART_01': 10, 'PART_02': 20, 'PART_03': 50}",2880.0,0.27332111415597654,0.25234126984126987,0.014863636363636364,0.0061162079510703364,0.0,0.2564102564102564,0.6,0.3,0.1,0.03,0.1,0.2,0.1,0.006,2.0,1200.0,0.1383516428525603,,,,
kitting_completed,880.0000000000001,AGV_01,TOTE_0807,station_4,KIT_0004_01,,,,,,,,,,,,,,,,,,,,"{'PART_05': 15, 'PART_09': 40}",False,,
kitting_started,880.0000000000001,AGV_03,TOTE_0570,station_2,KIT_0002_01,,,,,,,,,,,,,,,,,,,,,,,
kitting_started,881.3333333333335,AGV_10,TOTE_0735,station_4,KIT_0004_01,,,,,,,,,,,,,,,,,,,,,,,
kitting_started,884.666666666667,AGV_09,TOTE_0597,station_1,KIT_0001_01,,,,,,,,,,,,,,,,,,,,,,,
dispatch,892.0000000000001,AGV_02,TOTE_0825,station_4,KIT_0004_01,"{'PART_05': 15, 'PART_09': 40}",2880.0,0.267962660881346,0.25309523809523815,0.005351851851851851,0.009515570934256055,0.0,0.3076923076923077,0.6,0.3,0.1,0.03,0.1,0.2,0.1,0.006,2.0,1200.0,0.13000836575957683,,,,
kitting_completed,900.0000000000001,AGV_03,TOTE_0570,station_2,KIT_0002_01,,,,,,,,,,,,,,,,,,,,"{'PART_02': 20, 'PART_04': 100}",False,,
dispatch,900.0000000000001,AGV_07,TOTE_0588,station_2,KIT_0002_01,"{'PART_02': 20, 'PART_04': 100}",2880.0,0.2734524345774346,0.2535714285714286,0.013875,0.006006006006006006,0.0,0.28717948717948716,0.6,0.3,0.1,0.03,0.1,0.2,0.1,0.006,2.0,1200.0,0.13535351202851204,,,,
kitting_completed,901.3333333333335,AGV_10,TOTE_0735,station_4,KIT_0004_01,,,,,,,,,,,,,,,,,,,,"{'PART_05': 15, 'PART_09': 40}",False,,
kitting_started,901.3333333333335,AGV_08,TOTE_0552,station_2,KIT_0002_01,,,,,,,,,,,,,,,,,,,,,,,
dispatch,901.3333333333335,AGV_01,TOTE_0717,station_4,KIT_0004_01,{'PART_09': 40},2880.0,0.2661415697997916,0.2536507936507937,0.004842592592592593,0.007648183556405354,0.0,0.23076923076923078,0.6,0.3,0.1,0.03,0.1,0.2,0.1,0.006,2.0,1200.0,0.13660801880295187,,,,
kitting_completed,902.0000000000002,AGV_06,TOTE_0567,station_3,KIT_0003_01,,,,,,,,,,,,,,,,,,,,"{'PART_03': 50, 'PART_05': 15, 'PART_08': 12}",False,,
kitting_started,903.3333333333336,AGV_05,TOTE_0585,station_3,KIT_0003_01,,,,,,,,,,,,,,,,,,,,,,,
kitting_completed,914.666666666667,AGV_09,TOTE_0597,station_1,KIT_0001_01,,,,,,,,,,,,,,,,,,,,"{'PART_01': 10, 'PART_02': 20, 'PART_03': 50}",False,,
kitting_started,916.0000000000003,AGV_04,TOTE_0615,station_1,KIT_0001_01,,,,,,,,,,,,,,,,,,,,,,,
kitting_completed,921.3333333333335,AGV_08,TOTE_0552,station_2,KIT_0002_01,,,,,,,,,,,,,,,,,,,,"{'PART_02': 20, 'PART_04': 100}",False,,
kitting_started,921.3333333333335,AGV_01,TOTE_0717,station_4,KIT_0004_01,,,,,,,,,,,,,,,,,,,,,,,
dispatch,921.3333333333335,AGV_10,TOTE_0681,station_3,KIT_0003_01,"{'PART_01': 10, 'PART_03': 50}",2880.0,0.2750279496892794,0.25484126984126987,0.016740384615384615,0.0034462952326249283,0.0,0.2512820512820513,0.6,0.3,0.1,0.03,0.1,0.2,0.1,0.006,2.0,1200.0,0.1398885646853625,,,,
dispatch,922.0000000000001,AGV_03,TOTE_0750,station_2,KIT_0002_01,"{'PART_02': 20, 'PART_04': 100}",2880.0,0.2743123954054466,0.25488095238095243,0.013041666666666667,0.006389776357827476,0.0,0.26153846153846155,0.6,0.3,0.1,0.03,0.1,0.2,0.1,0.006,2.0,1200.0,0.1384335910894218,,,,
dispatch,924.0000000000002,AGV_06,TOTE_0633,station_1,KIT_0001_01,"{'PART_01': 10, 'PART_02': 20, 'PART_03': 50}",2880.0,0.2754692034350015,0.255,0.013954545454545456,0.006514657980456026,0.0,0.28205128205128205,0.6,0.3,0.1,0.03,0.1,0.2,0.1,0.006,2.0,1200.0,0.13707639385587267,,,,
kitting_started,925.3333333333335,AGV_07,TOTE_0588,station_2,KIT_0002_01,,,,,,,,,,,,,,,,,,,,,,,
kitting_completed,931.3333333333335,AGV_01,TOTE_0717,station_4,KIT_0004_01,,,,,,,,,,,,,,,,,,,,{'PART_09': 40},False,,
kitting_started,932.6666666666669,AGV_02,TOTE_0825,station_4,KIT_0004_01,,,,,,,,,,,,,,,,,,,,,,,
kitting_completed,933.3333333333336,AGV_05,TOTE_0585,station_3,KIT_0003_01,,,,,,,,,,,,,,,,,,,,"{'PART_03': 50, 'PART_05': 15, 'PART_08': 12}",False,,
dispatch,934.666666666667,AGV_09,TOTE_0729,station_3,KIT_0003_01,"{'PART_01': 10, 'PART_03': 50, 'PART_05': 15}",2880.0,0.2762600121555357,0.25563492063492066,0.016163461538461536,0.004461629982153481,0.0,0.3128205128205128,0.6,0.3,0.1,0.03,0.1,0.2,0.1,0.006,2.0,1200.0,0.13447395601127013,,,,
kitting_started,942.6666666666669,AGV_10,TOTE_0681,station_3,KIT_0003_01,,,,,,,,,,,,,,,,,,,,,,,
dispatch,943.3333333333335,AGV_08,TOTE_0702,station_4,KIT_0004_01,"{'PART_05': 15, 'PART_09': 40}",2880.0,0.2720101794340925,0.2561507936507937,0.00447222222222222,0.011387163561076606,0.0,0.28205128205128205,0.6,0.3,0.1,0.03,0.1,0.2,0.1,0.006,2.0,1200.0,0.13500097945532727,,,,
kitting_completed,945.3333333333335,AGV_07,TOTE_0588,station_2,KIT_0002_01,,,,,,,,,,,,,,,,,,,,"{'PART_02': 20, 'PART_04': 100}",False,,
kitting_completed,946.0000000000003,AGV_04,TOTE_0615,station_1,KIT_0001_01,,,,,,,,,,,,,,,,,,,,"{'PART_01': 10, 'PART_02': 20, 'PART_03': 50}",False,,
kitting_started,946.6666666666669,AGV_03,TOTE_0750,station_2,KIT_0002_01,,,,,,,,,,,,,,,,,,,,,,,
kitting_started,950.6666666666669,AGV_06,TOTE_0633,station_1,KIT_0001_01,,,,,,,,,,,,,,,,,,,,,,,
dispatch,951.3333333333335,AGV_01,TOTE_0768,station_2,KIT_0002_01,"{'PART_02': 20, 'PART_04': 100}",2880.0,0.27566125602687036,0.25662698412698415,0.012208333333333333,0.006825938566552902,0.0,0.28717948717948716,0.6,0.3,0.1,0.03,0.1,0.2,0.1,0.006,2.0,1200.0,0.1366788048981735,,,,
kitting_completed,952.6666666666669,AGV_02,TOTE_0825,station_4,KIT_0004_01,,,,,,,,,,,,,,,,,,,,"{'PART_05': 15, 'PART_09': 40}",False,,
dispatch,955.3333333333336,AGV_05,TOTE_0651,station_1,KIT_0001_01,"{'PART_01': 10, 'PART_02': 20, 'PART_03': 50}",2880.0,0.2768791750255165,0.2568650793650794,0.013045454545454544,0.006968641114982578,0.0,0.28205128205128205,0.6,0.3,0.1,0.03,0.1,0.2,0.1,0.006,2.0,1200.0,0.13792237681018168,,,,
kitting_completed,962.6666666666669,AGV_10,TOTE_0681,station_3,KIT_0003_01,,,,,,,,,,,,,,,,,,,,"{'PART_01': 10, 'PART_03': 50}",False,,
kitting_started,964.0000000000002,AGV_09,TOTE_0729,station_3,KIT_0003_01,,,,,,,,,,,,,,,,,,,,,,,
dispatch,966.0000000000003,AGV_04,TOTE_0675,station_3,KIT_0003_01,"{'PART_03': 50, 'PART_05': 15}",2880.0,0.276989630232781,0.25750000000000006,0.015442307692307691,0.004047322540473226,0.0,0.3128205128205128,0.6,0.3,0.1,0.03,0.1,0.2,0.1,0.006,2.0,1200.0,0.13491172685761732,,,,
kitting_completed,966.6666666666669,AGV_03,TOTE_0750,station_2,KIT_0002_01,,,,,,,,,,,,,,,,,,,,"{'PART_02': 20, 'PART_04': 100}",False,,
dispatch,967.3333333333335,AGV_07,TOTE_0786,station_2,KIT_0002_01,"{'PART_02': 20, 'PART_04': 100}",2880.0,0.2762803724053724,0.2575793650793651,0.011375,0.007326007326007327,0.0,0.26153846153846155,0.6,0.3,0.1,0.03,0.1,0.2,0.1,0.006,2.0,1200.0,0.13961437728937726,,,,
kitting_started,970.0000000000001,AGV_08,TOTE_0702,station_4,KIT_0004_01,,,,,,,,,,,,,,,,,,,,,,,
dispatch,972.6666666666669,AGV_02,TOTE_0720,station_4,KIT_0004_01,"{'PART_05': 15, 'PART_09': 40}",2880.0,0.274710255649508,0.25789682539682546,0.003962962962962962,0.012850467289719626,0.0,0.2564102564102564,0.6,0.3,0.1,0.03,0.1,0.2,0.1,0.006,2.0,1200.0,0.13918512774867917,,,,
kitting_started,976.6666666666669,AGV_01,TOTE_0768,station_2,KIT_0002_01,,,,,,,,,,,,,,,,,,,,,,,
kitting_completed,980.6666666666669,AGV_06,TOTE_0633,station_1,KIT_0001_01,,,,,,,,,,,,,,,,,,,,"{'PART_01': 10, 'PART_02': 20, 'PART_03': 50}",False,,
kitting_started,982.0000000000002,AGV_05,TOTE_0651,station_1,KIT_0001_01,,,,,,,,,,,,,,,,,,,,,,,
dispatch,984.0000000000002,AGV_10,TOTE_0669,station_1,KIT_0001_01,"{'PART_01': 10, 'PART_02': 20, 'PART_03': 50}",2880.0,0.2781984289119121,0.2585714285714286,0.012136363636363636,0.007490636704119851,0.0,0.3333333333333333,0.6,0.3,0.1,0.03,0.1,0.2,0.1,0.006,2.0,1200.0,0.13358572401381394,,,,
kitting_completed,990.0000000000001,AGV_08,TOTE_0702,station_4,KIT_0004_01,,,,,,,,,,,,,,,,,,,,"{'PART_05': 15, 'PART_09': 40}",False,,
dispatch,990.0000000000001,AGV_03,TOTE_0738,station_4,KIT_0004_01,"{'PART_05': 15, 'PART_09': 40}",2880.0,0.2771275834432671,0.25892857142857145,0.003453703703703704,0.014745308310991957,0.0,0.28205128205128205,0.6,0.3,0.1,0.03,0.1,0.2,0.1,0.006,2.0,1200.0,0.13807142186083204,,,,
kitting_completed,994.0000000000002,AGV_09,TOTE_0729,station_3,KIT_0003_01,,,,,,,,,,,,,,,,,,,,"{'PART_01': 10, 'PART_03': 50, 'PART_05': 15}",False,,
kitting_started,995.3333333333336,AGV_04,TOTE_0675,station_3,KIT_0003_01,,,,,,,,,,,,,,,,,,,,,,,
kitting_started,996.0000000000002,AGV_02,TOTE_0720,station_4,KIT_0004_01,,,,,,,,,,,,,,,,,,,,,,,
kitting_completed,996.6666666666669,AGV_01,TOTE_0768,station_2,KIT_0002_01,,,,,,,,,,,,,,,,,,,,"{'PART_02': 20, 'PART_04': 100}",False,,
kitting_started,998.0000000000002,AGV_07,TOTE_0786,station_2,KIT_0002_01,,,,,,,,,,,,,,,,,,,,,,,
dispatch,1000.6666666666669,AGV_06,TOTE_0618,station_2,KIT_0002_01,{'PART_04': 100},2880.0,0.27669277401342623,0.2595634920634921,0.010541666666666666,0.006587615283267458,0.0,0.27692307692307694,0.6,0.3,0.1,0.03,0.1,0.2,0.1,0.006,2.0,1200.0,0.13832335671574802,,,,
dispatch,1010.0000000000001,AGV_08,TOTE_0699,station_3,KIT_0003_01,"{'PART_01': 10, 'PART_03': 50}",2880.0,0.2788299309116149,0.26011904761904764,0.014817307692307692,0.003893575600259572,0.0,0.27692307692307694,0.6,0.3,0.1,0.03,0.1,0.2,0.1,0.006,2.0,1200.0,0.13960565085466126,,,,
kitting_completed,1012.0000000000002,AGV_05,TOTE_0651,station_1,KIT_0001_01,,,,,,,,,,,,,,,,,,,,"{'PART_01': 10, 'PART_02': 20, 'PART_03': 50}",False,,
kitting_completed,1015.3333333333336,AGV_04,TOTE_0675,station_3,KIT_0003_01,,,,,,,,,,,,,,,,,,,,"{'PART_03': 50, 'PART_05': 15}",False,,
kitting_completed,1016.0000000000002,AGV_02,TOTE_0720,station_4,KIT_0004_01,,,,,,,,,,,,,,,,,,,,"{'PART_05': 15, 'PART_09': 40}",False,,
dispatch,1016.0000000000002,AGV_09,TOTE_0114,station_1,KIT_0001_01,{'PART_02': 100},2880.0,0.2818249206933418,0.26047619047619053,0.011227272727272728,0.010121457489878543,0.0,0.2564102564102564,0.6,0.3,0.1,0.03,0.1,0.2,0.1,0.006,2.0,1200.0,0.14345392677497945,,,,
kitting_started,1017.3333333333336,AGV_10,TOTE_0669,station_1,KIT_0001_01,,,,,,,,,,,,,,,,,,,,,,,
kitting_started,1017.3333333333336,AGV_03,TOTE_0738,station_4,KIT_0004_01,,,,,,,,,,,,,,,,,,,,,,,
kitting_completed,1018.0000000000002,AGV_07,TOTE_0786,station_2,KIT_0002_01,,,,,,,,,,,,,,,,,,,,"{'PART_02': 20, 'PART_04': 100}",False,,
dispatch,1018.6666666666669,AGV_01,TOTE_0810,station_4,KIT_0004_01,"{'PART_05': 15, 'PART_09': 40}",2880.0,0.2808749625636418,0.26063492063492066,0.0029444444444444427,0.01729559748427673,0.0,0.28205128205128205,0.6,0.3,0.1,0.03,0.1,0.2,0.1,0.006,2.0,1200.0,0.14031984933305686,,,,
kitting_started,1025.3333333333335,AGV_06,TOTE_0618,station_2,KIT_0002_01,,,,,,,,,,,,,,,,,,,,,,,
dispatch,1032.0000000000002,AGV_05,TOTE_0636,station_2,KIT_0002_01,{'PART_04': 100},2880.0,0.27832797982850876,0.26142857142857145,0.00984722222222222,0.007052186177715092,0.0,0.27692307692307694,0.6,0.3,0.1,0.03,0.1,0.2,0.1,0.006,2.0,1200.0,0.13930448020479758,,,,
kitting_started,1034.6666666666667,AGV_08,TOTE_0699,station_3,KIT_0003_01,,,,,,,,,,,,,,,,,,,,,,,
kitting_completed,1035.3333333333335,AGV_06,TOTE_0618,station_2,KIT_0002_01,,,,,,,,,,,,,,,,,,,,{'PART_04': 100},False,,
dispatch,1036.0000000000002,AGV_02,TOTE_0735,station_3,KIT_0003_01,"{'PART_01': 10, 'PART_03': 50}",2880.0,0.27995836795997164,0.2616666666666667,0.014240384615384615,0.004051316677920324,0.0,0.27692307692307694,0.6,0.3,0.1,0.03,0.1,0.2,0.1,0.006,2.0,1200.0,0.1402827130836753,,,,
kitting_completed,1037.3333333333335,AGV_03,TOTE_0738,station_4,KIT_0004_01,,,,,,,,,,,,,,,,,,,,"{'PART_05': 15, 'PART_09': 40}",False,,
dispatch,1037.3333333333335,AGV_04,TOTE_0837,station_2,KIT_0002_01,{'PART_02': 20},2880.0,0.2724162602066624,0.2617460317460318,0.009152777777777777,0.0015174506828528073,0.0,0.21025641025641026,0.6,0.3,0.1,0.03,0.1,0.2,0.1,0.006,2.0,1200.0,0.1424241150983564,,,,
dispatch,1040.0000000000002,AGV_07,TOTE_0828,station_4,KIT_0004_01,"{'PART_05': 15, 'PART_09': 40}",2880.0,0.28525249461846425,0.2619047619047619,0.0024351851851851848,0.020912547528517112,0.0,0.28205128205128205,0.6,0.3,0.1,0.03,0.1,0.2,0.1,0.006,2.0,1200.0,0.14294636856595033,,,,
kitting_started,1045.3333333333335,AGV_01,TOTE_0810,station_4,KIT_0004_01,,,,,,,,,,,,,,,,,,,,,,,
kitting_completed,1047.3333333333335,AGV_10,TOTE_0669,station_1,KIT_0001_01,,,,,,,,,,,,,,,,,,,,"{'PART_01': 10, 'PART_02': 20, 'PART_03': 50}",False,,
kitting_started,1048.6666666666667,AGV_09,TOTE_0114,station_1,KIT_0001_01,,,,,,,,,,,,,,,,,,,,,,,
kitting_completed,1054.6666666666667,AGV_08,TOTE_0699,station_3,KIT_0003_01,,,,,,,,,,,,,,,,,,,,"{'PART_01': 10, 'PART_03': 50}",False,,
kitting_started,1056.0,AGV_04,TOTE_0837,station_2,KIT_0002_01,,,,,,,,,,,,,,,,,,,,,,,
dispatch,1056.6666666666667,AGV_06,TOTE_0687,station_1,KIT_0001_01,"{'PART_01': 10, 'PART_03': 50}",2880.0,0.27974449124449124,0.2628968253968254,0.01009090909090909,0.006756756756756757,0.0,0.2564102564102564,0.6,0.3,0.1,0.03,0.1,0.2,0.1,0.006,2.0,1200.0,0.14220566910566912,,,,
dispatch,1057.3333333333335,AGV_03,TOTE_0843,station_3,KIT_0003_01,"{'PART_01': 10, 'PART_05': 15}",2880.0,0.27835929389439246,0.26293650793650797,0.01366346153846154,0.0017593244194229415,0.0,0.27692307692307694,0.6,0.3,0.1,0.03,0.1,0.2,0.1,0.006,2.0,1200.0,0.13932326864432776,,,,
kitting_started,1060.6666666666667,AGV_02,TOTE_0735,station_3,KIT_0003_01,,,,,,,,,,,,,,,,,,,,,,,
kitting_completed,1065.3333333333335,AGV_01,TOTE_0810,station_4,KIT_0004_01,,,,,,,,,,,,,,,,,,,,"{'PART_05': 15, 'PART_09': 40}",False,,
kitting_completed,1066.0,AGV_04,TOTE_0837,station_2,KIT_0002_01,,,,,,,,,,,,,,,,,,,,{'PART_02': 20},False,,
kitting_started,1066.666666666667,AGV_07,TOTE_0828,station_4,KIT_0004_01,,,,,,,,,,,,,,,,,,,,,,,
kitting_started,1067.3333333333333,AGV_05,TOTE_0636,station_2,KIT_0002_01,,,,,,,,,,,,,,,,,,,,,,,
dispatch,1067.3333333333335,AGV_10,TOTE_0654,station_2,KIT_0002_01,{'PART_04': 100},2880.0,0.2802497951671681,0.26353174603174606,0.009013888888888887,0.007704160246533128,0.0,0.27692307692307694,0.6,0.3,0.1,0.03,0.1,0.2,0.1,0.006,2.0,1200.0,0.14045756940799314,,,,
dispatch,1076.0,AGV_08,TOTE_0861,station_4,KIT_0004_01,{'PART_05': 15},2880.0,0.27318508343508346,0.2640476190476191,0.0019259259259259264,0.007211538461538461,0.0,0.23076923076923078,0.6,0.3,0.1,0.03,0.1,0.2,0.1,0.006,2.0,1200.0,0.140834126984127,,,,
kitting_completed,1077.3333333333333,AGV_05,TOTE_0636,station_2,KIT_0002_01,,,,,,,,,,,,,,,,,,,,{'PART_04': 100},False,,
kitting_completed,1080.6666666666667,AGV_02,TOTE_0735,station_3,KIT_0003_01,,,,,,,,,,,,,,,,,,,,"{'PART_01': 10, 'PART_03': 50}",False,,
kitting_started,1082.0,AGV_03,TOTE_0843,station_3,KIT_0003_01,,,,,,,,,,,,,,,,,,,,,,,
dispatch,1084.6666666666667,AGV_04,TOTE_0837,station_2,KIT_0002_01,{'PART_02': 20},2880.0,0.2745523855897395,0.26456349206349206,0.008319444444444444,0.001669449081803005,0.0,0.21025641025641026,0.6,0.3,0.1,0.03,0.1,0.2,0.1,0.006,2.0,1200.0,0.14370579032820266,,,,
dispatch,1085.3333333333335,AGV_01,TOTE_0555,station_3,KIT_0003_01,"{'PART_01': 10, 'PART_08': 12}",2880.0,0.27960218275834325,0.2646031746031746,0.013423076923076921,0.0015759312320916905,0.0,0.27692307692307694,0.6,0.3,0.1,0.03,0.1,0.2,0.1,0.006,2.0,1200.0,0.14006900196269823,,,,
kitting_completed,1086.666666666667,AGV_07,TOTE_0828,station_4,KIT_0004_01,,,,,,,,,,,,,,,,,,,,"{'PART_05': 15, 'PART_09': 40}",False,,
kitting_started,1092.0,AGV_10,TOTE_0654,station_2,KIT_0002_01,,,,,,,,,,,,,,,,,,,,,,,
kitting_started,1096.0,AGV_08,TOTE_0861,station_4,KIT_0004_01,,,,,,,,,,,,,,,,,,,,,,,
dispatch,1098.6666666666665,AGV_05,TOTE_0693,station_4,KIT_0004_01,"{'PART_05': 15, 'PART_09': 40}",2880.0,0.2956812717602873,0.2653968253968254,0.0017870370370370368,0.028497409326424875,0.0,0.358974358974359,0.6,0.3,0.1,0.03,0.1,0.2,0.1,0.006,2.0,1200.0,0.14151132715873646,,,,
kitting_completed,1098.6666666666667,AGV_09,TOTE_0114,station_1,KIT_0001_01,,,,,,,,,,,,,,,,,,,,{'PART_02': 100},False,,
kitting_started,1100.0,AGV_06,TOTE_0687,station_1,KIT_0001_01,,,,,,,,,,,,,,,,,,,,,,,
kitting_completed,1102.0,AGV_03,TOTE_0843,station_3,KIT_0003_01,,,,,,,,,,,,,,,,,,,,"{'PART_01': 10, 'PART_05': 15}",False,,
kitting_completed,1102.0,AGV_10,TOTE_0654,station_2,KIT_0002_01,,,,,,,,,,,,,,,,,,,,{'PART_04': 100},False,,
dispatch,1102.0,AGV_02,TOTE_0753,station_3,KIT_0003_01,{'PART_01': 10},2880.0,0.2795345785946223,0.2655952380952381,0.01321153846153846,0.000727802037845706,0.0,0.2512820512820513,0.6,0.3,0.1,0.03,0.1,0.2,0.1,0.006,2.0,1200.0,0.14259254202856822,,,,
kitting_started,1103.3333333333333,AGV_04,TOTE_0837,station_2,KIT_0002_01,,,,,,,,,,,,,,,,,,,,,,,
kitting_completed,1106.0,AGV_08,TOTE_0861,station_4,KIT_0004_01,,,,,,,,,,,,,,,,,,,,{'PART_05': 15},False,,
dispatch,1106.666666666667,AGV_07,TOTE_0809,station_4,KIT_0004_01,"{'PART_05': 15, 'PART_09': 40}",2880.0,0.3070058661145618,0.2658730158730159,0.0012777777777777787,0.03985507246376812,0.0,0.38461538461538464,0.6,0.3,0.1,0.03,0.1,0.2,0.1,0.006,2.0,1200.0,0.1457419812071986,,,,
kitting_started,1110.0,AGV_01,TOTE_0555,station_3,KIT_0003_01,,,,,,,,,,,,,,,,,,,,,,,
kitting_completed,1113.3333333333333,AGV_04,TOTE_0837,station_2,KIT_0002_01,,,,,,,,,,,,,,,,,,,,{'PART_02': 20},False,,
dispatch,1118.6666666666667,AGV_09,TOTE_0744,station_2,KIT_0002_01,{'PART_04': 100},2880.0,0.28325682148920694,0.2665873015873016,0.008180555555555554,0.008488964346349746,0.0,0.2512820512820513,0.6,0.3,0.1,0.03,0.1,0.2,0.1,0.006,2.0,1200.0,0.14482588776531904,,,,
kitting_completed,1120.0,AGV_06,TOTE_0687,station_1,KIT_0001_01,,,,,,,,,,,,,,,,,,,,"{'PART_01': 10, 'PART_03': 50}",False,,
dispatch,1123.3333333333333,AGV_03,TOTE_0888,station_1,KIT_0001_01,{'PART_01': 10},2880.0,0.2774818997427693,0.26686507936507936,0.009409090909090907,0.001207729468599034,0.0,0.23076923076923078,0.6,0.3,0.1,0.03,0.1,0.2,0.1,0.006,2.0,1200.0,0.1434122167687385,,,,
dispatch,1123.3333333333333,AGV_10,TOTE_0705,station_1,KIT_0001_01,"{'PART_01': 10, 'PART_03': 50}",2880.0,0.28349549723571726,0.26686507936507936,0.009295454545454544,0.007334963325183375,0.0,0.2564102564102564,0.6,0.3,0.1,0.03,0.1,0.2,0.1,0.006,2.0,1200.0,0.14445627270040473,,,,
dispatch,1126.0,AGV_08,TOTE_0855,station_2,KIT_0002_01,{'PART_02': 20},2880.0,0.2763652082044939,0.26702380952380955,0.00748611111111111,0.001855287569573284,0.0,0.26153846153846155,0.6,0.3,0.1,0.03,0.1,0.2,0.1,0.006,2.0,1200.0,0.13966527876885015,,,,
kitting_started,1128.6666666666663,AGV_05,TOTE_0693,station_4,KIT_0004_01,,,,,,,,,,,,,,,,,,,,,,,
kitting_completed,1130.0,AGV_01,TOTE_0555,station_3,KIT_0003_01,,,,,,,,,,,,,,,,,,,,"{'PART_01': 10, 'PART_08': 12}",False,,
kitting_started,1131.3333333333333,AGV_02,TOTE_0753,station_3,KIT_0003_01,,,,,,,,,,,,,,,,,,,,,,,
dispatch,1132.0,AGV_04,TOTE_0711,station_3,KIT_0003_01,"{'PART_03': 50, 'PART_05': 15}",2880.0,0.2852617328907652,0.2673809523809524,0.013115384615384616,0.004765395894428153,0.0,0.26153846153846155,0.6,0.3,0.1,0.03,0.1,0.2,0.1,0.006,2.0,1200.0,0.14500319358061292,,,,
kitting_started,1140.0,AGV_09,TOTE_0744,station_2,KIT_0002_01,,,,,,,,,,,,,,,,,,,,,,,
kitting_completed,1141.3333333333333,AGV_02,TOTE_0753,station_3,KIT_0003_01,,,,,,,,,,,,,,,,,,,,{'PART_01': 10},False,,
dispatch,1141.3333333333333,AGV_06,TOTE_0549,station_3,KIT_0003_01,"{'PART_05': 15, 'PART_08': 12}",2880.0,0.28250541449184635,0.2679365079365079,0.012490384615384613,0.0020785219399538104,0.0,0.3128205128205128,0.6,0.3,0.1,0.03,0.1,0.2,0.1,0.006,2.0,1200.0,0.13822119741305652,,,,
kitting_started,1146.6666666666665,AGV_10,TOTE_0705,station_1,KIT_0001_01,,,,,,,,,,,,,,,,,,,,,,,
kitting_completed,1148.6666666666663,AGV_05,TOTE_0693,station_4,KIT_0004_01,,,,,,,,,,,,,,,,,,,,"{'PART_05': 15, 'PART_09': 40}",False,,
kitting_started,1149.9999999999995,AGV_07,TOTE_0809,station_4,KIT_0004_01,,,,,,,,,,,,,,,,,,,,,,,
kitting_completed,1150.0,AGV_09,TOTE_0744,station_2,KIT_0002_01,,,,,,,,,,,,,,,,,,,,{'PART_04': 100},False,,
kitting_started,1151.3333333333333,AGV_08,TOTE_0855,station_2,KIT_0002_01,,,,,,,,,,,,,,,,,,,,,,,
dispatch,1151.3333333333333,AGV_01,TOTE_0804,station_2,KIT_0002_01,"{'PART_02': 20, 'PART_07': 5}",2880.0,0.2782419172142708,0.26853174603174607,0.007347222222222224,0.0023629489603024575,0.0,0.28717948717948716,0.6,0.3,0.1,0.03,0.1,0.2,0.1,0.006,2.0,1200.0,0.13822720161061375,,,,
kitting_started,1154.0,AGV_04,TOTE_0711,station_3,KIT_0003_01,,,,,,,,,,,,,,,,,,,,,,,
kitting_completed,1161.3333333333333,AGV_08,TOTE_0855,station_2,KIT_0002_01,,,,,,,,,,,,,,,,,,,,{'PART_02': 20},False,,
dispatch,1162.6666666666665,AGV_02,TOTE_0822,station_2,KIT_0002_01,"{'PART_02': 20, 'PART_07': 5}",2880.0,0.27880009584504983,0.2692063492063492,0.007173611111111111,0.0024201355275895453,0.0,0.28717948717948716,0.6,0.3,0.1,0.03,0.1,0.2,0.1,0.006,2.0,1200.0,0.13856210878908118,,,,
kitting_completed,1166.6666666666665,AGV_10,TOTE_0705,station_1,KIT_0001_01,,,,,,,,,,,,,,,,,,,,"{'PART_01': 10, 'PART_03': 50}",False,,
kitting_started,1167.9999999999998,AGV_03,TOTE_0888,station_1,KIT_0001_01,,,,,,,,,,,,,,,,,,,,,,,
kitting_completed,1169.9999999999995,AGV_07,TOTE_0809,station_4,KIT_0004_01,,,,,,,,,,,,,,,,,,,,"{'PART_05': 15, 'PART_09': 40}",False,,
dispatch,1171.3333333333333,AGV_09,TOTE_0723,station_1,KIT_0001_01,"{'PART_01': 10, 'PART_03': 50}",2880.0,0.28625142586818053,0.26972222222222225,0.008613636363636363,0.0079155672823219,0.0,0.2564102564102564,0.6,0.3,0.1,0.03,0.1,0.2,0.1,0.006,2.0,1200.0,0.1461098298798827,,,,
kitting_completed,1174.0,AGV_04,TOTE_0711,station_3,KIT_0003_01,,,,,,,,,,,,,,,,,,,,"{'PART_03': 50, 'PART_05': 15}",False,,
dispatch,1175.333333333333,AGV_05,TOTE_0747,station_3,KIT_0003_01,{'PART_05': 15},2880.0,0.28337033197410555,0.26996031746031746,0.01223076923076923,0.001179245283018868,0.0,0.26153846153846155,0.6,0.3,0.1,0.03,0.1,0.2,0.1,0.006,2.0,1200.0,0.14386835303061715,,,,
kitting_started,1175.3333333333333,AGV_06,TOTE_0549,station_3,KIT_0003_01,,,,,,,,,,,,,,,,,,,,,,,
kitting_started,1176.6666666666665,AGV_01,TOTE_0804,station_2,KIT_0002_01,,,,,,,,,,,,,,,,,,,,,,,
kitting_completed,1177.9999999999998,AGV_03,TOTE_0888,station_1,KIT_0001_01,,,,,,,,,,,,,,,,,,,,{'PART_01': 10},False,,
dispatch,1180.0,AGV_08,TOTE_0603,station_1,KIT_0001_01,{'PART_03': 50},2880.0,0.2853332372021484,0.2702380952380953,0.007931818181818182,0.007163323782234957,0.0,0.28205128205128205,0.6,0.3,0.1,0.03,0.1,0.2,0.1,0.006,2.0,1200.0,0.14299481411616083,,,,
dispatch,1186.6666666666665,AGV_10,TOTE_0267,station_4,KIT_0004_01,{'PART_04': 41},2880.0,0.320801029514885,0.2706349206349207,0.0007685185185185172,0.04939759036144578,0.3280000000000001,0.3333333333333333,0.6,0.3,0.1,0.03,0.1,0.2,0.1,0.006,2.0,1200.0,0.06074728437559763,,,,
kitting_started,1194.6666666666665,AGV_09,TOTE_0723,station_1,KIT_0001_01,,,,,,,,,,,,,,,,,,,,,,,
kitting_completed,1195.3333333333333,AGV_06,TOTE_0549,station_3,KIT_0003_01,,,,,,,,,,,,,,,,,,,,"{'PART_05': 15, 'PART_08': 12}",False,,
dispatch,1196.0,AGV_04,TOTE_0855,station_3,KIT_0003_01,"{'PART_01': 10, 'PART_05': 15}",2880.0,0.2852658770227386,0.2711904761904762,0.012086538461538461,0.001988862370723946,0.0,0.26153846153846155,0.6,0.3,0.1,0.03,0.1,0.2,0.1,0.006,2.0,1200.0,0.14500568005979697,,,,
dispatch,1196.6666666666663,AGV_07,TOTE_0666,station_4,KIT_0004_01,{'PART_05': 10},2880.0,0.2954285714285714,0.2712301587301587,0.0003888888888888886,0.023809523809523808,0.5333333333333334,0.28205128205128205,0.6,0.3,0.1,0.03,0.1,0.2,0.1,0.006,2.0,1200.0,-0.010947985347985429,,,,
kitting_completed,1196.6666666666665,AGV_01,TOTE_0804,station_2,KIT_0002_01,,,,,,,,,,,,,,,,,,,,"{'PART_02': 20, 'PART_07': 5}",False,,
kitting_started,1197.333333333333,AGV_05,TOTE_0747,station_3,KIT_0003_01,,,,,,,,,,,,,,,,,,,,,,,
kitting_started,1197.9999999999998,AGV_02,TOTE_0822,station_2,KIT_0002_01,,,,,,,,,,,,,,,,,,,,,,,
dispatch,1197.9999999999998,AGV_03,TOTE_0798,station_2,KIT_0002_01,{'PART_07': 5},2880.0,0.2788055555555556,0.27130952380952383,0.006999999999999998,0.000496031746031746,0.0,0.2512820512820513,0.6,0.3,0.1,0.03,0.1,0.2,0.1,0.006,2.0,1200.0,0.1421551282051282,,,,
kitting_completed,1207.333333333333,AGV_05,TOTE_0747,station_3,KIT_0003_01,,,,,,,,,,,,,,,,,,,,{'PART_05': 15},False,,
kitting_completed,1214.6666666666665,AGV_09,TOTE_0723,station_1,KIT_0001_01,,,,,,,,,,,,,,,,,,,,"{'PART_01': 10, 'PART_03': 50}",False,,
kitting_started,1215.9999999999998,AGV_08,TOTE_0603,station_1,KIT_0001_01,,,,,,,,,,,,,,,,,,,,,,,
dispatch,1217.3333333333333,AGV_06,TOTE_0765,station_3,KIT_0003_01,{'PART_05': 15},2880.0,0.2855240037740038,0.27246031746031746,0.011846153846153847,0.0012175324675324677,0.0,0.26153846153846155,0.6,0.3,0.1,0.03,0.1,0.2,0.1,0.006,2.0,1200.0,0.1451605561105561,,,,
kitting_completed,1217.9999999999998,AGV_02,TOTE_0822,station_2,KIT_0002_01,,,,,,,,,,,,,,,,,,,,"{'PART_02': 20, 'PART_07': 5}",False,,
kitting_started,1218.0,AGV_04,TOTE_0855,station_3,KIT_0003_01,,,,,,,,,,,,,,,,,,,,,,,
dispatch,1218.6666666666665,AGV_01,TOTE_0678,station_2,KIT_0002_01,{'PART_02': 20},2880.0,0.2814989782636218,0.2725396825396825,0.006965277777777779,0.0019940179461615157,0.0,0.26153846153846155,0.6,0.3,0.1,0.03,0.1,0.2,0.1,0.006,2.0,1200.0,0.14274554080432691,,,,
kitting_started,1219.333333333333,AGV_03,TOTE_0798,station_2,KIT_0002_01,,,,,,,,,,,,,,,,,,,,,,,
kitting_started,1219.9999999999998,AGV_10,TOTE_0267,station_4,KIT_0004_01,,,,,,,,,,,,,,,,,,,,,,,
kitting_completed,1225.9999999999998,AGV_08,TOTE_0603,station_1,KIT_0001_01,,,,,,,,,,,,,,,,,,,,{'PART_03': 50},False,,
kitting_completed,1229.333333333333,AGV_03,TOTE_0798,station_2,KIT_0002_01,,,,,,,,,,,,,,,,,,,,{'PART_07': 5},False,,
dispatch,1229.333333333333,AGV_05,TOTE_0621,station_1,KIT_0001_01,{'PART_03': 50},2880.0,0.28825428892095556,0.2731746031746032,0.007363636363636364,0.007716049382716049,0.0,0.28205128205128205,0.6,0.3,0.1,0.03,0.1,0.2,0.1,0.006,2.0,1200.0,0.14474744514744511,,,,
dispatch,1234.6666666666665,AGV_09,TOTE_0741,station_1,KIT_0001_01,{'PART_01': 10},2880.0,0.28195975884019364,0.2734920634920635,0.006795454545454546,0.0016722408026755853,0.0,0.23076923076923078,0.6,0.3,0.1,0.03,0.1,0.2,0.1,0.006,2.0,1200.0,0.1460989322271931,,,,
kitting_completed,1238.0,AGV_04,TOTE_0855,station_3,KIT_0003_01,,,,,,,,,,,,,,,,,,,,"{'PART_01': 10, 'PART_05': 15}",False,,
kitting_started,1239.3333333333333,AGV_06,TOTE_0765,station_3,KIT_0003_01,,,,,,,,,,,,,,,,,,,,,,,
kitting_completed,1239.9999999999998,AGV_10,TOTE_0267,station_4,KIT_0004_01,,,,,,,,,,,,,,,,,,,,{'PART_04': 41},False,,
dispatch,1239.9999999999998,AGV_02,TOTE_0843,station_3,KIT_0003_01,"{'PART_01': 10, 'PART_05': 15}",2880.0,0.2875656786037846,0.27380952380952384,0.011701923076923075,0.002054231717337716,0.0,0.27692307692307694,0.6,0.3,0.1,0.03,0.1,0.2,0.1,0.006,2.0,1200.0,0.14484709946996305,,,,
kitting_started,1240.6666666666665,AGV_01,TOTE_0678,station_2,KIT_0002_01,,,,,,,,,,,,,,,,,,,,,,,
kitting_started,1241.333333333333,AGV_07,TOTE_0666,station_4,KIT_0004_01,,,,,,,,,,,,,,,,,,,,,,,
dispatch,1249.333333333333,AGV_08,TOTE_0816,station_2,KIT_0002_01,{'PART_07': 5},2880.0,0.28170011525295097,0.27436507936507937,0.006826388888888889,0.0005086469989827061,0.0,0.27692307692307694,0.6,0.3,0.1,0.03,0.1,0.2,0.1,0.006,2.0,1200.0,0.14132776145946285,,,,
kitting_completed,1249.3333333333333,AGV_06,TOTE_0765,station_3,KIT_0003_01,,,,,,,,,,,,,,,,,,,,{'PART_05': 15},False,,
dispatch,1250.6666666666663,AGV_03,TOTE_0783,station_3,KIT_0003_01,{'PART_05': 15},2880.0,0.2871643721677279,0.27444444444444444,0.01146153846153846,0.0012583892617449664,0.0,0.28717948717948716,0.6,0.3,0.1,0.03,0.1,0.2,0.1,0.006,2.0,1200.0,0.143580674582688,,,,
kitting_completed,1250.6666666666665,AGV_01,TOTE_0678,station_2,KIT_0002_01,,,,,,,,,,,,,,,,,,,,{'PART_02': 20},False,,
kitting_started,1252.6666666666663,AGV_05,TOTE_0621,station_1,KIT_0001_01,,,,,,,,,,,,,,,,,,,,,,,
dispatch,1259.9999999999998,AGV_10,TOTE_0267,station_2,KIT_0002_01,{'PART_04': 359},2880.0,0.3184992331288343,0.275,0.0067916666666666655,0.03670756646216769,-0.1280000000000001,0.3128205128205128,0.6,0.3,0.1,0.03,0.1,0.2,0.1,0.006,2.0,1200.0,0.19821748859524932,,,,
dispatch,1260.0,AGV_04,TOTE_0501,station_4,KIT_0004_01,{'PART_09': 32},2880.0,0.37529629629629635,0.275,0.0002962962962962956,0.1,0.6399999999999999,0.28205128205128205,0.6,0.3,0.1,0.03,0.1,0.2,0.1,0.006,2.0,1200.0,0.004972649572649628,,,,
kitting_completed,1261.333333333333,AGV_07,TOTE_0666,station_4,KIT_0004_01,,,,,,,,,,,,,,,,,,,,{'PART_05': 10},False,,
kitting_completed,1262.6666666666663,AGV_05,TOTE_0621,station_1,KIT_0001_01,,,,,,,,,,,,,,,,,,,,{'PART_03': 50},False,,
kitting_started,1263.9999999999995,AGV_09,TOTE_0741,station_1,KIT_0001_01,,,,,,,,,,,,,,,,,,,,,,,
kitting_started,1264.6666666666663,AGV_02,TOTE_0843,station_3,KIT_0003_01,,,,,,,,,,,,,,,,,,,,,,,
dispatch,1271.3333333333333,AGV_06,TOTE_0639,station_1,KIT_0001_01,{'PART_03': 50},2880.0,0.2908598227169656,0.2756746031746032,0.006681818181818183,0.008503401360544218,0.0,0.28205128205128205,0.6,0.3,0.1,0.03,0.1,0.2,0.1,0.006,2.0,1200.0,0.14631076542505114,,,,
kitting_completed,1273.9999999999995,AGV_09,TOTE_0741,station_1,KIT_0001_01,,,,,,,,,,,,,,,,,,,,{'PART_01': 10},False,,
kitting_started,1273.9999999999995,AGV_08,TOTE_0816,station_2,KIT_0002_01,,,,,,,,,,,,,,,,,,,,,,,
dispatch,1273.9999999999995,AGV_01,TOTE_0657,station_1,KIT_0001_01,{'PART_03': 50},2880.0,0.29124064999436744,0.2758333333333333,0.006113636363636362,0.00929368029739777,0.0,0.3076923076923077,0.6,0.3,0.1,0.03,0.1,0.2,0.1,0.006,2.0,1200.0,0.14397515922738968,,,,
kitting_completed,1283.9999999999995,AGV_08,TOTE_0816,station_2,KIT_0002_01,,,,,,,,,,,,,,,,,,,,{'PART_07': 5},False,,
dispatch,1283.9999999999995,AGV_07,TOTE_0261,station_2,KIT_0002_01,{'PART_04': 200},2880.0,0.3130373602456599,0.2764285714285714,0.0042986111111111116,0.03231017770597738,0.0,0.28717948717948716,0.6,0.3,0.1,0.03,0.1,0.2,0.1,0.006,2.0,1200.0,0.15910446742944723,,,,
kitting_completed,1284.6666666666663,AGV_02,TOTE_0843,station_3,KIT_0003_01,,,,,,,,,,,,,,,,,,,,"{'PART_01': 10, 'PART_05': 15}",False,,
kitting_started,1285.333333333333,AGV_10,TOTE_0267,station_2,KIT_0002_01,,,,,,,,,,,,,,,,,,,,,,,
kitting_started,1285.9999999999995,AGV_03,TOTE_0783,station_3,KIT_0003_01,,,,,,,,,,,,,,,,,,,,,,,
dispatch,1285.9999999999995,AGV_05,TOTE_0666,station_3,KIT_0003_01,"{'PART_01': 10, 'PART_03': 50, 'PART_05': 5}",2880.0,0.293387441608236,0.27654761904761904,0.011317307692307692,0.0055225148683092605,-0.5333333333333334,0.37948717948717947,0.6,0.3,0.1,0.03,0.1,0.2,0.1,0.006,2.0,1200.0,0.2980837470162237,,,,
kitting_started,1286.6666666666667,AGV_04,TOTE_0501,station_4,KIT_0004_01,,,,,,,,,,,,,,,,,,,,,,,
kitting_started,1294.6666666666665,AGV_06,TOTE_0639,station_1,KIT_0001_01,,,,,,,,,,,,,,,,,,,,,,,
kitting_completed,1295.9999999999995,AGV_03,TOTE_0783,station_3,KIT_0003_01,,,,,,,,,,,,,,,,,,,,{'PART_05': 15},False,,
dispatch,1295.9999999999995,AGV_09,TOTE_0318,station_3,KIT_0003_01,{'PART_05': 60},2880.0,0.29323084828840223,0.27714285714285714,0.01069230769230769,0.00539568345323741,0.0,0.28717948717948716,0.6,0.3,0.1,0.03,0.1,0.2,0.1,0.006,2.0,1200.0,0.14722056025509261,,,,
kitting_completed,1304.6666666666665,AGV_06,TOTE_0639,station_1,KIT_0001_01,,,,,,,,,,,,,,,,,,,,{'PART_03': 50},False,,
dispatch,1305.3333333333328,AGV_08,TOTE_0888,station_1,KIT_0001_01,{'PART_01': 10},2880.0,0.285293047571736,0.27769841269841267,0.005545454545454544,0.0020491803278688526,0.0,0.23076923076923078,0.6,0.3,0.1,0.03,0.1,0.2,0.1,0.006,2.0,1200.0,0.14809890546611854,,,,
kitting_started,1305.9999999999998,AGV_01,TOTE_0657,station_1,KIT_0001_01,,,,,,,,,,,,,,,,,,,,,,,
kitting_completed,1306.6666666666667,AGV_04,TOTE_0501,station_4,KIT_0004_01,,,,,,,,,,,,,,,,,,,,{'PART_09': 32},True,,
kitting_completed,1315.9999999999998,AGV_01,TOTE_0657,station_1,KIT_0001_01,,,,,,,,,,,,,,,,,,,,{'PART_03': 50},False,,
dispatch,1315.9999999999998,AGV_02,TOTE_0759,station_1,KIT_0001_01,{'PART_01': 10},2880.0,0.2858572017243565,0.2783333333333333,0.005431818181818181,0.0020920502092050207,0.0,0.3333333333333333,0.6,0.3,0.1,0.03,0.1,0.2,0.1,0.006,2.0,1200.0,0.1381809877012806,,,,
kitting_started,1320.666666666666,AGV_05,TOTE_0666,station_3,KIT_0003_01,,,,,,,,,,,,,,,,,,,,,,,
kitting_started,1325.3333333333328,AGV_08,TOTE_0888,station_1,KIT_0001_01,,,,,,,,,,,,,,,,,,,,,,,
kitting_completed,1335.3333333333328,AGV_08,TOTE_0888,station_1,KIT_0001_01,,,,,,,,,,,,,,,,,,,,{'PART_01': 10},False,,
dispatch,1335.3333333333328,AGV_04,TOTE_0837,station_1,KIT_0001_01,{'PART_01': 10},2880.0,0.2869390609390609,0.27948412698412695,0.005318181818181817,0.002136752136752137,0.0,0.28205128205128205,0.6,0.3,0.1,0.03,0.1,0.2,0.1,0.006,2.0,1200.0,0.14395830835830833,,,,
kitting_completed,1335.333333333333,AGV_10,TOTE_0267,station_2,KIT_0002_01,,,,,,,,,,,,,,,,,,,,{'PART_04': 359},False,,
dispatch,1335.333333333333,AGV_06,TOTE_0855,station_2,KIT_0002_01,{'PART_02': 20},2880.0,0.2871671188960867,0.279484126984127,0.002909722222222223,0.00477326968973747,0.0,0.21025641025641026,0.6,0.3,0.1,0.03,0.1,0.2,0.1,0.006,2.0,1200.0,0.151274630312011,,,,
kitting_started,1336.6666666666663,AGV_07,TOTE_0261,station_2,KIT_0002_01,,,,,,,,,,,,,,,,,,,,,,,
kitting_started,1349.333333333333,AGV_02,TOTE_0759,station_1,KIT_0001_01,,,,,,,,,,,,,,,,,,,,,,,
kitting_completed,1356.6666666666663,AGV_07,TOTE_0261,station_2,KIT_0002_01,,,,,,,,,,,,,,,,,,,,{'PART_04': 200},False,,
dispatch,1356.6666666666663,AGV_03,TOTE_0606,station_2,KIT_0002_01,{'PART_02': 20},2880.0,0.2885373329156224,0.28075396825396826,0.0027708333333333335,0.005012531328320802,0.0,0.28717948717948716,0.6,0.3,0.1,0.03,0.1,0.2,0.1,0.006,2.0,1200.0,0.1444044510314247,,,,
kitting_started,1357.9999999999995,AGV_06,TOTE_0855,station_2,KIT_0002_01,,,,,,,,,,,,,,,,,,,,,,,
kitting_completed,1359.333333333333,AGV_02,TOTE_0759,station_1,KIT_0001_01,,,,,,,,,,,,,,,,,,,,{'PART_01': 10},False,,
dispatch,1359.333333333333,AGV_01,TOTE_0777,station_1,KIT_0001_01,{'PART_01': 10},2880.0,0.288300649980781,0.2809126984126984,0.005204545454545454,0.002183406113537118,0.0,0.28205128205128205,0.6,0.3,0.1,0.03,0.1,0.2,0.1,0.006,2.0,1200.0,0.14477526178334035,,,,
kitting_completed,1360.666666666666,AGV_05,TOTE_0666,station_3,KIT_0003_01,,,,,,,,,,,,,,,,,,,,"{'PART_01': 10, 'PART_03': 50, 'PART_05': 5}",False,,
dispatch,1360.666666666666,AGV_08,TOTE_0876,station_3,KIT_0003_01,{'PART_01': 10},2880.0,0.2920580184496534,0.28099206349206346,0.010115384615384616,0.0009505703422053232,0.0,0.26153846153846155,0.6,0.3,0.1,0.03,0.1,0.2,0.1,0.006,2.0,1200.0,0.14908096491594586,,,,
kitting_started,1361.9999999999993,AGV_09,TOTE_0318,station_3,KIT_0003_01,,,,,,,,,,,,,,,,,,,,,,,
kitting_started,1365.3333333333328,AGV_04,TOTE_0837,station_1,KIT_0001_01,,,,,,,,,,,,,,,,,,,,,,,
kit_replacement,1366.6666666666667,,,station_4,,,,,,,,,,,,,,,,,,,,,,,KIT_0004_01,KIT_0004_02
dispatch,1366.6666666666667,AGV_10,TOTE_0501,station_4,KIT_0004_02,{'PART_09': 168},2880.0,0.31653439153439156,0.28134920634920635,0.03,0.005185185185185185,-0.4399999999999999,0.23076923076923078,0.6,0.3,0.1,0.03,0.1,0.2,0.1,0.006,2.0,1200.0,0.29884371184371183,,,,
kitting_completed,1367.9999999999995,AGV_06,TOTE_0855,station_2,KIT_0002_01,,,,,,,,,,,,,,,,,,,,{'PART_02': 20},False,,
kitting_completed,1375.3333333333328,AGV_04,TOTE_0837,station_1,KIT_0001_01,,,,,,,,,,,,,,,,,,,,{'PART_01': 10},False,,
dispatch,1375.333333333333,AGV_07,TOTE_0861,station_4,KIT_0004_02,"{'PART_02': 20, 'PART_05': 15}",2880.0,0.3114488467261905,0.2818650793650794,0.028444444444444446,0.0011393229166666667,0.0,0.28205128205128205,0.6,0.3,0.1,0.03,0.1,0.2,0.1,0.006,2.0,1200.0,0.1586641798305861,,,,
dispatch,1379.333333333333,AGV_02,TOTE_0795,station_2,KIT_0002_01,"{'PART_02': 20, 'PART_07': 5}",2880.0,0.29133142511622057,0.2821031746031746,0.0026319444444444437,0.006596306068601583,0.0,0.30256410256410254,0.6,0.3,0.1,0.03,0.1,0.2,0.1,0.006,2.0,1200.0,0.14454244481332207,,,,
kitting_started,1381.9999999999995,AGV_03,TOTE_0606,station_2,KIT_0002_01,,,,,,,,,,,,,,,,,,,,,,,
dispatch,1385.3333333333328,AGV_05,TOTE_0573,station_1,KIT_0001_01,{'PART_06': 30},2880.0,0.2942476551226551,0.28246031746031747,0.00509090909090909,0.006696428571428572,0.0,0.41025641025641024,0.6,0.3,0.1,0.03,0.1,0.2,0.1,0.006,2.0,1200.0,0.13552295204795203,,,,
kitting_started,1385.9999999999998,AGV_01,TOTE_0777,station_1,KIT_0001_01,,,,,,,,,,,,,,,,,,,,,,,
kitting_started,1386.6666666666667,AGV_10,TOTE_0501,station_4,KIT_0004_02,,,,,,,,,,,,,,,,,,,,,,,
kitting_completed,1391.9999999999995,AGV_03,TOTE_0606,station_2,KIT_0002_01,,,,,,,,,,,,,,,,,,,,{'PART_02': 20},False,,
dispatch,1391.9999999999995,AGV_06,TOTE_0624,station_2,KIT_0002_01,{'PART_02': 20},2880.0,0.2909651937046005,0.28285714285714286,0.0024583333333333345,0.005649717514124294,0.0,0.28717948717948716,0.6,0.3,0.1,0.03,0.1,0.2,0.1,0.006,2.0,1200.0,0.14586116750481157,,,,
kitting_completed,1395.9999999999998,AGV_01,TOTE_0777,station_1,KIT_0001_01,,,,,,,,,,,,,,,,,,,,{'PART_01': 10},False,,
dispatch,1398.666666666666,AGV_04,TOTE_0006,station_1,KIT_0001_01,{'PART_01': 1},2880.0,0.28824320270372894,0.2832539682539682,0.00475,0.00023923444976076556,0.07999999999999972,0.2564102564102564,0.6,0.3,0.1,0.03,0.1,0.2,0.1,0.006,2.0,1200.0,0.1233048959812118,,,,
kitting_completed,1401.9999999999993,AGV_09,TOTE_0318,station_3,KIT_0003_01,,,,,,,,,,,,,,,,,,,,{'PART_05': 60},False,,
kitting_started,1403.3333333333326,AGV_08,TOTE_0876,station_3,KIT_0003_01,,,,,,,,,,,,,,,,,,,,,,,
kitting_started,1403.9999999999995,AGV_02,TOTE_0795,station_2,KIT_0002_01,,,,,,,,,,,,,,,,,,,,,,,
kitting_completed,1413.3333333333326,AGV_08,TOTE_0876,station_3,KIT_0003_01,,,,,,,,,,,,,,,,,,,,{'PART_01': 10},False,,
dispatch,1413.9999999999995,AGV_03,TOTE_0894,station_3,KIT_0003_01,{'PART_01': 10},2880.0,0.29514559033417004,0.2841666666666667,0.01001923076923077,0.0009596928982725527,0.0,0.21025641025641026,0.6,0.3,0.1,0.03,0.1,0.2,0.1,0.006,2.0,1200.0,0.15606171317486098,,,,
dispatch,1415.9999999999998,AGV_01,TOTE_0837,station_3,KIT_0003_01,{'PART_01': 10},2880.0,0.29517778345685325,0.2842857142857143,0.009923076923076923,0.0009689922480620155,0.0,0.3128205128205128,0.6,0.3,0.1,0.03,0.1,0.2,0.1,0.006,2.0,1200.0,0.14582461879206066,,,,
kitting_started,1418.666666666666,AGV_05,TOTE_0573,station_1,KIT_0001_01,,,,,,,,,,,,,,,,,,,,,,,
kitting_completed,1423.9999999999995,AGV_02,TOTE_0795,station_2,KIT_0002_01,,,,,,,,,,,,,,,,,,,,"{'PART_02': 20, 'PART_07': 5}",False,,
dispatch,1423.9999999999995,AGV_09,TOTE_0642,station_2,KIT_0002_01,{'PART_02': 20},2880.0,0.293069373158445,0.28476190476190477,0.002319444444444445,0.005988023952095809,0.0,0.26153846153846155,0.6,0.3,0.1,0.03,0.1,0.2,0.1,0.006,2.0,1200.0,0.14968777774122083,,,,
kitting_started,1425.3333333333328,AGV_06,TOTE_0624,station_2,KIT_0002_01,,,,,,,,,,,,,,,,,,,,,,,
kitting_completed,1428.666666666666,AGV_05,TOTE_0573,station_1,KIT_0001_01,,,,,,,,,,,,,,,,,,,,{'PART_06': 30},False,,
kitting_started,1429.9999999999993,AGV_04,TOTE_0006,station_1,KIT_0001_01,,,,,,,,,,,,,,,,,,,,,,,
dispatch,1431.9999999999993,AGV_08,TOTE_0563,station_1,KIT_0001_01,"{'PART_03': 50, 'PART_06': 30}",2880.0,0.30916138387990905,0.28523809523809524,0.004738636363636363,0.01918465227817746,0.0,0.4358974358974359,0.6,0.3,0.1,0.03,0.1,0.2,0.1,0.006,2.0,1200.0,0.14190708673820182,,,,
kitting_started,1432.666666666666,AGV_03,TOTE_0894,station_3,KIT_0003_01,,,,,,,,,,,,,,,,,,,,,,,
kitting_completed,1435.3333333333328,AGV_06,TOTE_0624,station_2,KIT_0002_01,,,,,,,,,,,,,,,,,,,,{'PART_02': 20},False,,
kitting_completed,1442.666666666666,AGV_03,TOTE_0894,station_3,KIT_0003_01,,,,,,,,,,,,,,,,,,,,{'PART_01': 10},False,,
kitting_started,1444.6666666666665,AGV_01,TOTE_0837,station_3,KIT_0003_01,,,,,,,,,,,,,,,,,,,,,,,
kitting_started,1445.9999999999995,AGV_09,TOTE_0642,station_2,KIT_0002_01,,,,,,,,,,,,,,,,,,,,,,,
kitting_completed,1446.6666666666667,AGV_10,TOTE_0501,station_4,KIT_0004_02,,,,,,,,,,,,,,,,,,,,{'PART_09': 168},False,,
kitting_started,1448.0,AGV_07,TOTE_0861,station_4,KIT_0004_02,,,,,,,,,,,,,,,,,,,,,,,
dispatch,1448.6666666666663,AGV_02,TOTE_0591,station_4,KIT_0004_02,{'PART_02': 20},2880.0,0.3150090737169268,0.2862301587301587,0.02812037037037037,0.000658544616397761,0.0,0.3333333333333333,0.6,0.3,0.1,0.03,0.1,0.2,0.1,0.006,2.0,1200.0,0.15567211089682276,,,,
kitting_completed,1449.9999999999993,AGV_04,TOTE_0006,station_1,KIT_0001_01,,,,,,,,,,,,,,,,,,,,{'PART_01': 1},False,,
kitting_completed,1454.6666666666665,AGV_01,TOTE_0837,station_3,KIT_0003_01,,,,,,,,,,,,,,,,,,,,{'PART_01': 10},False,,
kitting_completed,1455.9999999999995,AGV_09,TOTE_0642,station_2,KIT_0002_01,,,,,,,,,,,,,,,,,,,,{'PART_02': 20},False,,
dispatch,1457.3333333333328,AGV_06,TOTE_0876,station_3,KIT_0003_01,{'PART_01': 10},2880.0,0.29755142840416815,0.28674603174603175,0.009826923076923075,0.0009784735812133072,0.0,0.21025641025641026,0.6,0.3,0.1,0.03,0.1,0.2,0.1,0.006,2.0,1200.0,0.15750521601685985,,,,
dispatch,1458.666666666666,AGV_05,TOTE_0771,station_3,KIT_0003_01,{'PART_01': 10},2880.0,0.29754430834865614,0.2868253968253968,0.009730769230769229,0.0009881422924901187,0.0,0.2512820512820513,0.6,0.3,0.1,0.03,0.1,0.2,0.1,0.006,2.0,1200.0,0.15339837988098856,,,,
dispatch,1461.3333333333328,AGV_03,TOTE_0660,station_2,KIT_0002_01,{'PART_02': 20},2880.0,0.2955341092912749,0.28698412698412695,0.0021805555555555554,0.006369426751592357,0.0,0.26153846153846155,0.6,0.3,0.1,0.03,0.1,0.2,0.1,0.006,2.0,1200.0,0.15116661942091875,,,,
dispatch,1466.6666666666667,AGV_10,TOTE_0696,station_2,KIT_0002_01,{'PART_02': 20},2880.0,0.2961459750566894,0.28730158730158734,0.002041666666666666,0.006802721088435375,0.0,0.28717948717948716,0.6,0.3,0.1,0.03,0.1,0.2,0.1,0.006,2.0,1200.0,0.1489696363160649,,,,
kitting_completed,1468.0,AGV_07,TOTE_0861,station_4,KIT_0004_02,,,,,,,,,,,,,,,,,,,,"{'PART_02': 20, 'PART_05': 15}",False,,
dispatch,1469.9999999999993,AGV_04,TOTE_0807,station_4,KIT_0004_02,{'PART_02': 20},2880.0,0.31609809536085637,0.2875,0.027935185185185184,0.0006629101756711966,0.0,0.3076923076923077,0.6,0.3,0.1,0.03,0.1,0.2,0.1,0.006,2.0,1200.0,0.15888962644728305,,,,
kitting_started,1471.999999999999,AGV_08,TOTE_0563,station_1,KIT_0001_01,,,,,,,,,,,,,,,,,,,,,,,
kitting_started,1475.9999999999993,AGV_06,TOTE_0876,station_3,KIT_0003_01,,,,,,,,,,,,,,,,,,,,,,,
dispatch,1476.6666666666665,AGV_01,TOTE_0581,station_1,KIT_0001_01,"{'PART_03': 50, 'PART_06': 30}",2880.0,0.31546524325493164,0.2878968253968254,0.0038295454545454553,0.02373887240356083,0.0,0.41025641025641024,0.6,0.3,0.1,0.03,0.1,0.2,0.1,0.006,2.0,1200.0,0.14825350492731795,,,,
kitting_started,1481.9999999999995,AGV_02,TOTE_0591,station_4,KIT_0004_02,,,,,,,,,,,,,,,,,,,,,,,
kitting_started,1483.3333333333328,AGV_03,TOTE_0660,station_2,KIT_0002_01,,,,,,,,,,,,,,,,,,,,,,,
kitting_completed,1485.9999999999993,AGV_06,TOTE_0876,station_3,KIT_0003_01,,,,,,,,,,,,,,,,,,,,{'PART_01': 10},False,,
dispatch,1485.9999999999993,AGV_09,TOTE_0894,station_3,KIT_0003_01,{'PART_01': 10},2880.0,0.2990850003290123,0.2884523809523809,0.009634615384615384,0.0009980039920159682,0.0,0.21025641025641026,0.6,0.3,0.1,0.03,0.1,0.2,0.1,0.006,2.0,1200.0,0.15842535917176634,,,,
kitting_started,1487.3333333333326,AGV_05,TOTE_0771,station_3,KIT_0003_01,,,,,,,,,,,,,,,,,,,,,,,
kitting_completed,1491.999999999999,AGV_08,TOTE_0563,station_1,KIT_0001_01,,,,,,,,,,,,,,,,,,,,"{'PART_03': 50, 'PART_06': 30}",False,,
dispatch,1491.999999999999,AGV_07,TOTE_0558,station_1,KIT_0001_01,{'PART_06': 30},2880.0,0.3034031301059511,0.2888095238095238,0.002920454545454544,0.011673151750972763,0.0,0.46153846153846156,0.6,0.3,0.1,0.03,0.1,0.2,0.1,0.006,2.0,1200.0,0.1358880319097245,,,,
kitting_completed,1491.9999999999995,AGV_02,TOTE_0591,station_4,KIT_0004_02,,,,,,,,,,,,,,,,,,,,{'PART_02': 20},False,,
kitting_completed,1493.3333333333328,AGV_03,TOTE_0660,station_2,KIT_0002_01,,,,,,,,,,,,,,,,,,,,{'PART_02': 20},False,,
kitting_started,1494.666666666666,AGV_10,TOTE_0696,station_2,KIT_0002_01,,,,,,,,,,,,,,,,,,,,,,,
kitting_completed,1497.3333333333326,AGV_05,TOTE_0771,station_3,KIT_0003_01,,,,,,,,,,,,,,,,,,,,{'PART_01': 10},False,,
kitting_started,1499.9999999999993,AGV_04,TOTE_0807,station_4,KIT_0004_02,,,,,,,,,,,,,,,,,,,,,,,
kitting_started,1504.6666666666658,AGV_09,TOTE_0894,station_3,KIT_0003_01,,,,,,,,,,,,,,,,,,,,,,,
kitting_completed,1504.666666666666,AGV_10,TOTE_0696,station_2,KIT_0002_01,,,,,,,,,,,,,,,,,,,,{'PART_02': 20},False,,
dispatch,1504.666666666666,AGV_06,TOTE_0825,station_4,KIT_0004_02,{'PART_02': 20},2880.0,0.31798082606415934,0.289563492063492,0.02775,0.000667334000667334,0.0,0.2564102564102564,0.6,0.3,0.1,0.03,0.1,0.2,0.1,0.006,2.0,1200.0,0.16514746999746996,,,,
kitting_completed,1509.9999999999993,AGV_04,TOTE_0807,station_4,KIT_0004_02,,,,,,,,,,,,,,,,,,,,{'PART_02': 20},False,,
dispatch,1511.9999999999995,AGV_02,TOTE_0861,station_4,KIT_0004_02,{'PART_02': 20},2880.0,0.31823663208051856,0.29,0.027564814814814813,0.0006718172657037287,0.0,0.23076923076923078,0.6,0.3,0.1,0.03,0.1,0.2,0.1,0.006,2.0,1200.0,0.16786505617138806,,,,
kitting_started,1513.333333333333,AGV_01,TOTE_0581,station_1,KIT_0001_01,,,,,,,,,,,,,,,,,,,,,,,
kitting_completed,1514.6666666666658,AGV_09,TOTE_0894,station_3,KIT_0003_01,,,,,,,,,,,,,,,,,,,,{'PART_01': 10},False,,
dispatch,1515.3333333333328,AGV_03,TOTE_0876,station_3,KIT_0003_01,{'PART_01': 10},2880.0,0.3007449387530033,0.2901984126984127,0.009538461538461537,0.0010080645161290322,0.0,0.21025641025641026,0.6,0.3,0.1,0.03,0.1,0.2,0.1,0.006,2.0,1200.0,0.15942132222616093,,,,
dispatch,1518.6666666666658,AGV_05,TOTE_0789,station_3,KIT_0003_01,{'PART_01': 10},2880.0,0.3008574630280333,0.2903968253968254,0.009442307692307693,0.0010183299389002038,0.0,0.2512820512820513,0.6,0.3,0.1,0.03,0.1,0.2,0.1,0.006,2.0,1200.0,0.15538627268861485,,,,
dispatch,1518.6666666666658,AGV_08,TOTE_0746,station_2,KIT_0002_01,"{'PART_02': 20, 'PART_07': 5}",2880.0,0.301423690765844,0.2903968253968254,0.0019027777777777765,0.009124087591240877,0.0,0.3384615384615385,0.6,0.3,0.1,0.03,0.1,0.2,0.1,0.006,2.0,1200.0,0.14700806061335256,,,,
dispatch,1526.666666666666,AGV_10,TOTE_0714,station_2,KIT_0002_01,{'PART_02': 20},2880.0,0.3006343110537387,0.29087301587301584,0.001729166666666667,0.008032128514056226,0.0,0.26153846153846155,0.6,0.3,0.1,0.03,0.1,0.2,0.1,0.006,2.0,1200.0,0.15422674047839707,,,,
kitting_started,1527.9999999999993,AGV_06,TOTE_0825,station_4,KIT_0004_02,,,,,,,,,,,,,,,,,,,,,,,
kitting_completed,1533.333333333333,AGV_01,TOTE_0581,station_1,KIT_0001_01,,,,,,,,,,,,,,,,,,,,"{'PART_03': 50, 'PART_06': 30}",False,,
dispatch,1533.333333333333,AGV_04,TOTE_0548,station_1,KIT_0001_01,{'PART_06': 30},2880.0,0.30706524575522376,0.2912698412698413,0.0025795454545454533,0.013215859030837005,0.0,0.46153846153846156,0.6,0.3,0.1,0.03,0.1,0.2,0.1,0.006,2.0,1200.0,0.1380853012992881,,,,
kitting_started,1533.9999999999993,AGV_03,TOTE_0876,station_3,KIT_0003_01,,,,,,,,,,,,,,,,,,,,,,,
kitting_started,1534.6666666666663,AGV_07,TOTE_0558,station_1,KIT_0001_01,,,,,,,,,,,,,,,,,,,,,,,
kitting_completed,1537.9999999999993,AGV_06,TOTE_0825,station_4,KIT_0004_02,,,,,,,,,,,,,,,,,,,,{'PART_02': 20},False,,
dispatch,1537.9999999999993,AGV_09,TOTE_0879,station_4,KIT_0004_02,{'PART_05': 15},2880.0,0.31943451955990004,0.29154761904761906,0.02737962962962963,0.0005072708826513358,0.0,0.2564102564102564,0.6,0.3,0.1,0.03,0.1,0.2,0.1,0.006,2.0,1200.0,0.16601968609491438,,,,
kitting_started,1539.3333333333326,AGV_02,TOTE_0861,station_4,KIT_0004_02,,,,,,,,,,,,,,,,,,,,,,,
kitting_completed,1543.9999999999993,AGV_03,TOTE_0876,station_3,KIT_0003_01,,,,,,,,,,,,,,,,,,,,{'PART_01': 10},False,,
kitting_completed,1544.6666666666663,AGV_07,TOTE_0558,station_1,KIT_0001_01,,,,,,,,,,,,,,,,,,,,{'PART_06': 30},False,,
kitting_started,1545.3333333333326,AGV_05,TOTE_0789,station_3,KIT_0003_01,,,,,,,,,,,,,,,,,,,,,,,
kitting_started,1547.3333333333323,AGV_08,TOTE_0746,station_2,KIT_0002_01,,,,,,,,,,,,,,,,,,,,,,,
kitting_completed,1549.3333333333326,AGV_02,TOTE_0861,station_4,KIT_0004_02,,,,,,,,,,,,,,,,,,,,{'PART_02': 20},False,,
kitting_completed,1555.3333333333326,AGV_05,TOTE_0789,station_3,KIT_0003_01,,,,,,,,,,,,,,,,,,,,{'PART_01': 10},False,,
dispatch,1557.9999999999993,AGV_06,TOTE_0897,station_4,KIT_0004_02,{'PART_05': 15},2880.0,0.3204886932188088,0.29273809523809524,0.02724074074074074,0.0005098572399728076,0.0,0.23076923076923078,0.6,0.3,0.1,0.03,0.1,0.2,0.1,0.006,2.0,1200.0,0.16921629285436218,,,,
dispatch,1559.9999999999998,AGV_01,TOTE_0894,station_3,KIT_0003_01,{'PART_01': 10},2880.0,0.30323210328765887,0.29285714285714287,0.009346153846153846,0.00102880658436214,0.0,0.3128205128205128,0.6,0.3,0.1,0.03,0.1,0.2,0.1,0.006,2.0,1200.0,0.15065721069054405,,,,
kitting_started,1561.3333333333326,AGV_09,TOTE_0879,station_4,KIT_0004_02,,,,,,,,,,,,,,,,,,,,,,,
dispatch,1562.666666666666,AGV_03,TOTE_0006,station_3,KIT_0003_01,{'PART_01': 59},2880.0,0.30839892914892914,0.293015873015873,0.00925,0.006133056133056133,-0.07999999999999972,0.3641025641025641,0.6,0.3,0.1,0.03,0.1,0.2,0.1,0.006,2.0,1200.0,0.17262910107910098,,,,
kitting_completed,1567.3333333333323,AGV_08,TOTE_0746,station_2,KIT_0002_01,,,,,,,,,,,,,,,,,,,,"{'PART_02': 20, 'PART_07': 5}",False,,
kitting_started,1568.6666666666656,AGV_10,TOTE_0714,station_2,KIT_0002_01,,,,,,,,,,,,,,,,,,,,,,,
dispatch,1569.3333333333326,AGV_02,TOTE_0732,station_2,KIT_0002_01,{'PART_02': 20},2880.0,0.30373660064462465,0.2934126984126984,0.0015902777777777777,0.008733624454148471,0.0,0.28717948717948716,0.6,0.3,0.1,0.03,0.1,0.2,0.1,0.006,2.0,1200.0,0.15352401166882607,,,,
kitting_completed,1571.3333333333326,AGV_09,TOTE_0879,station_4,KIT_0004_02,,,,,,,,,,,,,,,,,,,,{'PART_05': 15},False,,
dispatch,1576.6666666666658,AGV_05,TOTE_0846,station_4,KIT_0004_02,"{'PART_02': 20, 'PART_05': 15}",2880.0,0.322146821781516,0.2938492063492063,0.02710185185185185,0.0011957635804578067,0.0,0.2564102564102564,0.6,0.3,0.1,0.03,0.1,0.2,0.1,0.006,2.0,1200.0,0.16764706742788396,,,,
kitting_started,1576.6666666666663,AGV_04,TOTE_0548,station_1,KIT_0001_01,,,,,,,,,,,,,,,,,,,,,,,
kitting_started,1577.9999999999993,AGV_06,TOTE_0897,station_4,KIT_0004_02,,,,,,,,,,,,,,,,,,,,,,,
dispatch,1577.9999999999995,AGV_07,TOTE_0576,station_1,KIT_0001_01,{'PART_06': 30},2880.0,0.31139563418814686,0.29392857142857143,0.0022386363636363624,0.015228426395939089,0.0,0.4358974358974359,0.6,0.3,0.1,0.03,0.1,0.2,0.1,0.006,2.0,1200.0,0.14324763692314452,,,,
kitting_completed,1578.6666666666656,AGV_10,TOTE_0714,station_2,KIT_0002_01,,,,,,,,,,,,,,,,,,,,{'PART_02': 20},False,,
kitting_completed,1586.6666666666663,AGV_04,TOTE_0548,station_1,KIT_0001_01,,,,,,,,,,,,,,,,,,,,{'PART_06': 30},False,,
kitting_completed,1587.9999999999993,AGV_06,TOTE_0897,station_4,KIT_0004_02,,,,,,,,,,,,,,,,,,,,{'PART_05': 15},False,,
dispatch,1591.3333333333326,AGV_09,TOTE_0456,station_1,KIT_0001_01,{'PART_06': 150},2880.0,0.3864403087763866,0.2947222222222222,0.001897727272727272,0.08982035928143713,0.0,0.3076923076923077,0.6,0.3,0.1,0.03,0.1,0.2,0.1,0.006,2.0,1200.0,0.20109495449660117,,,,
kitting_started,1591.9999999999995,AGV_01,TOTE_0894,station_3,KIT_0003_01,,,,,,,,,,,,,,,,,,,,,,,
dispatch,1592.6666666666656,AGV_08,TOTE_0879,station_4,KIT_0004_02,{'PART_05': 15},2880.0,0.32209803727853514,0.29480158730158723,0.02677777777777778,0.0005186721991701245,0.0,0.3333333333333333,0.6,0.3,0.1,0.03,0.1,0.2,0.1,0.006,2.0,1200.0,0.15992548903378775,,,,
kitting_started,1594.6666666666658,AGV_02,TOTE_0732,station_2,KIT_0002_01,,,,,,,,,,,,,,,,,,,,,,,
kitting_started,1599.999999999999,AGV_05,TOTE_0846,station_4,KIT_0004_02,,,,,,,,,,,,,,,,,,,,,,,
dispatch,1600.6666666666656,AGV_10,TOTE_0813,station_2,KIT_0002_01,"{'PART_02': 20, 'PART_07': 5}",2880.0,0.30869088915470494,0.29527777777777775,0.0014513888888888881,0.011961722488038277,0.0,0.37948717948717947,0.6,0.3,0.1,0.03,0.1,0.2,0.1,0.006,2.0,1200.0,0.147265815544105,,,,
kitting_completed,1601.9999999999995,AGV_01,TOTE_0894,station_3,KIT_0003_01,,,,,,,,,,,,,,,,,,,,{'PART_01': 10},False,,
kitting_started,1603.3333333333328,AGV_03,TOTE_0006,station_3,KIT_0003_01,,,,,,,,,,,,,,,,,,,,,,,
kitting_completed,1604.6666666666658,AGV_02,TOTE_0732,station_2,KIT_0002_01,,,,,,,,,,,,,,,,,,,,{'PART_02': 20},False,,
dispatch,1607.9999999999993,AGV_06,TOTE_0609,station_3,KIT_0003_01,{'PART_03': 50},2880.0,0.3099340765823324,0.2957142857142857,0.008682692307692306,0.005537098560354375,0.0,0.2512820512820513,0.6,0.3,0.1,0.03,0.1,0.2,0.1,0.006,2.0,1200.0,0.16083224082119432,,,,
kitting_started,1611.3333333333328,AGV_07,TOTE_0576,station_1,KIT_0001_01,,,,,,,,,,,,,,,,,,,,,,,
dispatch,1616.6666666666663,AGV_04,TOTE_0764,station_2,KIT_0002_01,"{'PART_02': 20, 'PART_07': 5}",2880.0,0.31109489302967563,0.29623015873015873,0.0012777777777777787,0.01358695652173913,0.0,0.3128205128205128,0.6,0.3,0.1,0.03,0.1,0.2,0.1,0.006,2.0,1200.0,0.1553748845357541,,,,
kitting_completed,1619.999999999999,AGV_05,TOTE_0846,station_4,KIT_0004_02,,,,,,,,,,,,,,,,,,,,"{'PART_02': 20, 'PART_05': 15}",False,,
dispatch,1620.6666666666663,AGV_01,TOTE_0897,station_4,KIT_0004_02,{'PART_05': 15},2880.0,0.323628519290928,0.29646825396825394,0.02663888888888889,0.0005213764337851929,0.0,0.2564102564102564,0.6,0.3,0.1,0.03,0.1,0.2,0.1,0.006,2.0,1200.0,0.16853608593353117,,,,
kitting_completed,1621.3333333333328,AGV_07,TOTE_0576,station_1,KIT_0001_01,,,,,,,,,,,,,,,,,,,,{'PART_06': 30},False,,
kitting_started,1622.666666666666,AGV_09,TOTE_0456,station_1,KIT_0001_01,,,,,,,,,,,,,,,,,,,,,,,
kitting_started,1625.9999999999989,AGV_08,TOTE_0879,station_4,KIT_0004_02,,,,,,,,,,,,,,,,,,,,,,,
dispatch,1626.6666666666658,AGV_02,TOTE_0204,station_1,KIT_0001_01,{'PART_03': 17},2880.0,0.3970185786435786,0.29682539682539677,0.00019318181818181901,0.1,0.2719999999999999,0.28205128205128205,0.6,0.3,0.1,0.03,0.1,0.2,0.1,0.006,2.0,1200.0,0.12840601898101894,,,,
kitting_started,1635.3333333333321,AGV_10,TOTE_0813,station_2,KIT_0002_01,,,,,,,,,,,,,,,,,,,,,,,
kitting_completed,1635.9999999999989,AGV_08,TOTE_0879,station_4,KIT_0004_02,,,,,,,,,,,,,,,,,,,,{'PART_05': 15},False,,
dispatch,1639.999999999999,AGV_05,TOTE_0846,station_4,KIT_0004_02,"{'PART_02': 20, 'PART_05': 15}",2880.0,0.32534196865328935,0.29761904761904756,0.0265,0.0012229210342417892,0.0,0.23076923076923078,0.6,0.3,0.1,0.03,0.1,0.2,0.1,0.006,2.0,1200.0,0.17212825811505053,,,,
kitting_started,1643.9999999999995,AGV_01,TOTE_0897,station_4,KIT_0004_02,,,,,,,,,,,,,,,,,,,,,,,
kitting_completed,1653.9999999999995,AGV_01,TOTE_0897,station_4,KIT_0004_02,,,,,,,,,,,,,,,,,,,,{'PART_05': 15},False,,
dispatch,1654.666666666666,AGV_07,TOTE_0864,station_4,KIT_0004_02,"{'PART_02': 20, 'PART_05': 15}",2880.0,0.325906050967335,0.2984920634920635,0.026175925925925925,0.0012380615493455963,0.0,0.23076923076923078,0.6,0.3,0.1,0.03,0.1,0.2,0.1,0.006,2.0,1200.0,0.17246670750347792,,,,
kitting_completed,1655.3333333333321,AGV_10,TOTE_0813,station_2,KIT_0002_01,,,,,,,,,,,,,,,,,,,,"{'PART_02': 20, 'PART_07': 5}",False,,
dispatch,1655.9999999999989,AGV_08,TOTE_0807,station_2,KIT_0002_01,{'PART_07': 5},2880.0,0.3028202493261455,0.2985714285714285,0.001104166666666666,0.0031446540880503146,0.0,0.3128205128205128,0.6,0.3,0.1,0.03,0.1,0.2,0.1,0.006,2.0,1200.0,0.150410098313636,,,,
kitting_started,1656.6666666666654,AGV_04,TOTE_0764,station_2,KIT_0002_01,,,,,,,,,,,,,,,,,,,,,,,
kitting_started,1659.999999999999,AGV_05,TOTE_0846,station_4,KIT_0004_02,,,,,,,,,,,,,,,,,,,,,,,
kitting_completed,1672.666666666666,AGV_09,TOTE_0456,station_1,KIT_0001_01,,,,,,,,,,,,,,,,,,,,{'PART_06': 150},False,,
kitting_completed,1673.3333333333328,AGV_03,TOTE_0006,station_3,KIT_0003_01,,,,,,,,,,,,,,,,,,,,{'PART_01': 59},False,,
kitting_started,1673.9999999999993,AGV_02,TOTE_0204,station_1,KIT_0001_01,,,,,,,,,,,,,,,,,,,,,,,
dispatch,1673.9999999999995,AGV_01,TOTE_0627,station_3,KIT_0003_01,{'PART_03': 50},2880.0,0.3137064449325586,0.2996428571428571,0.008201923076923077,0.005861664712778429,0.0,0.2512820512820513,0.6,0.3,0.1,0.03,0.1,0.2,0.1,0.006,2.0,1200.0,0.16309566183133004,,,,
kitting_started,1674.666666666666,AGV_06,TOTE_0609,station_3,KIT_0003_01,,,,,,,,,,,,,,,,,,,,,,,
kitting_completed,1676.6666666666654,AGV_04,TOTE_0764,station_2,KIT_0002_01,,,,,,,,,,,,,,,,,,,,"{'PART_02': 20, 'PART_07': 5}",False,,
dispatch,1679.9999999999989,AGV_10,TOTE_0687,station_2,KIT_0002_01,{'PART_02': 20},2880.0,0.3140564574314574,0.29999999999999993,0.0010694444444444427,0.012987012987012986,0.0,0.30256410256410254,0.6,0.3,0.1,0.03,0.1,0.2,0.1,0.006,2.0,1200.0,0.15817746420246415,,,,
kitting_completed,1679.999999999999,AGV_05,TOTE_0846,station_4,KIT_0004_02,,,,,,,,,,,,,,,,,,,,"{'PART_02': 20, 'PART_05': 15}",False,,
kitting_started,1681.3333333333321,AGV_08,TOTE_0807,station_2,KIT_0002_01,,,,,,,,,,,,,,,,,,,,,,,
kitting_started,1681.3333333333323,AGV_07,TOTE_0864,station_4,KIT_0004_02,,,,,,,,,,,,,,,,,,,,,,,
kitting_completed,1684.666666666666,AGV_06,TOTE_0609,station_3,KIT_0003_01,,,,,,,,,,,,,,,,,,,,{'PART_03': 50},False,,
kitting_completed,1691.3333333333321,AGV_08,TOTE_0807,station_2,KIT_0002_01,,,,,,,,,,,,,,,,,,,,{'PART_07': 5},False,,
dispatch,1692.666666666666,AGV_09,TOTE_0879,station_4,KIT_0004_02,{'PART_05': 15},2880.0,0.33120938199564215,0.3048202808601227,0.02585185185185185,0.0005372492836676218,0.0,0.3076923076923077,0.6,0.3,0.1,0.03,0.1,0.2,0.1,0.006,2.0,1200.0,0.16795639842815452,,,,
kitting_completed,1693.9999999999993,AGV_02,TOTE_0204,station_1,KIT_0001_01,,,,,,,,,,,,,,,,,,,,{'PART_03': 17},True,,
kitting_started,1695.3333333333328,AGV_01,TOTE_0627,station_3,KIT_0003_01,,,,,,,,,,,,,,,,,,,,,,,
dispatch,1698.666666666666,AGV_03,TOTE_0705,station_2,KIT_0002_01,{'PART_02': 20},2880.0,0.3259598861216689,0.310103957431785,0.0009305555555555566,0.014925373134328358,0.0,0.3282051282051282,0.6,0.3,0.1,0.03,0.1,0.2,0.1,0.006,2.0,1200.0,0.1627554188524885,,,,
dispatch,1699.999999999999,AGV_05,TOTE_0645,station_3,KIT_0003_01,{'PART_03': 50},2880.0,0.325456092777434,0.3115082888690136,0.0077211538461538455,0.006226650062266501,0.0,0.27692307692307694,0.6,0.3,0.1,0.03,0.1,0.2,0.1,0.006,2.0,1200.0,0.1675813479741527,,,,
kitting_completed,1701.3333333333323,AGV_07,TOTE_0864,station_4,KIT_0004_02,,,,,,,,,,,,,,,,,,,,"{'PART_02': 20, 'PART_05': 15}",False,,
dispatch,1701.9999999999986,AGV_04,TOTE_0897,station_4,KIT_0004_02,{'PART_05': 15},2880.0,0.34001550875347286,0.31376239454816207,0.025712962962962962,0.0005401512423478574,0.0,0.3333333333333333,0.6,0.3,0.1,0.03,0.1,0.2,0.1,0.006,2.0,1200.0,0.1706759719187504,,,,
kitting_started,1704.6666666666654,AGV_10,TOTE_0687,station_2,KIT_0002_01,,,,,,,,,,,,,,,,,,,,,,,
kitting_completed,1705.3333333333328,AGV_01,TOTE_0627,station_3,KIT_0003_01,,,,,,,,,,,,,,,,,,,,{'PART_03': 50},False,,
dispatch,1705.9999999999993,AGV_06,TOTE_0663,station_3,KIT_0003_01,{'PART_03': 50},2880.0,0.3326573235947317,0.31877683273764723,0.007240384615384616,0.006640106241699867,0.0,0.2512820512820513,0.6,0.3,0.1,0.03,0.1,0.2,0.1,0.006,2.0,1200.0,0.1744661890286339,,,,
kitting_completed,1714.6666666666654,AGV_10,TOTE_0687,station_2,KIT_0002_01,,,,,,,,,,,,,,,,,,,,{'PART_02': 20},False,,
dispatch,1714.6666666666654,AGV_02,TOTE_0723,station_2,KIT_0002_01,{'PART_02': 20},2880.0,0.35007510367024736,0.33173957735445786,0.0007916666666666672,0.017543859649122806,0.0,0.3282051282051282,0.6,0.3,0.1,0.03,0.1,0.2,0.1,0.006,2.0,1200.0,0.1772245493816356,,,,
kitting_started,1722.666666666666,AGV_09,TOTE_0879,station_4,KIT_0004_02,,,,,,,,,,,,,,,,,,,,,,,
kitting_started,1724.6666666666656,AGV_05,TOTE_0645,station_3,KIT_0003_01,,,,,,,,,,,,,,,,,,,,,,,
kitting_started,1726.6666666666658,AGV_03,TOTE_0705,station_2,KIT_0002_01,,,,,,,,,,,,,,,,,,,,,,,
kitting_completed,1732.666666666666,AGV_09,TOTE_0879,station_4,KIT_0004_02,,,,,,,,,,,,,,,,,,,,{'PART_05': 15},False,,
dispatch,1732.666666666666,AGV_08,TOTE_0864,station_4,KIT_0004_02,"{'PART_02': 20, 'PART_05': 15}",2880.0,0.3929091751460347,0.3660679033891221,0.025574074074074075,0.001267197682838523,0.0,0.23076923076923078,0.6,0.3,0.1,0.03,0.1,0.2,0.1,0.006,2.0,1200.0,0.21266858201069772,,,,
kitting_completed,1734.6666666666656,AGV_05,TOTE_0645,station_3,KIT_0003_01,,,,,,,,,,,,,,,,,,,,{'PART_03': 50},False,,
dispatch,1734.6666666666656,AGV_07,TOTE_0204,station_3,KIT_0003_01,{'PART_03': 183},2880.0,0.40316806651046416,0.3703771566735017,0.006759615384615384,0.026031294452347083,-0.0719999999999999,0.4153846153846154,0.6,0.3,0.1,0.03,0.1,0.2,0.1,0.006,2.0,1200.0,0.22196237836781688,,,,
kitting_started,1735.333333333332,AGV_04,TOTE_0897,station_4,KIT_0004_02,,,,,,,,,,,,,,,,,,,,,,,
kitting_started,1735.9999999999989,AGV_06,TOTE_0663,station_3,KIT_0003_01,,,,,,,,,,,,,,,,,,,,,,,
kitting_completed,1736.6666666666658,AGV_03,TOTE_0705,station_2,KIT_0002_01,,,,,,,,,,,,,,,,,,,,{'PART_02': 20},False,,
dispatch,1736.6666666666658,AGV_01,TOTE_0810,station_2,KIT_0002_01,"{'PART_02': 20, 'PART_07': 5}",2880.0,0.40201723461496025,0.3747687121563314,0.0006527777777777776,0.026595744680851064,0.0,0.38974358974358975,0.6,0.3,0.1,0.03,0.1,0.2,0.1,0.006,2.0,1200.0,0.20223598179461716,,,,
kitting_started,1742.6666666666652,AGV_02,TOTE_0723,station_2,KIT_0002_01,,,,,,,,,,,,,,,,,,,,,,,
kitting_completed,1745.333333333332,AGV_04,TOTE_0897,station_4,KIT_0004_02,,,,,,,,,,,,,,,,,,,,{'PART_05': 15},False,,
dispatch,1745.333333333332,AGV_10,TOTE_0804,station_4,KIT_0004_02,{'PART_09': 40},2880.0,0.42136785287985445,0.394651039531853,0.025249999999999998,0.001466813348001467,0.0,0.358974358974359,0.6,0.3,0.1,0.03,0.1,0.2,0.1,0.006,2.0,1200.0,0.21692327583047674,,,,
kitting_completed,1745.9999999999989,AGV_06,TOTE_0663,station_3,KIT_0003_01,,,,,,,,,,,,,,,,,,,,{'PART_03': 50},False,,
kitting_completed,1752.6666666666652,AGV_02,TOTE_0723,station_2,KIT_0002_01,,,,,,,,,,,,,,,,,,,,{'PART_02': 20},False,,
dispatch,1752.666666666666,AGV_09,TOTE_0612,station_3,KIT_0003_01,{'PART_03': 50},2880.0,0.42700651307611925,0.4123911284607346,0.004999999999999998,0.009615384615384616,0.0,0.3282051282051282,0.6,0.3,0.1,0.03,0.1,0.2,0.1,0.006,2.0,1200.0,0.22338339502515872,,,,
kit_replacement,1753.9999999999993,,,station_1,,,,,,,,,,,,,,,,,,,,,,,KIT_0001_01,KIT_0005_01
dispatch,1755.9999999999989,AGV_05,TOTE_0995,station_1,KIT_0005_01,{'PART_10': 3},2880.0,0.45086826049562156,0.4206830753104364,0.03,0.0001851851851851852,-0.504,0.46153846153846156,0.6,0.3,0.1,0.03,0.1,0.2,0.1,0.006,2.0,1200.0,0.3755671101435268,,,,
kitting_started,1755.9999999999993,AGV_08,TOTE_0864,station_4,KIT_0004_02,,,,,,,,,,,,,,,,,,,,,,,
dispatch,1761.3333333333326,AGV_03,TOTE_0993,station_1,KIT_0005_01,{'PART_10': 5},2880.0,0.46445230233092955,0.4341986432915562,0.029944444444444444,0.00030921459492888067,-0.4400000000000001,0.23076923076923078,0.6,0.3,0.1,0.03,0.1,0.2,0.1,0.006,2.0,1200.0,0.38759445832163464,,,,
dispatch,1765.333333333332,AGV_04,TOTE_0825,station_2,KIT_0002_01,{'PART_07': 5},2880.0,0.4522330225527521,0.4445074790744913,0.00047916666666666827,0.007246376811594204,0.0,0.3128205128205128,0.6,0.3,0.1,0.03,0.1,0.2,0.1,0.006,2.0,1200.0,0.2400577622496,,,,
kitting_started,1768.6666666666656,AGV_01,TOTE_0810,station_2,KIT_0002_01,,,,,,,,,,,,,,,,,,,,,,,
kitting_started,1773.3333333333321,AGV_07,TOTE_0204,station_3,KIT_0003_01,,,,,,,,,,,,,,,,,,,,,,,
kitting_completed,1775.9999999999993,AGV_08,TOTE_0864,station_4,KIT_0004_02,,,,,,,,,,,,,,,,,,,,"{'PART_02': 20, 'PART_05': 15}",False,,
dispatch,1775.9999999999993,AGV_06,TOTE_0648,station_4,KIT_0004_02,{'PART_02': 20},2880.0,0.4981712686235169,0.47254731446839415,0.02487962962962963,0.000744324525493115,0.0,0.2564102564102564,0.6,0.3,0.1,0.03,0.1,0.2,0.1,0.006,2.0,1200.0,0.27326173553308447,,,,
kitting_started,1778.6666666666652,AGV_10,TOTE_0804,station_4,KIT_0004_02,,,,,,,,,,,,,,,,,,,,,,,
kitting_started,1781.3333333333326,AGV_03,TOTE_0993,station_1,KIT_0005_01,,,,,,,,,,,,,,,,,,,,,,,
kitting_completed,1788.6666666666652,AGV_10,TOTE_0804,station_4,KIT_0004_02,,,,,,,,,,,,,,,,,,,,{'PART_09': 40},False,,
dispatch,1788.6666666666652,AGV_02,TOTE_0822,station_4,KIT_0004_02,{'PART_09': 40},2880.0,0.5326888043727809,0.5064945474049019,0.024694444444444446,0.0014998125234345708,0.0,0.358974358974359,0.6,0.3,0.1,0.03,0.1,0.2,0.1,0.006,2.0,1200.0,0.2837158467262326,,,,
kitting_completed,1788.6666666666656,AGV_01,TOTE_0810,station_2,KIT_0002_01,,,,,,,,,,,,,,,,,,,,"{'PART_02': 20, 'PART_07': 5}",False,,
kitting_started,1790.6666666666652,AGV_04,TOTE_0825,station_2,KIT_0002_01,,,,,,,,,,,,,,,,,,,,,,,
dispatch,1795.9999999999993,AGV_08,TOTE_0594,station_2,KIT_0002_01,{'PART_07': 5},2880.0,0.5345407097172246,0.5262837652727801,0.00044444444444444506,0.0078125,0.0,0.3641025641025641,0.6,0.3,0.1,0.03,0.1,0.2,0.1,0.006,2.0,1200.0,0.2843141694200783,,,,
kitting_started,1799.3333333333326,AGV_06,TOTE_0648,station_4,KIT_0004_02,,,,,,,,,,,,,,,,,,,,,,,
kitting_completed,1800.6666666666652,AGV_04,TOTE_0825,station_2,KIT_0002_01,,,,,,,,,,,,,,,,,,,,{'PART_07': 5},False,,
kitting_completed,1801.3333333333326,AGV_03,TOTE_0993,station_1,KIT_0005_01,,,,,,,,,,,,,,,,,,,,{'PART_10': 5},False,,
kitting_started,1802.6666666666658,AGV_05,TOTE_0995,station_1,KIT_0005_01,,,,,,,,,,,,,,,,,,,,,,,
kitting_completed,1809.3333333333326,AGV_06,TOTE_0648,station_4,KIT_0004_02,,,,,,,,,,,,,,,,,,,,{'PART_02': 20},False,,
dispatch,1811.9999999999984,AGV_10,TOTE_0798,station_1,KIT_0005_01,"{'PART_05': 15, 'PART_10': 25}",2880.0,0.6016823775083869,0.5693491360783713,0.029851851851851848,0.002481389578163772,0.0,0.28205128205128205,0.6,0.3,0.1,0.03,0.1,0.2,0.1,0.006,2.0,1200.0,0.33280429829990393,,,,
dispatch,1817.3333333333323,AGV_01,TOTE_0666,station_4,KIT_0004_02,{'PART_02': 20},2880.0,0.6086641483273229,0.583578749548262,0.024324074074074074,0.0007613247049866769,0.0,0.23076923076923078,0.6,0.3,0.1,0.03,0.1,0.2,0.1,0.006,2.0,1200.0,0.3421215659194706,,,,
dispatch,1821.3333333333326,AGV_03,TOTE_0597,station_2,KIT_0002_01,{'PART_07': 5},2880.0,0.6030713369215606,0.5941870384281519,0.00040972222222222186,0.00847457627118644,0.0,0.30256410256410254,0.6,0.3,0.1,0.03,0.1,0.2,0.1,0.006,2.0,1200.0,0.3315863918965261,,,,
kitting_started,1821.9999999999984,AGV_02,TOTE_0822,station_4,KIT_0004_02,,,,,,,,,,,,,,,,,,,,,,,
kitting_completed,1822.6666666666658,AGV_05,TOTE_0995,station_1,KIT_0005_01,,,,,,,,,,,,,,,,,,,,{'PART_10': 3},False,,
kitting_completed,1823.3333333333321,AGV_07,TOTE_0204,station_3,KIT_0003_01,,,,,,,,,,,,,,,,,,,,{'PART_03': 183},False,,
kitting_started,1824.6666666666654,AGV_09,TOTE_0612,station_3,KIT_0003_01,,,,,,,,,,,,,,,,,,,,,,,
kitting_started,1824.6666666666658,AGV_08,TOTE_0594,station_2,KIT_0002_01,,,,,,,,,,,,,,,,,,,,,,,
dispatch,1825.9999999999984,AGV_04,TOTE_0816,station_1,KIT_0005_01,"{'PART_05': 15, 'PART_10': 25}",2880.0,0.6381380501283728,0.6064824097551752,0.02911111111111111,0.002544529262086514,0.0,0.3076923076923077,0.6,0.3,0.1,0.03,0.1,0.2,0.1,0.006,2.0,1200.0,0.3521135993077929,,,,
dispatch,1829.3333333333326,AGV_06,TOTE_0630,station_3,KIT_0003_01,{'PART_03': 50},2880.0,0.6303629018642978,0.6152053732227266,0.004519230769230769,0.010638297872340427,0.0,0.30256410256410254,0.6,0.3,0.1,0.03,0.1,0.2,0.1,0.006,2.0,1200.0,0.3479613308621684,,,,
kitting_completed,1831.9999999999984,AGV_02,TOTE_0822,station_4,KIT_0004_02,,,,,,,,,,,,,,,,,,,,{'PART_09': 40},False,,
kitting_completed,1834.6666666666654,AGV_09,TOTE_0612,station_3,KIT_0003_01,,,,,,,,,,,,,,,,,,,,{'PART_03': 50},False,,
kitting_completed,1834.6666666666658,AGV_08,TOTE_0594,station_2,KIT_0002_01,,,,,,,,,,,,,,,,,,,,{'PART_07': 5},False,,
kitting_started,1837.3333333333323,AGV_01,TOTE_0666,station_4,KIT_0004_02,,,,,,,,,,,,,,,,,,,,,,,
kitting_started,1838.6666666666652,AGV_10,TOTE_0798,station_1,KIT_0005_01,,,,,,,,,,,,,,,,,,,,,,,
kitting_started,1845.999999999999,AGV_03,TOTE_0597,station_2,KIT_0002_01,,,,,,,,,,,,,,,,,,,,,,,
kitting_completed,1847.3333333333323,AGV_01,TOTE_0666,station_4,KIT_0004_02,,,,,,,,,,,,,,,,,,,,{'PART_02': 20},False,,
dispatch,1848.6666666666654,AGV_07,TOTE_0684,station_4,KIT_0004_02,{'PART_02': 20},2880.0,0.6895350817410405,0.6646290275280242,0.024138888888888887,0.0007671653241273495,0.0,0.3333333333333333,0.6,0.3,0.1,0.03,0.1,0.2,0.1,0.006,2.0,1200.0,0.380387715711291,,,,
dispatch,1849.3333333333326,AGV_05,TOTE_0997,station_2,KIT_0002_01,{'PART_02': 14},2880.0,0.6925943518896374,0.6662934259637114,0.00037499999999999865,0.025925925925925925,-0.040000000000000036,0.49230769230769234,0.6,0.3,0.1,0.03,0.1,0.2,0.1,0.006,2.0,1200.0,0.37832584190301316,,,,
kitting_started,1853.999999999999,AGV_06,TOTE_0630,station_3,KIT_0003_01,,,,,,,,,,,,,,,,,,,,,,,
dispatch,1855.3333333333317,AGV_02,TOTE_0702,station_4,KIT_0004_02,{'PART_02': 20},2880.0,0.7058681913122868,0.6811413913580999,0.023953703703703703,0.0007730962504831852,0.0,0.28205128205128205,0.6,0.3,0.1,0.03,0.1,0.2,0.1,0.006,2.0,1200.0,0.39531578658224387,,,,
kitting_completed,1855.999999999999,AGV_03,TOTE_0597,station_2,KIT_0002_01,,,,,,,,,,,,,,,,,,,,{'PART_07': 5},False,,
kitting_completed,1858.6666666666652,AGV_10,TOTE_0798,station_1,KIT_0005_01,,,,,,,,,,,,,,,,,,,,"{'PART_05': 15, 'PART_10': 25}",False,,
dispatch,1859.3333333333321,AGV_09,TOTE_0564,station_1,KIT_0005_01,{'PART_05': 15},2880.0,0.7202538320379729,0.690904349396062,0.02837037037037037,0.00097911227154047,0.0,0.3333333333333333,0.6,0.3,0.1,0.03,0.1,0.2,0.1,0.006,2.0,1200.0,0.39881896588945037,,,,
kitting_started,1859.9999999999984,AGV_04,TOTE_0816,station_1,KIT_0005_01,,,,,,,,,,,,,,,,,,,,,,,
dispatch,1863.3333333333326,AGV_08,TOTE_0648,station_3,KIT_0003_01,{'PART_03': 50},2880.0,0.716498115312779,0.7005548918695556,0.004038461538461538,0.011904761904761904,0.0,0.30256410256410254,0.6,0.3,0.1,0.03,0.1,0.2,0.1,0.006,2.0,1200.0,0.3996424589312571,,,,
kitting_completed,1863.999999999999,AGV_06,TOTE_0630,station_3,KIT_0003_01,,,,,,,,,,,,,,,,,,,,{'PART_03': 50},False,,
dispatch,1867.3333333333323,AGV_01,TOTE_0720,station_3,KIT_0003_01,{'PART_03': 50},2880.0,0.7271613084053241,0.7100901025841183,0.003557692307692308,0.013513513513513514,0.0,0.30256410256410254,0.6,0.3,0.1,0.03,0.1,0.2,0.1,0.006,2.0,1200.0,0.40604037478678423,,,,
dispatch,1878.6666666666652,AGV_10,TOTE_0782,station_2,KIT_0002_01,{'PART_07': 5},2880.0,0.7492366076983947,0.736458829920617,0.000277777777777779,0.0125,0.0,0.38974358974358975,0.6,0.3,0.1,0.03,0.1,0.2,0.1,0.006,2.0,1200.0,0.41056760564467787,,,,
kitting_completed,1879.9999999999984,AGV_04,TOTE_0816,station_1,KIT_0005_01,,,,,,,,,,,,,,,,,,,,"{'PART_05': 15, 'PART_10': 25}",False,,
dispatch,1880.6666666666658,AGV_03,TOTE_0741,station_1,KIT_0005_01,"{'PART_02': 20, 'PART_05': 15, 'PART_10': 25}",2880.0,0.7730580471643913,0.7410102798849167,0.028092592592592593,0.003955174686882004,0.0,0.23076923076923078,0.6,0.3,0.1,0.03,0.1,0.2,0.1,0.006,2.0,1200.0,0.44075790522171165,,,,
kitting_started,1881.9999999999984,AGV_02,TOTE_0702,station_4,KIT_0004_02,,,,,,,,,,,,,,,,,,,,,,,
kitting_started,1887.999999999999,AGV_08,TOTE_0648,station_3,KIT_0003_01,,,,,,,,,,,,,,,,,,,,,,,
kitting_started,1891.3333333333326,AGV_05,TOTE_0997,station_2,KIT_0002_01,,,,,,,,,,,,,,,,,,,,,,,
kitting_completed,1891.9999999999984,AGV_02,TOTE_0702,station_4,KIT_0004_02,,,,,,,,,,,,,,,,,,,,{'PART_02': 20},False,,
dispatch,1891.9999999999984,AGV_06,TOTE_0108,station_4,KIT_0004_02,{'PART_02': 100},2880.0,0.7938735886640219,0.7662094721712144,0.02376851851851852,0.0038955979742890537,0.0,0.23076923076923078,0.6,0.3,0.1,0.03,0.1,0.2,0.1,0.006,2.0,1200.0,0.45324723012149004,,,,
kitting_started,1892.6666666666654,AGV_09,TOTE_0564,station_1,KIT_0005_01,,,,,,,,,,,,,,,,,,,,,,,
kitting_started,1893.3333333333317,AGV_07,TOTE_0684,station_4,KIT_0004_02,,,,,,,,,,,,,,,,,,,,,,,
kitting_completed,1897.999999999999,AGV_08,TOTE_0648,station_3,KIT_0003_01,,,,,,,,,,,,,,,,,,,,{'PART_03': 50},False,,
kitting_started,1899.3333333333323,AGV_01,TOTE_0720,station_3,KIT_0003_01,,,,,,,,,,,,,,,,,,,,,,,
dispatch,1899.9999999999984,AGV_04,TOTE_0582,station_3,KIT_0003_01,{'PART_08': 12},2880.0,0.7902085221391366,0.7833815990622135,0.003076923076923076,0.00375,0.0,0.3128205128205128,0.6,0.3,0.1,0.03,0.1,0.2,0.1,0.006,2.0,1200.0,0.44284306200143064,,,,
kitting_completed,1902.6666666666654,AGV_09,TOTE_0564,station_1,KIT_0005_01,,,,,,,,,,,,,,,,,,,,{'PART_05': 15},False,,
kitting_completed,1903.3333333333317,AGV_07,TOTE_0684,station_4,KIT_0004_02,,,,,,,,,,,,,,,,,,,,{'PART_02': 20},False,,
kitting_started,1903.9999999999986,AGV_03,TOTE_0741,station_1,KIT_0005_01,,,,,,,,,,,,,,,,,,,,,,,
kitting_completed,1909.3333333333323,AGV_01,TOTE_0720,station_3,KIT_0003_01,,,,,,,,,,,,,,,,,,,,{'PART_03': 50},False,,
kitting_completed,1911.3333333333326,AGV_05,TOTE_0997,station_2,KIT_0002_01,,,,,,,,,,,,,,,,,,,,{'PART_02': 14},False,,
kitting_started,1911.9999999999984,AGV_06,TOTE_0108,station_4,KIT_0004_02,,,,,,,,,,,,,,,,,,,,,,,
dispatch,1911.9999999999984,AGV_02,TOTE_0882,station_4,KIT_0004_02,{'PART_05': 15},2880.0,0.8316226093164288,0.808171990781396,0.02284259259259259,0.0006080259424402108,0.0,0.23076923076923078,0.6,0.3,0.1,0.03,0.1,0.2,0.1,0.006,2.0,1200.0,0.4758966425129342,,,,
kitting_started,1913.9999999999984,AGV_10,TOTE_0782,station_2,KIT_0002_01,,,,,,,,,,,,,,,,,,,,,,,
dispatch,1922.6666666666654,AGV_09,TOTE_0600,station_1,KIT_0005_01,{'PART_05': 15},2880.0,0.8572404483809091,0.8292294542021043,0.02698148148148148,0.001029512697323267,0.0,0.23076923076923078,0.6,0.3,0.1,0.03,0.1,0.2,0.1,0.006,2.0,1200.0,0.49126734595162236,,,,
dispatch,1922.6666666666658,AGV_08,TOTE_0702,station_3,KIT_0003_01,{'PART_03': 50},2880.0,0.8484247588974099,0.8292294542021051,0.0029615384615384608,0.016233766233766236,0.0,0.30256410256410254,0.6,0.3,0.1,0.03,0.1,0.2,0.1,0.006,2.0,1200.0,0.4787984450820356,,,,
dispatch,1923.3333333333317,AGV_07,TOTE_0800,station_2,KIT_0002_01,{'PART_07': 5},2880.0,0.8450437938980212,0.8305150240567514,0.0002430555555555558,0.014285714285714285,0.0,0.441025641025641,0.6,0.3,0.1,0.03,0.1,0.2,0.1,0.006,2.0,1200.0,0.4629237122362486,,,,
kitting_completed,1923.9999999999984,AGV_10,TOTE_0782,station_2,KIT_0002_01,,,,,,,,,,,,,,,,,,,,{'PART_07': 5},False,,
kitting_started,1925.3333333333317,AGV_04,TOTE_0582,station_3,KIT_0003_01,,,,,,,,,,,,,,,,,,,,,,,
kitting_completed,1933.9999999999986,AGV_03,TOTE_0741,station_1,KIT_0005_01,,,,,,,,,,,,,,,,,,,,"{'PART_02': 20, 'PART_05': 15, 'PART_10': 25}",False,,
dispatch,1933.999999999999,AGV_01,TOTE_0672,station_1,KIT_0005_01,{'PART_05': 15},2880.0,0.8783424727525339,0.8505985471348219,0.026703703703703705,0.001040221914008322,0.0,0.3333333333333333,0.6,0.3,0.1,0.03,0.1,0.2,0.1,0.006,2.0,1200.0,0.493672150318187,,,,
kitting_completed,1935.3333333333317,AGV_04,TOTE_0582,station_3,KIT_0003_01,,,,,,,,,,,,,,,,,,,,{'PART_08': 12},False,,
kitting_started,1942.6666666666654,AGV_09,TOTE_0600,station_1,KIT_0005_01,,,,,,,,,,,,,,,,,,,,,,,
dispatch,1943.3333333333326,AGV_05,TOTE_0192,station_3,KIT_0003_01,{'PART_03': 150},2880.0,0.9280482943181588,0.8674279902036687,0.0024807692307692317,0.058139534883720936,0.0,0.3384615384615385,0.6,0.3,0.1,0.03,0.1,0.2,0.1,0.006,2.0,1200.0,0.5229828227447414,,,,
kitting_started,1947.3333333333323,AGV_08,TOTE_0702,station_3,KIT_0003_01,,,,,,,,,,,,,,,,,,,,,,,
dispatch,1949.3333333333317,AGV_10,TOTE_0818,station_2,KIT_0002_01,{'PART_07': 5},2880.0,0.8947602340391567,0.8778852340391566,0.0002083333333333326,0.016666666666666666,0.0,0.3128205128205128,0.6,0.3,0.1,0.03,0.1,0.2,0.1,0.006,2.0,1200.0,0.5055740891414428,,,,
kitting_completed,1952.6666666666654,AGV_09,TOTE_0600,station_1,KIT_0005_01,,,,,,,,,,,,,,,,,,,,{'PART_05': 15},False,,
dispatch,1953.9999999999986,AGV_03,TOTE_0759,station_1,KIT_0005_01,"{'PART_02': 20, 'PART_05': 15, 'PART_10': 25}",2880.0,0.9164559300896588,0.8858253790761365,0.026425925925925926,0.004204625087596356,0.0,0.23076923076923078,0.6,0.3,0.1,0.03,0.1,0.2,0.1,0.006,2.0,1200.0,0.5267966349768721,,,,
kitting_completed,1957.3333333333323,AGV_08,TOTE_0702,station_3,KIT_0003_01,,,,,,,,,,,,,,,,,,,,{'PART_03': 50},False,,
dispatch,1960.666666666665,AGV_04,TOTE_0561,station_3,KIT_0003_01,{'PART_08': 12},2880.0,0.9090282650946446,0.896878692445072,0.001038461538461538,0.011111111111111112,0.0,0.38974358974358975,0.6,0.3,0.1,0.03,0.1,0.2,0.1,0.006,2.0,1200.0,0.5064426000824278,,,,
kitting_completed,1961.9999999999984,AGV_06,TOTE_0108,station_4,KIT_0004_02,,,,,,,,,,,,,,,,,,,,{'PART_02': 100},False,,
kitting_started,1963.3333333333317,AGV_02,TOTE_0882,station_4,KIT_0004_02,,,,,,,,,,,,,,,,,,,,,,,
kitting_started,1965.3333333333317,AGV_07,TOTE_0800,station_2,KIT_0002_01,,,,,,,,,,,,,,,,,,,,,,,
kitting_started,1967.3333333333323,AGV_01,TOTE_0672,station_1,KIT_0005_01,,,,,,,,,,,,,,,,,,,,,,,
dispatch,1972.6666666666654,AGV_09,TOTE_0900,station_4,KIT_0004_02,{'PART_05': 15},2880.0,0.9392469528897797,0.9159315036722098,0.0227037037037037,0.0006117455138662317,0.0,0.3333333333333333,0.6,0.3,0.1,0.03,0.1,0.2,0.1,0.006,2.0,1200.0,0.5302148384005344,,,,
kitting_completed,1973.3333333333317,AGV_02,TOTE_0882,station_4,KIT_0004_02,,,,,,,,,,,,,,,,,,,,{'PART_05': 15},False,,
kitting_completed,1975.3333333333317,AGV_07,TOTE_0800,station_2,KIT_0002_01,,,,,,,,,,,,,,,,,,,,{'PART_07': 5},False,,
kitting_started,1976.666666666665,AGV_10,TOTE_0818,station_2,KIT_0002_01,,,,,,,,,,,,,,,,,,,,,,,
kitting_completed,1977.3333333333323,AGV_01,TOTE_0672,station_1,KIT_0005_01,,,,,,,,,,,,,,,,,,,,{'PART_05': 15},False,,
kitting_started,1978.6666666666656,AGV_03,TOTE_0759,station_1,KIT_0005_01,,,,,,,,,,,,,,,,,,,,,,,
kitting_started,1978.6666666666658,AGV_05,TOTE_0192,station_3,KIT_0003_01,,,,,,,,,,,,,,,,,,,,,,,
dispatch,1981.9999999999984,AGV_06,TOTE_0690,station_1,KIT_0005_01,{'PART_05': 15},2880.0,0.956431411829618,0.9300193036717161,0.025314814814814814,0.0010972933430870519,0.0,0.3333333333333333,0.6,0.3,0.1,0.03,0.1,0.2,0.1,0.006,2.0,1200.0,0.5405255137644375,,,,
dispatch,1981.999999999999,AGV_08,TOTE_0557,station_4,KIT_0004_02,"{'PART_04': 100, 'PART_05': 15}",2880.0,0.9573030351873936,0.9300193036717171,0.022564814814814812,0.004718916700861716,0.0,0.38461538461538464,0.6,0.3,0.1,0.03,0.1,0.2,0.1,0.006,2.0,1200.0,0.5359202826508976,,,,
kitting_completed,1986.666666666665,AGV_10,TOTE_0818,station_2,KIT_0002_01,,,,,,,,,,,,,,,,,,,,{'PART_07': 5},False,,
dispatch,1993.3333333333317,AGV_02,TOTE_0477,station_2,KIT_0002_01,{'PART_07': 25},2880.0,1.0464667870861253,0.9462931759750141,0.00017361111111111272,0.1,0.2,0.28717948717948716,0.6,0.3,0.1,0.03,0.1,0.2,0.1,0.006,2.0,1200.0,0.5391621235337265,,,,
kitting_started,2005.9999999999986,AGV_09,TOTE_0900,station_4,KIT_0004_02,,,,,,,,,,,,,,,,,,,,,,,
kitting_completed,2008.6666666666656,AGV_03,TOTE_0759,station_1,KIT_0005_01,,,,,,,,,,,,,,,,,,,,"{'PART_02': 20, 'PART_05': 15, 'PART_10': 25}",False,,
dispatch,2008.6666666666656,AGV_07,TOTE_0708,station_1,KIT_0005_01,{'PART_05': 15},2880.0,0.9930592258161797,0.9669127213235212,0.025037037037037038,0.0011094674556213018,0.0,0.23076923076923078,0.6,0.3,0.1,0.03,0.1,0.2,0.1,0.006,2.0,1200.0,0.5727586124127847,,,,
kitting_completed,2008.6666666666658,AGV_05,TOTE_0192,station_3,KIT_0003_01,,,,,,,,,,,,,,,,,,,,{'PART_03': 150},False,,
dispatch,2008.6666666666658,AGV_01,TOTE_0579,station_3,KIT_0003_01,{'PART_08': 12},2880.0,0.9803357982465986,0.9669127213235217,0.0009230769230769231,0.0125,0.0,0.38974358974358975,0.6,0.3,0.1,0.03,0.1,0.2,0.1,0.006,2.0,1200.0,0.5492271199736002,,,,
kitting_started,2009.999999999999,AGV_04,TOTE_0561,station_3,KIT_0003_01,,,,,,,,,,,,,,,,,,,,,,,
kitting_started,2015.3333333333317,AGV_06,TOTE_0690,station_1,KIT_0005_01,,,,,,,,,,,,,,,,,,,,,,,
kitting_completed,2015.9999999999986,AGV_09,TOTE_0900,station_4,KIT_0004_02,,,,,,,,,,,,,,,,,,,,{'PART_05': 15},False,,
dispatch,2015.9999999999986,AGV_10,TOTE_0554,station_4,KIT_0004_02,"{'PART_04': 100, 'PART_05': 15}",2880.0,1.0026806929014738,0.9762280658558236,0.0215,0.0049526270456503015,0.0,0.38461538461538464,0.6,0.3,0.1,0.03,0.1,0.2,0.1,0.006,2.0,1200.0,0.5631468772793458,,,,
kitting_started,2017.333333333332,AGV_08,TOTE_0557,station_4,KIT_0004_02,,,,,,,,,,,,,,,,,,,,,,,
kitting_completed,2019.999999999999,AGV_04,TOTE_0561,station_3,KIT_0003_01,,,,,,,,,,,,,,,,,,,,{'PART_08': 12},False,,
kitting_started,2021.9999999999982,AGV_02,TOTE_0477,station_2,KIT_0002_01,,,,,,,,,,,,,,,,,,,,,,,
kitting_completed,2025.3333333333317,AGV_06,TOTE_0690,station_1,KIT_0005_01,,,,,,,,,,,,,,,,,,,,{'PART_05': 15},False,,
dispatch,2027.3333333333326,AGV_05,TOTE_0726,station_1,KIT_0005_01,{'PART_05': 15},2880.0,1.0158393689776894,0.98995819498395,0.02475925925925926,0.0011219147344801795,0.0,0.28205128205128205,0.6,0.3,0.1,0.03,0.1,0.2,0.1,0.006,2.0,1200.0,0.5812984931814854,,,,
dispatch,2028.6666666666656,AGV_03,TOTE_0597,station_3,KIT_0003_01,{'PART_08': 12},2880.0,1.0066150830192897,0.9915216764258832,0.0008076923076923081,0.014285714285714285,0.0,0.3641025641025641,0.6,0.3,0.1,0.03,0.1,0.2,0.1,0.006,2.0,1200.0,0.5675587934013174,,,,
kitting_completed,2037.333333333332,AGV_08,TOTE_0557,station_4,KIT_0004_02,,,,,,,,,,,,,,,,,,,,"{'PART_04': 100, 'PART_05': 15}",False,,
dispatch,2037.333333333332,AGV_09,TOTE_0882,station_4,KIT_0004_02,{'PART_05': 15},2880.0,1.0225406726023394,1.0014258317760123,0.020435185185185188,0.0006796556411418215,0.0,0.23076923076923078,0.6,0.3,0.1,0.03,0.1,0.2,0.1,0.006,2.0,1200.0,0.5904474804844805,,,,
kitting_started,2038.6666666666656,AGV_07,TOTE_0708,station_1,KIT_0005_01,,,,,,,,,,,,,,,,,,,,,,,
kitting_started,2040.6666666666656,AGV_01,TOTE_0579,station_3,KIT_0003_01,,,,,,,,,,,,,,,,,,,,,,,
kitting_completed,2048.6666666666656,AGV_07,TOTE_0708,station_1,KIT_0005_01,,,,,,,,,,,,,,,,,,,,{'PART_05': 15},False,,
dispatch,2048.6666666666656,AGV_06,TOTE_0777,station_1,KIT_0005_01,"{'PART_02': 20, 'PART_05': 15, 'PART_10': 25}",2880.0,1.042740992092371,1.0137209326986352,0.02448148148148148,0.0045385779122541605,0.0,0.2564102564102564,0.6,0.3,0.1,0.03,0.1,0.2,0.1,0.006,2.0,1200.0,0.6000035696143968,,,,
kitting_started,2049.333333333332,AGV_10,TOTE_0554,station_4,KIT_0004_02,,,,,,,,,,,,,,,,,,,,,,,
kitting_completed,2050.6666666666656,AGV_01,TOTE_0579,station_3,KIT_0003_01,,,,,,,,,,,,,,,,,,,,{'PART_08': 12},False,,
dispatch,2050.6666666666656,AGV_04,TOTE_0495,station_3,KIT_0003_01,{'PART_08': 72},2880.0,1.1165080882323108,1.015815780540003,0.0006923076923076931,0.1,0.2,0.3128205128205128,0.6,0.3,0.1,0.03,0.1,0.2,0.1,0.006,2.0,1200.0,0.5786228016573352,,,,
kitting_started,2053.9999999999995,AGV_05,TOTE_0726,station_1,KIT_0005_01,,,,,,,,,,,,,,,,,,,,,,,
kitting_started,2057.3333333333326,AGV_03,TOTE_0597,station_3,KIT_0003_01,,,,,,,,,,,,,,,,,,,,,,,
kitting_completed,2063.9999999999995,AGV_05,TOTE_0726,station_1,KIT_0005_01,,,,,,,,,,,,,,,,,,,,{'PART_05': 15},False,,
dispatch,2063.9999999999995,AGV_08,TOTE_0795,station_1,KIT_0005_01,"{'PART_01': 10, 'PART_05': 15, 'PART_10': 25}",2880.0,1.0565614063497697,1.0292290708446925,0.023370370370370368,0.003961965134706815,0.0,0.41025641025641024,0.6,0.3,0.1,0.03,0.1,0.2,0.1,0.006,2.0,1200.0,0.5929112027842208,,,,
kitting_completed,2067.3333333333326,AGV_03,TOTE_0597,station_3,KIT_0003_01,,,,,,,,,,,,,,,,,,,,{'PART_08': 12},False,,
kitting_completed,2069.333333333332,AGV_10,TOTE_0554,station_4,KIT_0004_02,,,,,,,,,,,,,,,,,,,,"{'PART_04': 100, 'PART_05': 15}",False,,
dispatch,2069.333333333332,AGV_07,TOTE_0900,station_4,KIT_0004_02,{'PART_05': 15},2880.0,1.0553140954341602,1.0343334925685208,0.020296296296296295,0.0006843065693430657,0.0,0.3333333333333333,0.6,0.3,0.1,0.03,0.1,0.2,0.1,0.006,2.0,1200.0,0.5998551239271628,,,,
kitting_started,2070.6666666666656,AGV_09,TOTE_0882,station_4,KIT_0004_02,,,,,,,,,,,,,,,,,,,,,,,
kitting_completed,2071.999999999998,AGV_02,TOTE_0477,station_2,KIT_0002_01,,,,,,,,,,,,,,,,,,,,{'PART_07': 25},True,,
kitting_started,2071.999999999999,AGV_06,TOTE_0777,station_1,KIT_0005_01,,,,,,,,,,,,,,,,,,,,,,,
kitting_started,2079.333333333332,AGV_04,TOTE_0495,station_3,KIT_0003_01,,,,,,,,,,,,,,,,,,,,,,,
kitting_completed,2080.6666666666656,AGV_09,TOTE_0882,station_4,KIT_0004_02,,,,,,,,,,,,,,,,,,,,{'PART_05': 15},False,,
dispatch,2080.6666666666656,AGV_01,TOTE_0801,station_4,KIT_0004_02,"{'PART_05': 15, 'PART_09': 40}",2880.0,1.0673911231972206,1.0447073032955552,0.02015740740740741,0.0025264124942581535,0.0,0.38461538461538464,0.6,0.3,0.1,0.03,0.1,0.2,0.1,0.006,2.0,1200.0,0.6019731354567939,,,,
kitting_completed,2101.999999999999,AGV_06,TOTE_0777,station_1,KIT_0005_01,,,,,,,,,,,,,,,,,,,,"{'PART_02': 20, 'PART_05': 15, 'PART_10': 25}",False,,
dispatch,2101.999999999999,AGV_10,TOTE_0813,station_1,KIT_0005_01,"{'PART_01': 10, 'PART_05': 15, 'PART_10': 25}",2880.0,1.0891583115372678,1.0625884545515691,0.022444444444444447,0.004125412541254126,0.0,0.23076923076923078,0.6,0.3,0.1,0.03,0.1,0.2,0.1,0.006,2.0,1200.0,0.6304180638454375,,,,
kitting_started,2102.6666666666656,AGV_07,TOTE_0900,station_4,KIT_0004_02,,,,,,,,,,,,,,,,,,,,,,,
kitting_started,2107.333333333333,AGV_08,TOTE_0795,station_1,KIT_0005_01,,,,,,,,,,,,,,,,,,,,,,,
kitting_completed,2112.6666666666656,AGV_07,TOTE_0900,station_4,KIT_0004_02,,,,,,,,,,,,,,,,,,,,{'PART_05': 15},False,,
dispatch,2112.6666666666656,AGV_02,TOTE_0882,station_4,KIT_0004_02,{'PART_05': 15},2880.0,1.0911315334778895,1.0707765050281393,0.01964814814814815,0.000706880301602262,0.0,0.23076923076923078,0.6,0.3,0.1,0.03,0.1,0.2,0.1,0.006,2.0,1200.0,0.6316019970098106,,,,
kitting_started,2113.999999999999,AGV_01,TOTE_0801,station_4,KIT_0004_02,,,,,,,,,,,,,,,,,,,,,,,
kit_replacement,2131.999999999998,,,station_2,,,,,,,,,,,,,,,,,,,,,,,KIT_0002_01,KIT_0005_02
dispatch,2131.999999999998,AGV_05,TOTE_0819,station_2,KIT_0005_02,"{'PART_05': 15, 'PART_10': 25}",2880.0,1.1169107029348297,1.0844415671323606,0.03,0.0024691358024691358,0.0,0.28717948717948716,0.6,0.3,0.1,0.03,0.1,0.2,0.1,0.006,2.0,1200.0,0.641428473042949,,,,
dispatch,2131.999999999998,AGV_06,TOTE_0615,station_2,KIT_0005_02,{'PART_05': 15},2880.0,1.1146501934802275,1.0844415671323606,0.02925925925925926,0.000949367088607595,0.0,0.30256410256410254,0.6,0.3,0.1,0.03,0.1,0.2,0.1,0.006,2.0,1200.0,0.6385337058317263,,,,
kitting_completed,2133.999999999999,AGV_01,TOTE_0801,station_4,KIT_0004_02,,,,,,,,,,,,,,,,,,,,"{'PART_05': 15, 'PART_09': 40}",False,,
dispatch,2133.999999999999,AGV_03,TOTE_0900,station_4,KIT_0004_02,{'PART_05': 15},2880.0,1.1059943801713439,1.085773208240039,0.019509259259259257,0.0007119126720455624,0.0,0.23076923076923078,0.6,0.3,0.1,0.03,0.1,0.2,0.1,0.006,2.0,1200.0,0.6405197050258832,,,,
kitting_completed,2137.333333333333,AGV_08,TOTE_0795,station_1,KIT_0005_01,,,,,,,,,,,,,,,,,,,,"{'PART_01': 10, 'PART_05': 15, 'PART_10': 25}",False,,
dispatch,2137.333333333333,AGV_09,TOTE_0633,station_1,KIT_0005_01,{'PART_05': 15},2880.0,1.1107692471422832,1.0879598508268629,0.021518518518518517,0.0012908777969018934,0.0,0.358974358974359,0.6,0.3,0.1,0.03,0.1,0.2,0.1,0.006,2.0,1200.0,0.630564112387934,,,,
kitting_completed,2139.333333333332,AGV_04,TOTE_0495,station_3,KIT_0003_01,,,,,,,,,,,,,,,,,,,,{'PART_08': 72},True,,
kitting_started,2141.999999999999,AGV_10,TOTE_0813,station_1,KIT_0005_01,,,,,,,,,,,,,,,,,,,,,,,
kitting_started,2142.6666666666656,AGV_02,TOTE_0882,station_4,KIT_0004_02,,,,,,,,,,,,,,,,,,,,,,,
kitting_completed,2152.6666666666656,AGV_02,TOTE_0882,station_4,KIT_0004_02,,,,,,,,,,,,,,,,,,,,{'PART_05': 15},False,,
dispatch,2152.6666666666656,AGV_07,TOTE_0611,station_4,KIT_0004_02,"{'PART_04': 100, 'PART_05': 15}",2880.0,1.122376675111023,1.0975091728094861,0.01937037037037037,0.005497131931166348,0.0,0.38461538461538464,0.6,0.3,0.1,0.03,0.1,0.2,0.1,0.006,2.0,1200.0,0.6349644666050753,,,,
kitting_started,2153.9999999999986,AGV_05,TOTE_0819,station_2,KIT_0005_02,,,,,,,,,,,,,,,,,,,,,,,
kitting_started,2170.6666666666656,AGV_03,TOTE_0900,station_4,KIT_0004_02,,,,,,,,,,,,,,,,,,,,,,,
kitting_completed,2171.999999999999,AGV_10,TOTE_0813,station_1,KIT_0005_01,,,,,,,,,,,,,,,,,,,,"{'PART_01': 10, 'PART_05': 15, 'PART_10': 25}",False,,
dispatch,2171.999999999999,AGV_04,TOTE_0651,station_1,KIT_0005_01,{'PART_05': 15},2880.0,1.1309809220831373,1.1084324219701212,0.02124074074074074,0.0013077593722755014,0.0,0.23076923076923078,0.6,0.3,0.1,0.03,0.1,0.2,0.1,0.006,2.0,1200.0,0.6555116301729592,,,,
kitting_completed,2173.9999999999986,AGV_05,TOTE_0819,station_2,KIT_0005_02,,,,,,,,,,,,,,,,,,,,"{'PART_05': 15, 'PART_10': 25}",False,,
dispatch,2173.9999999999986,AGV_01,TOTE_0669,station_2,KIT_0005_02,{'PART_05': 15},2880.0,1.1394356718753518,1.1094957239401961,0.02898148148148148,0.0009584664536741214,0.0,0.30256410256410254,0.6,0.3,0.1,0.03,0.1,0.2,0.1,0.006,2.0,1200.0,0.6534049928688008,,,,
kitting_started,2173.9999999999995,AGV_09,TOTE_0633,station_1,KIT_0005_01,,,,,,,,,,,,,,,,,,,,,,,
kitting_started,2175.333333333332,AGV_06,TOTE_0615,station_2,KIT_0005_02,,,,,,,,,,,,,,,,,,,,,,,
kitting_completed,2180.6666666666656,AGV_03,TOTE_0900,station_4,KIT_0004_02,,,,,,,,,,,,,,,,,,,,{'PART_05': 15},False,,
dispatch,2180.6666666666656,AGV_08,TOTE_0855,station_4,KIT_0004_02,{'PART_05': 15},2880.0,1.1320184098896495,1.1129541289926674,0.018305555555555554,0.0007587253414264037,0.0,0.38461538461538464,0.6,0.3,0.1,0.03,0.1,0.2,0.1,0.006,2.0,1200.0,0.6407495074722512,,,,
kitting_completed,2183.9999999999995,AGV_09,TOTE_0633,station_1,KIT_0005_01,,,,,,,,,,,,,,,,,,,,{'PART_05': 15},False,,
dispatch,2183.9999999999995,AGV_02,TOTE_0687,station_1,KIT_0005_01,{'PART_05': 15},2880.0,1.1369228494257069,1.1146347981235212,0.02096296296296296,0.001325088339222615,0.0,0.358974358974359,0.6,0.3,0.1,0.03,0.1,0.2,0.1,0.006,2.0,1200.0,0.6462562737579882,,,,
kitting_completed,2185.333333333332,AGV_06,TOTE_0615,station_2,KIT_0005_02,,,,,,,,,,,,,,,,,,,,{'PART_05': 15},False,,
kitting_started,2185.999999999999,AGV_07,TOTE_0611,station_4,KIT_0004_02,,,,,,,,,,,,,,,,,,,,,,,
dispatch,2191.999999999999,AGV_10,TOTE_0705,station_2,KIT_0005_02,{'PART_05': 15},2880.0,1.1482120050747209,1.1185405594355333,0.028703703703703703,0.0009677419354838711,0.0,0.30256410256410254,0.6,0.3,0.1,0.03,0.1,0.2,0.1,0.006,2.0,1200.0,0.6586707927884222,,,,
kitting_started,2198.6666666666656,AGV_04,TOTE_0651,station_1,KIT_0005_01,,,,,,,,,,,,,,,,,,,,,,,
kit_replacement,2199.333333333332,,,station_3,,,,,,,,,,,,,,,,,,,,,,,KIT_0003_01,KIT_0006_01
dispatch,2199.333333333332,AGV_05,TOTE_0873,station_3,KIT_0006_01,{'PART_01': 10},5760.0,0.27842940685045947,0.24823099415204677,0.03,0.0001984126984126984,0.0,0.26153846153846155,0.6,0.3,0.1,0.03,0.1,0.2,0.1,0.006,2.0,1200.0,0.14090379795642952,,,,
dispatch,2200.6666666666656,AGV_03,TOTE_0807,station_3,KIT_0006_01,{'PART_01': 10},5760.0,0.27839951726566253,0.24826023391812865,0.02994047619047619,0.00019880715705765406,0.0,0.27692307692307694,0.6,0.3,0.1,0.03,0.1,0.2,0.1,0.006,2.0,1200.0,0.13934740266708984,,,,
kitting_started,2205.333333333332,AGV_01,TOTE_0669,station_2,KIT_0005_02,,,,,,,,,,,,,,,,,,,,,,,
kitting_completed,2205.999999999999,AGV_07,TOTE_0611,station_4,KIT_0004_02,,,,,,,,,,,,,,,,,,,,"{'PART_04': 100, 'PART_05': 15}",False,,
dispatch,2205.999999999999,AGV_09,TOTE_0891,station_4,KIT_0004_02,{'PART_05': 15},2880.0,1.143891742359527,1.1249605496989765,0.018166666666666668,0.0007645259938837921,0.0,0.38461538461538464,0.6,0.3,0.1,0.03,0.1,0.2,0.1,0.006,2.0,1200.0,0.6478735069541777,,,,
kitting_completed,2208.6666666666656,AGV_04,TOTE_0651,station_1,KIT_0005_01,,,,,,,,,,,,,,,,,,,,{'PART_05': 15},False,,
dispatch,2209.9999999999986,AGV_06,TOTE_0723,station_1,KIT_0005_01,{'PART_05': 15},2880.0,1.14873031872932,1.1267022508225593,0.020685185185185185,0.0013428827215756492,0.0,0.23076923076923078,0.6,0.3,0.1,0.03,0.1,0.2,0.1,0.006,2.0,1200.0,0.6661612681606689,,,,
kitting_started,2213.999999999999,AGV_08,TOTE_0855,station_4,KIT_0004_02,,,,,,,,,,,,,,,,,,,,,,,
kitting_completed,2215.333333333332,AGV_01,TOTE_0669,station_2,KIT_0005_02,,,,,,,,,,,,,,,,,,,,{'PART_05': 15},False,,
kitting_started,2216.666666666666,AGV_10,TOTE_0705,station_2,KIT_0005_02,,,,,,,,,,,,,,,,,,,,,,,
kitting_started,2220.666666666666,AGV_02,TOTE_0687,station_1,KIT_0005_01,,,,,,,,,,,,,,,,,,,,,,,
kitting_started,2221.333333333332,AGV_05,TOTE_0873,station_3,KIT_0006_01,,,,,,,,,,,,,,,,,,,,,,,
kitting_completed,2223.999999999999,AGV_08,TOTE_0855,station_4,KIT_0004_02,,,,,,,,,,,,,,,,,,,,{'PART_05': 15},False,,
kitting_completed,2226.666666666666,AGV_10,TOTE_0705,station_2,KIT_0005_02,,,,,,,,,,,,,,,,,,,,{'PART_05': 15},False,,
dispatch,2228.6666666666656,AGV_04,TOTE_0674,station_2,KIT_0005_02,"{'PART_01': 10, 'PART_02': 20, 'PART_05': 15, 'PART_10': 25}",2880.0,1.167307315519485,1.13432112900724,0.028425925925925924,0.004560260586319218,0.0,0.4153846153846154,0.6,0.3,0.1,0.03,0.1,0.2,0.1,0.006,2.0,1200.0,0.6588459277732295,,,,
kitting_completed,2230.666666666666,AGV_02,TOTE_0687,station_1,KIT_0005_01,,,,,,,,,,,,,,,,,,,,{'PART_05': 15},False,,
kitting_completed,2231.333333333332,AGV_05,TOTE_0873,station_3,KIT_0006_01,,,,,,,,,,,,,,,,,,,,{'PART_01': 10},False,,
kitting_started,2231.9999999999995,AGV_06,TOTE_0723,station_1,KIT_0005_01,,,,,,,,,,,,,,,,,,,,,,,
kitting_started,2232.6666666666656,AGV_03,TOTE_0807,station_3,KIT_0006_01,,,,,,,,,,,,,,,,,,,,,,,
dispatch,2232.6666666666656,AGV_07,TOTE_0629,station_4,KIT_0004_02,"{'PART_04': 100, 'PART_05': 15}",2880.0,1.1597841546505074,1.1358498540170543,0.018027777777777775,0.005906522855675399,0.0,0.3333333333333333,0.6,0.3,0.1,0.03,0.1,0.2,0.1,0.006,2.0,1200.0,0.6625371594569711,,,,
kitting_started,2239.3333333333326,AGV_09,TOTE_0891,station_4,KIT_0004_02,,,,,,,,,,,,,,,,,,,,,,,
dispatch,2239.9999999999986,AGV_01,TOTE_0692,station_2,KIT_0005_02,"{'PART_01': 10, 'PART_02': 20, 'PART_05': 15, 'PART_10': 25}",2880.0,1.1704702049182492,1.1385624182920324,0.02712962962962963,0.004778156996587031,0.0,0.4153846153846154,0.6,0.3,0.1,0.03,0.1,0.2,0.1,0.006,2.0,1200.0,0.660743661412488,,,,
kitting_completed,2241.9999999999995,AGV_06,TOTE_0723,station_1,KIT_0005_01,,,,,,,,,,,,,,,,,,,,{'PART_05': 15},False,,
kitting_completed,2242.6666666666656,AGV_03,TOTE_0807,station_3,KIT_0006_01,,,,,,,,,,,,,,,,,,,,{'PART_01': 10},False,,
kitting_completed,2249.3333333333326,AGV_09,TOTE_0891,station_4,KIT_0004_02,,,,,,,,,,,,,,,,,,,,{'PART_05': 15},False,,
dispatch,2250.6666666666656,AGV_08,TOTE_0671,station_1,KIT_0005_01,"{'PART_01': 10, 'PART_02': 20, 'PART_05': 15, 'PART_10': 25}",2880.0,1.1690675897836145,1.1423080952618694,0.020407407407407405,0.006352087114337568,0.0,0.41025641025641024,0.6,0.3,0.1,0.03,0.1,0.2,0.1,0.006,2.0,1200.0,0.6604149128445277,,,,
dispatch,2250.666666666666,AGV_02,TOTE_0668,station_1,KIT_0005_01,"{'PART_01': 10, 'PART_02': 20, 'PART_05': 15, 'PART_10': 25}",2880.0,1.1682021521094146,1.1423080952618694,0.01911111111111111,0.006782945736434108,0.0,0.38461538461538464,0.6,0.3,0.1,0.03,0.1,0.2,0.1,0.006,2.0,1200.0,0.6624597528041103,,,,
dispatch,2251.3333333333326,AGV_10,TOTE_0744,station_4,KIT_0004_02,{'PART_05': 15},2880.0,1.1603163433985524,1.1425346031430128,0.01696296296296296,0.0008187772925764193,0.0,0.41025641025641024,0.6,0.3,0.1,0.03,0.1,0.2,0.1,0.006,2.0,1200.0,0.6551641650134904,,,,
dispatch,2253.333333333332,AGV_05,TOTE_0873,station_3,KIT_0006_01,{'PART_01': 10},5760.0,0.2794953602465659,0.24941520467836256,0.02988095238095238,0.00019920318725099602,0.0,0.26153846153846155,0.6,0.3,0.1,0.03,0.1,0.2,0.1,0.006,2.0,1200.0,0.14154336999409337,,,,
kitting_started,2259.3333333333326,AGV_07,TOTE_0629,station_4,KIT_0004_02,,,,,,,,,,,,,,,,,,,,,,,
dispatch,2261.9999999999995,AGV_06,TOTE_0825,station_3,KIT_0006_01,{'PART_01': 10},5760.0,0.2796262925277265,0.24960526315789475,0.02982142857142857,0.0001996007984031936,0.0,0.35384615384615387,0.6,0.3,0.1,0.03,0.1,0.2,0.1,0.006,2.0,1200.0,0.1323911601320205,,,,
kitting_started,2267.3333333333326,AGV_04,TOTE_0674,station_2,KIT_0005_02,,,,,,,,,,,,,,,,,,,,,,,
kitting_started,2275.333333333332,AGV_05,TOTE_0873,station_3,KIT_0006_01,,,,,,,,,,,,,,,,,,,,,,,
kitting_completed,2279.3333333333326,AGV_07,TOTE_0629,station_4,KIT_0004_02,,,,,,,,,,,,,,,,,,,,"{'PART_04': 100, 'PART_05': 15}",False,,
dispatch,2279.3333333333326,AGV_03,TOTE_0891,station_4,KIT_0004_02,{'PART_05': 15},2880.0,1.1689471096838557,1.1512974990109923,0.016824074074074075,0.0008255365987892131,0.0,0.3333333333333333,0.6,0.3,0.1,0.03,0.1,0.2,0.1,0.006,2.0,1200.0,0.6680349324769801,,,,
kitting_started,2283.9999999999995,AGV_02,TOTE_0668,station_1,KIT_0005_01,,,,,,,,,,,,,,,,,,,,,,,
kitting_started,2284.666666666666,AGV_10,TOTE_0744,station_4,KIT_0004_02,,,,,,,,,,,,,,,,,,,,,,,
kitting_completed,2285.333333333332,AGV_05,TOTE_0873,station_3,KIT_0006_01,,,,,,,,,,,,,,,,,,,,{'PART_01': 10},False,,
dispatch,2285.333333333332,AGV_09,TOTE_0749,station_3,KIT_0006_01,"{'PART_01': 10, 'PART_02': 20, 'PART_04': 100, 'PART_07': 5}",5760.0,0.2825788638262322,0.25011695906432746,0.02976190476190476,0.0027,0.0,0.38974358974358975,0.6,0.3,0.1,0.03,0.1,0.2,0.1,0.006,2.0,1200.0,0.13057295932138036,,,,
kitting_completed,2294.666666666666,AGV_10,TOTE_0744,station_4,KIT_0004_02,,,,,,,,,,,,,,,,,,,,{'PART_05': 15},False,,
kitting_started,2296.6666666666665,AGV_06,TOTE_0825,station_3,KIT_0006_01,,,,,,,,,,,,,,,,,,,,,,,
dispatch,2305.999999999999,AGV_07,TOTE_0647,station_4,KIT_0004_02,"{'PART_04': 100, 'PART_05': 15}",2880.0,1.1814801101674066,1.1584131269800015,0.01668518518518519,0.006381798002219757,0.0,0.3333333333333333,0.6,0.3,0.1,0.03,0.1,0.2,0.1,0.006,2.0,1200.0,0.6755547327671106,,,,
kitting_completed,2306.6666666666665,AGV_06,TOTE_0825,station_3,KIT_0006_01,,,,,,,,,,,,,,,,,,,,{'PART_01': 10},False,,
dispatch,2307.333333333332,AGV_05,TOTE_0873,station_3,KIT_0006_01,{'PART_01': 10},5760.0,0.2797632983838492,0.2505994152046783,0.028958333333333332,0.00020554984583761563,0.0,0.26153846153846155,0.6,0.3,0.1,0.03,0.1,0.2,0.1,0.006,2.0,1200.0,0.14170413287646336,,,,
kitting_completed,2307.3333333333326,AGV_04,TOTE_0674,station_2,KIT_0005_02,,,,,,,,,,,,,,,,,,,,"{'PART_01': 10, 'PART_02': 20, 'PART_05': 15, 'PART_10': 25}",False,,
kitting_started,2308.666666666666,AGV_01,TOTE_0692,station_2,KIT_0005_02,,,,,,,,,,,,,,,,,,,,,,,
kitting_started,2312.666666666666,AGV_03,TOTE_0891,station_4,KIT_0004_02,,,,,,,,,,,,,,,,,,,,,,,
kitting_started,2320.6666666666656,AGV_09,TOTE_0749,station_3,KIT_0006_01,,,,,,,,,,,,,,,,,,,,,,,
kitting_completed,2322.666666666666,AGV_03,TOTE_0891,station_4,KIT_0004_02,,,,,,,,,,,,,,,,,,,,{'PART_05': 15},False,,
kitting_completed,2323.9999999999995,AGV_02,TOTE_0668,station_1,KIT_0005_01,,,,,,,,,,,,,,,,,,,,"{'PART_01': 10, 'PART_02': 20, 'PART_05': 15, 'PART_10': 25}",False,,
dispatch,2324.666666666666,AGV_10,TOTE_0321,station_4,KIT_0004_02,{'PART_05': 75},2880.0,1.1828390356539475,1.1627729035764047,0.015620370370370371,0.004445761707172496,0.0,0.3076923076923077,0.6,0.3,0.1,0.03,0.1,0.2,0.1,0.006,2.0,1200.0,0.6789341906231378,,,,
kitting_started,2325.333333333333,AGV_08,TOTE_0671,station_1,KIT_0005_01,,,,,,,,,,,,,,,,,,,,,,,
dispatch,2328.0,AGV_06,TOTE_0738,station_2,KIT_0005_02,"{'PART_01': 10, 'PART_02': 20}",2880.0,1.1914862900160619,1.1635024190483199,0.025833333333333333,0.0021505376344086026,0.0,0.38974358974358975,0.6,0.3,0.1,0.03,0.1,0.2,0.1,0.006,2.0,1200.0,0.6759174150352781,,,,
kitting_started,2332.666666666666,AGV_07,TOTE_0647,station_4,KIT_0004_02,,,,,,,,,,,,,,,,,,,,,,,
dispatch,2332.666666666666,AGV_04,TOTE_0689,station_1,KIT_0005_01,"{'PART_01': 10, 'PART_02': 20, 'PART_05': 15, 'PART_10': 25}",2880.0,1.1895913574978463,1.1645000354065242,0.017814814814814815,0.007276507276507277,0.0,0.358974358974359,0.6,0.3,0.1,0.03,0.1,0.2,0.1,0.006,2.0,1200.0,0.6778573786012718,,,,
kitting_completed,2348.666666666666,AGV_01,TOTE_0692,station_2,KIT_0005_02,,,,,,,,,,,,,,,,,,,,"{'PART_01': 10, 'PART_02': 20, 'PART_05': 15, 'PART_10': 25}",False,,
dispatch,2349.3333333333326,AGV_03,TOTE_0710,station_2,KIT_0005_02,"{'PART_01': 10, 'PART_02': 20, 'PART_05': 15, 'PART_10': 25}",2880.0,1.1982535337864246,1.1678475508804418,0.025277777777777777,0.005128205128205128,0.0,0.3641025641025641,0.6,0.3,0.1,0.03,0.1,0.2,0.1,0.006,2.0,1200.0,0.6825418638615983,,,,
kitting_completed,2352.666666666666,AGV_07,TOTE_0647,station_4,KIT_0004_02,,,,,,,,,,,,,,,,,,,,"{'PART_04': 100, 'PART_05': 15}",False,,
dispatch,2352.666666666666,AGV_02,TOTE_0572,station_4,KIT_0004_02,{'PART_04': 100},2880.0,1.1896079364856962,1.1684785366143609,0.014925925925925926,0.00620347394540943,0.0,0.4358974358974359,0.6,0.3,0.1,0.03,0.1,0.2,0.1,0.006,2.0,1200.0,0.6701750183016741,,,,
kitting_started,2354.666666666666,AGV_10,TOTE_0321,station_4,KIT_0004_02,,,,,,,,,,,,,,,,,,,,,,,
kitting_started,2360.0000000000005,AGV_06,TOTE_0738,station_2,KIT_0005_02,,,,,,,,,,,,,,,,,,,,,,,
kitting_completed,2360.6666666666656,AGV_09,TOTE_0749,station_3,KIT_0006_01,,,,,,,,,,,,,,,,,,,,"{'PART_01': 10, 'PART_02': 20, 'PART_04': 100, 'PART_07': 5}",False,,
kitting_started,2361.999999999999,AGV_05,TOTE_0873,station_3,KIT_0006_01,,,,,,,,,,,,,,,,,,,,,,,
kitting_completed,2365.333333333333,AGV_08,TOTE_0671,station_1,KIT_0005_01,,,,,,,,,,,,,,,,,,,,"{'PART_01': 10, 'PART_02': 20, 'PART_05': 15, 'PART_10': 25}",False,,
kitting_started,2366.6666666666665,AGV_04,TOTE_0689,station_1,KIT_0005_01,,,,,,,,,,,,,,,,,,,,,,,
kitting_completed,2371.999999999999,AGV_05,TOTE_0873,station_3,KIT_0006_01,,,,,,,,,,,,,,,,,,,,{'PART_01': 10},False,,
dispatch,2373.9999999999995,AGV_01,TOTE_0707,station_1,KIT_0005_01,"{'PART_01': 10, 'PART_02': 20, 'PART_05': 15, 'PART_10': 25}",2880.0,1.1966020872468626,1.172236035096057,0.016518518518518516,0.007847533632286996,0.0,0.358974358974359,0.6,0.3,0.1,0.03,0.1,0.2,0.1,0.006,2.0,1200.0,0.6820638164506816,,,,
dispatch,2379.3333333333326,AGV_07,TOTE_0767,station_3,KIT_0006_01,"{'PART_01': 10, 'PART_02': 20, 'PART_04': 100, 'PART_07': 5}",5760.0,0.28385781061390175,0.25217836257309945,0.028898809523809525,0.002780638516992791,0.0,0.3641025641025641,0.6,0.3,0.1,0.03,0.1,0.2,0.1,0.006,2.0,1200.0,0.13390442995808463,,,,
kitting_completed,2380.0000000000005,AGV_06,TOTE_0738,station_2,KIT_0005_02,,,,,,,,,,,,,,,,,,,,"{'PART_01': 10, 'PART_02': 20}",False,,
kitting_started,2381.333333333334,AGV_03,TOTE_0710,station_2,KIT_0005_02,,,,,,,,,,,,,,,,,,,,,,,
dispatch,2385.999999999999,AGV_09,TOTE_0728,station_2,KIT_0005_02,"{'PART_01': 10, 'PART_02': 20, 'PART_05': 15, 'PART_10': 25}",2880.0,1.203537600555135,1.1741507136682483,0.023981481481481482,0.005405405405405406,0.0,0.3384615384615385,0.6,0.3,0.1,0.03,0.1,0.2,0.1,0.006,2.0,1200.0,0.6882764064869271,,,,
dispatch,2391.9999999999995,AGV_08,TOTE_0891,station_3,KIT_0006_01,{'PART_01': 10},5760.0,0.280763242852895,0.2524561403508772,0.028095238095238093,0.00021186440677966104,0.0,0.3384615384615385,0.6,0.3,0.1,0.03,0.1,0.2,0.1,0.006,2.0,1200.0,0.13461179186558314,,,,
kitting_completed,2404.666666666666,AGV_10,TOTE_0321,station_4,KIT_0004_02,,,,,,,,,,,,,,,,,,,,{'PART_05': 75},False,,
dispatch,2404.666666666666,AGV_05,TOTE_0590,station_4,KIT_0004_02,{'PART_04': 100},2880.0,1.1974855110879128,1.1768717544741563,0.014,0.006613756613756613,0.0,0.4358974358974359,0.6,0.3,0.1,0.03,0.1,0.2,0.1,0.006,2.0,1200.0,0.6749015630630041,,,,
kitting_started,2405.9999999999995,AGV_02,TOTE_0572,station_4,KIT_0004_02,,,,,,,,,,,,,,,,,,,,,,,
kitting_completed,2406.6666666666665,AGV_04,TOTE_0689,station_1,KIT_0005_01,,,,,,,,,,,,,,,,,,,,"{'PART_01': 10, 'PART_02': 20, 'PART_05': 15, 'PART_10': 25}",False,,
kitting_started,2408.0,AGV_01,TOTE_0707,station_1,KIT_0005_01,,,,,,,,,,,,,,,,,,,,,,,
dispatch,2408.666666666667,AGV_06,TOTE_0132,station_1,KIT_0005_01,{'PART_02': 100},2880.0,1.204804411729369,1.1774167393854922,0.015222222222222222,0.012165450121654502,0.0,0.3333333333333333,0.6,0.3,0.1,0.03,0.1,0.2,0.1,0.006,2.0,1200.0,0.6895493137042881,,,,
kitting_started,2411.3333333333326,AGV_07,TOTE_0767,station_3,KIT_0006_01,,,,,,,,,,,,,,,,,,,,,,,
kitting_completed,2415.9999999999995,AGV_02,TOTE_0572,station_4,KIT_0004_02,,,,,,,,,,,,,,,,,,,,{'PART_04': 100},False,,
kitting_completed,2421.333333333334,AGV_03,TOTE_0710,station_2,KIT_0005_02,,,,,,,,,,,,,,,,,,,,"{'PART_01': 10, 'PART_02': 20, 'PART_05': 15, 'PART_10': 25}",False,,
kitting_started,2422.6666666666674,AGV_09,TOTE_0728,station_2,KIT_0005_02,,,,,,,,,,,,,,,,,,,,,,,
dispatch,2424.666666666666,AGV_10,TOTE_0800,station_2,KIT_0005_02,"{'PART_01': 10, 'PART_02': 20, 'PART_05': 15, 'PART_10': 25}",2880.0,1.207871460422337,1.179471989522866,0.022685185185185187,0.005714285714285714,0.0,0.4153846153846154,0.6,0.3,0.1,0.03,0.1,0.2,0.1,0.006,2.0,1200.0,0.6831844147149407,,,,
dispatch,2433.333333333333,AGV_04,TOTE_0608,station_4,KIT_0004_02,{'PART_04': 100},2880.0,1.200662698197989,1.1805064711494109,0.013074074074074073,0.007082152974504249,0.0,0.41025641025641024,0.6,0.3,0.1,0.03,0.1,0.2,0.1,0.006,2.0,1200.0,0.6793719778931524,,,,
kitting_started,2444.6666666666665,AGV_05,TOTE_0590,station_4,KIT_0004_02,,,,,,,,,,,,,,,,,,,,,,,
kitting_completed,2448.0,AGV_01,TOTE_0707,station_1,KIT_0005_01,,,,,,,,,,,,,,,,,,,,"{'PART_01': 10, 'PART_02': 20, 'PART_05': 15, 'PART_10': 25}",False,,
dispatch,2448.0,AGV_02,TOTE_0599,station_1,KIT_0005_01,"{'PART_01': 10, 'PART_05': 15}",2880.0,1.198973330970184,1.1821403567216973,0.01337037037037037,0.003462603878116344,0.0,0.358974358974359,0.6,0.3,0.1,0.03,0.1,0.2,0.1,0.006,2.0,1200.0,0.6834865626846744,,,,
kitting_started,2449.3333333333335,AGV_06,TOTE_0132,station_1,KIT_0005_01,,,,,,,,,,,,,,,,,,,,,,,
kitting_completed,2451.3333333333326,AGV_07,TOTE_0767,station_3,KIT_0006_01,,,,,,,,,,,,,,,,,,,,"{'PART_01': 10, 'PART_02': 20, 'PART_04': 100, 'PART_07': 5}",False,,
dispatch,2451.3333333333326,AGV_03,TOTE_0785,station_3,KIT_0006_01,"{'PART_01': 10, 'PART_02': 20, 'PART_04': 100, 'PART_07': 5}",5760.0,0.2846592662654513,0.25375730994152046,0.028035714285714285,0.0028662420382165607,0.0,0.3384615384615385,0.6,0.3,0.1,0.03,0.1,0.2,0.1,0.006,2.0,1200.0,0.1369494059131169,,,,
kitting_started,2452.666666666666,AGV_08,TOTE_0891,station_3,KIT_0006_01,,,,,,,,,,,,,,,,,,,,,,,
kitting_completed,2454.6666666666665,AGV_05,TOTE_0590,station_4,KIT_0004_02,,,,,,,,,,,,,,,,,,,,{'PART_04': 100},False,,
kitting_completed,2462.666666666666,AGV_08,TOTE_0891,station_3,KIT_0006_01,,,,,,,,,,,,,,,,,,,,{'PART_01': 10},False,,
kitting_completed,2462.6666666666674,AGV_09,TOTE_0728,station_2,KIT_0005_02,,,,,,,,,,,,,,,,,,,,"{'PART_01': 10, 'PART_02': 20, 'PART_05': 15, 'PART_10': 25}",False,,
kitting_started,2464.000000000001,AGV_10,TOTE_0800,station_2,KIT_0005_02,,,,,,,,,,,,,,,,,,,,,,,
kitting_started,2470.0,AGV_04,TOTE_0608,station_4,KIT_0004_02,,,,,,,,,,,,,,,,,,,,,,,
dispatch,2474.6666666666665,AGV_01,TOTE_0818,station_2,KIT_0005_02,"{'PART_01': 10, 'PART_02': 20, 'PART_05': 15, 'PART_10': 25}",2880.0,1.2122192353253074,1.1847697403758124,0.02138888888888889,0.0060606060606060615,0.0,0.3384615384615385,0.6,0.3,0.1,0.03,0.1,0.2,0.1,0.006,2.0,1200.0,0.6934853873490305,,,,
dispatch,2476.666666666666,AGV_07,TOTE_0626,station_4,KIT_0004_02,{'PART_04': 100},2880.0,1.2047207447449717,1.1849506453773113,0.012148148148148146,0.007621951219512195,0.0,0.358974358974359,0.6,0.3,0.1,0.03,0.1,0.2,0.1,0.006,2.0,1200.0,0.6869350109495471,,,,
kitting_started,2479.9999999999995,AGV_03,TOTE_0785,station_3,KIT_0006_01,,,,,,,,,,,,,,,,,,,,,,,
kitting_completed,2480.0,AGV_04,TOTE_0608,station_4,KIT_0004_02,,,,,,,,,,,,,,,,,,,,{'PART_04': 100},False,,
dispatch,2481.333333333333,AGV_05,TOTE_0644,station_4,KIT_0004_02,{'PART_04': 100},2880.0,1.2048375265320754,1.185364479227345,0.011222222222222224,0.008250825082508252,0.0,0.3333333333333333,0.6,0.3,0.1,0.03,0.1,0.2,0.1,0.006,2.0,1200.0,0.6895691825859119,,,,
dispatch,2484.666666666666,AGV_08,TOTE_0891,station_3,KIT_0006_01,{'PART_01': 10},5760.0,0.28193902618568284,0.25448830409356726,0.027232142857142858,0.0002185792349726776,0.0,0.26153846153846155,0.6,0.3,0.1,0.03,0.1,0.2,0.1,0.006,2.0,1200.0,0.14300956955756353,,,,
kitting_completed,2499.3333333333335,AGV_06,TOTE_0132,station_1,KIT_0005_01,,,,,,,,,,,,,,,,,,,,{'PART_02': 100},False,,
dispatch,2499.3333333333335,AGV_09,TOTE_0831,station_1,KIT_0005_01,"{'PART_01': 10, 'PART_05': 15}",2880.0,1.2033514481823446,1.186857240201049,0.012907407407407407,0.003586800573888092,0.0,0.3333333333333333,0.6,0.3,0.1,0.03,0.1,0.2,0.1,0.006,2.0,1200.0,0.6886775355760735,,,,
kitting_started,2500.666666666667,AGV_02,TOTE_0599,station_1,KIT_0005_01,,,,,,,,,,,,,,,,,,,,,,,
kitting_completed,2504.000000000001,AGV_10,TOTE_0800,station_2,KIT_0005_02,,,,,,,,,,,,,,,,,,,,"{'PART_01': 10, 'PART_02': 20, 'PART_05': 15, 'PART_10': 25}",False,,
kitting_started,2505.3333333333344,AGV_01,TOTE_0818,station_2,KIT_0005_02,,,,,,,,,,,,,,,,,,,,,,,
kitting_started,2506.6666666666665,AGV_07,TOTE_0626,station_4,KIT_0004_02,,,,,,,,,,,,,,,,,,,,,,,
dispatch,2506.6666666666665,AGV_04,TOTE_0099,station_2,KIT_0005_02,{'PART_02': 100},2880.0,1.2167301753967965,1.1874209929424528,0.020092592592592592,0.009216589861751152,0.0,0.3128205128205128,0.6,0.3,0.1,0.03,0.1,0.2,0.1,0.006,2.0,1200.0,0.6987560539560266,,,,
kitting_completed,2516.6666666666665,AGV_07,TOTE_0626,station_4,KIT_0004_02,,,,,,,,,,,,,,,,,,,,{'PART_04': 100},False,,
kitting_started,2518.0,AGV_05,TOTE_0644,station_4,KIT_0004_02,,,,,,,,,,,,,,,,,,,,,,,
dispatch,2519.3333333333335,AGV_06,TOTE_0752,station_4,KIT_0004_02,{'PART_04': 100},2880.0,1.2076276721780637,1.1883385701263718,0.010296296296296296,0.008992805755395683,0.0,0.46153846153846156,0.6,0.3,0.1,0.03,0.1,0.2,0.1,0.006,2.0,1200.0,0.6784227571529919,,,,
kitting_completed,2519.9999999999995,AGV_03,TOTE_0785,station_3,KIT_0006_01,,,,,,,,,,,,,,,,,,,,"{'PART_01': 10, 'PART_02': 20, 'PART_04': 100, 'PART_07': 5}",False,,
kitting_completed,2520.666666666667,AGV_02,TOTE_0599,station_1,KIT_0005_01,,,,,,,,,,,,,,,,,,,,"{'PART_01': 10, 'PART_05': 15}",False,,
kitting_started,2521.333333333333,AGV_08,TOTE_0891,station_3,KIT_0006_01,,,,,,,,,,,,,,,,,,,,,,,
kitting_completed,2528.0,AGV_05,TOTE_0644,station_4,KIT_0004_02,,,,,,,,,,,,,,,,,,,,{'PART_04': 100},False,,
dispatch,2529.3333333333344,AGV_10,TOTE_0849,station_1,KIT_0005_01,"{'PART_01': 10, 'PART_05': 15}",2880.0,1.2051802762226334,1.1890155936829507,0.012444444444444445,0.0037202380952380955,0.0,0.3333333333333333,0.6,0.3,0.1,0.03,0.1,0.2,0.1,0.006,2.0,1200.0,0.6897748324002466,,,,
kitting_completed,2531.333333333333,AGV_08,TOTE_0891,station_3,KIT_0006_01,,,,,,,,,,,,,,,,,,,,{'PART_01': 10},False,,
kitting_started,2532.666666666667,AGV_09,TOTE_0831,station_1,KIT_0005_01,,,,,,,,,,,,,,,,,,,,,,,
dispatch,2543.333333333333,AGV_07,TOTE_0770,station_4,KIT_0004_02,{'PART_04': 100},2880.0,1.2091498887599248,1.1898980954646532,0.00937037037037037,0.009881422924901186,0.0,0.3333333333333333,0.6,0.3,0.1,0.03,0.1,0.2,0.1,0.006,2.0,1200.0,0.6921565999226216,,,,
dispatch,2545.333333333333,AGV_03,TOTE_0551,station_3,KIT_0006_01,"{'PART_01': 10, 'PART_02': 20, 'PART_04': 100}",5760.0,0.28583908715289497,0.2558187134502924,0.027172619047619046,0.002847754654983571,0.0,0.3128205128205128,0.6,0.3,0.1,0.03,0.1,0.2,0.1,0.006,2.0,1200.0,0.1402214010096857,,,,
kitting_completed,2545.3333333333344,AGV_01,TOTE_0818,station_2,KIT_0005_02,,,,,,,,,,,,,,,,,,,,"{'PART_01': 10, 'PART_02': 20, 'PART_05': 15, 'PART_10': 25}",False,,
kitting_started,2546.666666666668,AGV_04,TOTE_0099,station_2,KIT_0005_02,,,,,,,,,,,,,,,,,,,,,,,
dispatch,2547.3333333333335,AGV_02,TOTE_0548,station_2,KIT_0005_02,"{'PART_01': 10, 'PART_05': 15}",2880.0,1.2109158067754282,1.1901369949686975,0.01824074074074074,0.002538071065989848,0.0,0.3384615384615385,0.6,0.3,0.1,0.03,0.1,0.2,0.1,0.006,2.0,1200.0,0.692703330219103,,,,
kitting_completed,2552.666666666667,AGV_09,TOTE_0831,station_1,KIT_0005_01,,,,,,,,,,,,,,,,,,,,"{'PART_01': 10, 'PART_05': 15}",False,,
dispatch,2553.333333333333,AGV_08,TOTE_0867,station_1,KIT_0005_01,"{'PART_01': 10, 'PART_05': 15}",2880.0,1.2063302902624278,1.1904848211457069,0.01198148148148148,0.0038639876352395673,0.0,0.28205128205128205,0.6,0.3,0.1,0.03,0.1,0.2,0.1,0.006,2.0,1200.0,0.6955930459523284,,,,
dispatch,2554.6666666666665,AGV_05,TOTE_0605,station_3,KIT_0006_01,"{'PART_01': 10, 'PART_02': 20, 'PART_04': 100}",5760.0,0.28535343019800535,0.2560233918128655,0.026398809523809522,0.002931228861330327,0.0,0.3384615384615385,0.6,0.3,0.1,0.03,0.1,0.2,0.1,0.006,2.0,1200.0,0.13736590427264936,,,,
kitting_started,2562.666666666667,AGV_06,TOTE_0752,station_4,KIT_0004_02,,,,,,,,,,,,,,,,,,,,,,,
kitting_started,2562.666666666668,AGV_10,TOTE_0849,station_1,KIT_0005_01,,,,,,,,,,,,,,,,,,,,,,,
kitting_started,2570.6666666666665,AGV_03,TOTE_0551,station_3,KIT_0006_01,,,,,,,,,,,,,,,,,,,,,,,
kitting_completed,2572.666666666667,AGV_06,TOTE_0752,station_4,KIT_0004_02,,,,,,,,,,,,,,,,,,,,{'PART_04': 100},False,,
dispatch,2572.666666666667,AGV_01,TOTE_0788,station_4,KIT_0004_02,{'PART_04': 100},2880.0,1.2109338598380044,1.191524503112858,0.008444444444444444,0.010964912280701754,0.0,0.38461538461538464,0.6,0.3,0.1,0.03,0.1,0.2,0.1,0.006,2.0,1200.0,0.6880987774412641,,,,
kitting_started,2574.0000000000005,AGV_07,TOTE_0770,station_4,KIT_0004_02,,,,,,,,,,,,,,,,,,,,,,,
kitting_completed,2582.666666666668,AGV_10,TOTE_0849,station_1,KIT_0005_01,,,,,,,,,,,,,,,,,,,,"{'PART_01': 10, 'PART_05': 15}",False,,
dispatch,2582.666666666668,AGV_09,TOTE_0831,station_1,KIT_0005_01,"{'PART_01': 10, 'PART_05': 15}",2880.0,1.2075547892130536,1.1920169780900336,0.011518518518518518,0.004019292604501608,0.0,0.23076923076923078,0.6,0.3,0.1,0.03,0.1,0.2,0.1,0.006,2.0,1200.0,0.701455950450909,,,,
kitting_completed,2584.0000000000005,AGV_07,TOTE_0770,station_4,KIT_0004_02,,,,,,,,,,,,,,,,,,,,{'PART_04': 100},False,,
kitting_started,2584.0000000000014,AGV_08,TOTE_0867,station_1,KIT_0005_01,,,,,,,,,,,,,,,,,,,,,,,
kitting_completed,2596.666666666668,AGV_04,TOTE_0099,station_2,KIT_0005_02,,,,,,,,,,,,,,,,,,,,{'PART_02': 100},False,,
kitting_started,2598.0000000000014,AGV_02,TOTE_0548,station_2,KIT_0005_02,,,,,,,,,,,,,,,,,,,,,,,
dispatch,2599.3333333333335,AGV_06,TOTE_0665,station_4,KIT_0004_02,{'PART_04': 100},2880.0,1.2126089214287663,1.1927751319742872,0.00751851851851852,0.012315270935960592,0.0,0.358974358974359,0.6,0.3,0.1,0.03,0.1,0.2,0.1,0.006,2.0,1200.0,0.6916679169598239,,,,
kitting_completed,2600.6666666666665,AGV_03,TOTE_0551,station_3,KIT_0006_01,,,,,,,,,,,,,,,,,,,,"{'PART_01': 10, 'PART_02': 20, 'PART_04': 100}",False,,
kitting_started,2602.0,AGV_05,TOTE_0605,station_3,KIT_0006_01,,,,,,,,,,,,,,,,,,,,,,,
dispatch,2602.666666666668,AGV_10,TOTE_0849,station_2,KIT_0005_02,"{'PART_01': 10, 'PART_05': 15}",2880.0,1.2132998558285455,1.192917911384101,0.017777777777777778,0.002604166666666667,0.0,0.30256410256410254,0.6,0.3,0.1,0.03,0.1,0.2,0.1,0.006,2.0,1200.0,0.6977235032407171,,,,
kitting_completed,2604.0000000000014,AGV_08,TOTE_0867,station_1,KIT_0005_01,,,,,,,,,,,,,,,,,,,,"{'PART_01': 10, 'PART_05': 15}",False,,
kitting_started,2605.333333333335,AGV_09,TOTE_0831,station_1,KIT_0005_01,,,,,,,,,,,,,,,,,,,,,,,
kitting_started,2606.0000000000005,AGV_01,TOTE_0788,station_4,KIT_0004_02,,,,,,,,,,,,,,,,,,,,,,,
dispatch,2610.666666666667,AGV_07,TOTE_0725,station_1,KIT_0005_01,"{'PART_01': 10, 'PART_05': 15, 'PART_10': 25}",2880.0,1.212679962183245,1.1932491972474548,0.011055555555555553,0.008375209380234507,0.0,0.41025641025641024,0.6,0.3,0.1,0.03,0.1,0.2,0.1,0.006,2.0,1200.0,0.686582336284306,,,,
dispatch,2615.3333333333344,AGV_04,TOTE_0891,station_3,KIT_0006_01,{'PART_01': 10},5760.0,0.28321108920675675,0.25735380116959067,0.025625,0.00023228803716608595,0.0,0.26153846153846155,0.6,0.3,0.1,0.03,0.1,0.2,0.1,0.006,2.0,1200.0,0.14377280737020787,,,,
kitting_completed,2616.0000000000005,AGV_01,TOTE_0788,station_4,KIT_0004_02,,,,,,,,,,,,,,,,,,,,{'PART_04': 100},False,,
kitting_completed,2618.0000000000014,AGV_02,TOTE_0548,station_2,KIT_0005_02,,,,,,,,,,,,,,,,,,,,"{'PART_01': 10, 'PART_05': 15}",False,,
dispatch,2624.0000000000014,AGV_08,TOTE_0867,station_2,KIT_0005_02,"{'PART_01': 10, 'PART_05': 15}",2880.0,1.213755933388553,1.1937673217822944,0.017314814814814814,0.0026737967914438505,0.0,0.30256410256410254,0.6,0.3,0.1,0.03,0.1,0.2,0.1,0.006,2.0,1200.0,0.6979971497767216,,,,
kitting_completed,2625.333333333335,AGV_09,TOTE_0831,station_1,KIT_0005_01,,,,,,,,,,,,,,,,,,,,"{'PART_01': 10, 'PART_05': 15}",False,,
dispatch,2626.0,AGV_03,TOTE_0623,station_4,KIT_0004_02,{'PART_04': 100},2880.0,1.2144790757498176,1.1938415393370003,0.006592592592592593,0.01404494382022472,0.0,0.38461538461538464,0.6,0.3,0.1,0.03,0.1,0.2,0.1,0.006,2.0,1200.0,0.6902259069883521,,,,
kitting_started,2627.333333333335,AGV_10,TOTE_0849,station_2,KIT_0005_02,,,,,,,,,,,,,,,,,,,,,,,
kitting_started,2629.333333333334,AGV_06,TOTE_0665,station_4,KIT_0004_02,,,,,,,,,,,,,,,,,,,,,,,
kitting_completed,2632.0,AGV_05,TOTE_0605,station_3,KIT_0006_01,,,,,,,,,,,,,,,,,,,,"{'PART_01': 10, 'PART_02': 20, 'PART_04': 100}",False,,
kitting_started,2637.3333333333344,AGV_04,TOTE_0891,station_3,KIT_0006_01,,,,,,,,,,,,,,,,,,,,,,,
kitting_completed,2639.333333333334,AGV_06,TOTE_0665,station_4,KIT_0004_02,,,,,,,,,,,,,,,,,,,,{'PART_04': 100},False,,
dispatch,2642.666666666667,AGV_01,TOTE_0285,station_4,KIT_0004_02,{'PART_04': 300},2880.0,1.2491129585984233,1.1944266840886193,0.005666666666666666,0.049019607843137254,0.0,0.28205128205128205,0.6,0.3,0.1,0.03,0.1,0.2,0.1,0.006,2.0,1200.0,0.7212626469539257,,,,
dispatch,2643.333333333335,AGV_02,TOTE_0797,station_1,KIT_0005_01,"{'PART_01': 10, 'PART_05': 15, 'PART_10': 25}",2880.0,1.2137192958658864,1.1944488984117596,0.01012962962962963,0.009140767824497258,0.0,0.358974358974359,0.6,0.3,0.1,0.03,0.1,0.2,0.1,0.006,2.0,1200.0,0.6923341416220959,,,,
dispatch,2645.333333333335,AGV_09,TOTE_0885,station_3,KIT_0006_01,{'PART_01': 10},5760.0,0.28381000096768894,0.2580116959064328,0.025565476190476187,0.00023282887077997672,0.0,0.3641025641025641,0.6,0.3,0.1,0.03,0.1,0.2,0.1,0.006,2.0,1200.0,0.13387574417035694,,,,
kitting_started,2647.333333333334,AGV_07,TOTE_0725,station_1,KIT_0005_01,,,,,,,,,,,,,,,,,,,,,,,
kitting_completed,2647.3333333333344,AGV_04,TOTE_0891,station_3,KIT_0006_01,,,,,,,,,,,,,,,,,,,,{'PART_01': 10},False,,
kitting_completed,2647.333333333335,AGV_10,TOTE_0849,station_2,KIT_0005_02,,,,,,,,,,,,,,,,,,,,"{'PART_01': 10, 'PART_05': 15}",False,,
kitting_started,2648.6666666666683,AGV_08,TOTE_0867,station_2,KIT_0005_02,,,,,,,,,,,,,,,,,,,,,,,
kitting_started,2656.0,AGV_03,TOTE_0623,station_4,KIT_0004_02,,,,,,,,,,,,,,,,,,,,,,,
dispatch,2657.3333333333335,AGV_05,TOTE_0566,station_2,KIT_0005_02,"{'PART_01': 10, 'PART_05': 15}",2880.0,1.2144946122535183,1.1948955076544137,0.016851851851851854,0.0027472527472527475,0.0,0.3384615384615385,0.6,0.3,0.1,0.03,0.1,0.2,0.1,0.006,2.0,1200.0,0.6948506135059571,,,,
kitting_completed,2666.0,AGV_03,TOTE_0623,station_4,KIT_0004_02,,,,,,,,,,,,,,,,,,,,{'PART_04': 100},False,,
dispatch,2666.0000000000005,AGV_06,TOTE_0827,station_4,KIT_0004_02,{'PART_09': 40},2880.0,1.2108632106234836,1.1951538089140818,0.0028888888888888896,0.01282051282051282,0.0,0.3333333333333333,0.6,0.3,0.1,0.03,0.1,0.2,0.1,0.006,2.0,1200.0,0.6931845930407567,,,,
kitting_completed,2668.6666666666683,AGV_08,TOTE_0867,station_2,KIT_0005_02,,,,,,,,,,,,,,,,,,,,"{'PART_01': 10, 'PART_05': 15}",False,,
kitting_started,2669.3333333333335,AGV_01,TOTE_0285,station_4,KIT_0004_02,,,,,,,,,,,,,,,,,,,,,,,
dispatch,2669.3333333333344,AGV_04,TOTE_0584,station_2,KIT_0005_02,"{'PART_01': 10, 'PART_05': 15}",2880.0,1.2144633906095268,1.195249642963576,0.016388888888888887,0.002824858757062147,0.0,0.3641025641025641,0.6,0.3,0.1,0.03,0.1,0.2,0.1,0.006,2.0,1200.0,0.6922677779554597,,,,
dispatch,2672.0000000000014,AGV_10,TOTE_0641,station_3,KIT_0006_01,"{'PART_01': 10, 'PART_02': 20, 'PART_04': 100}",5760.0,0.28713628258218477,0.2585964912280702,0.02550595238095238,0.0030338389731621937,0.0,0.441025641025641,0.6,0.3,0.1,0.03,0.1,0.2,0.1,0.006,2.0,1200.0,0.12817920544674674,,,,
kitting_started,2674.000000000002,AGV_09,TOTE_0885,station_3,KIT_0006_01,,,,,,,,,,,,,,,,,,,,,,,
kitting_completed,2677.333333333334,AGV_07,TOTE_0725,station_1,KIT_0005_01,,,,,,,,,,,,,,,,,,,,"{'PART_01': 10, 'PART_05': 15, 'PART_10': 25}",False,,
kitting_started,2678.6666666666674,AGV_02,TOTE_0797,station_1,KIT_0005_01,,,,,,,,,,,,,,,,,,,,,,,
kitting_completed,2684.000000000002,AGV_09,TOTE_0885,station_3,KIT_0006_01,,,,,,,,,,,,,,,,,,,,{'PART_01': 10},False,,
kitting_started,2686.0000000000005,AGV_05,TOTE_0566,station_2,KIT_0005_02,,,,,,,,,,,,,,,,,,,,,,,
dispatch,2693.333333333335,AGV_08,TOTE_0686,station_1,KIT_0005_01,"{'PART_01': 10, 'PART_05': 15, 'PART_10': 25}",2880.0,1.2151500600786374,1.1958859942018956,0.009203703703703704,0.010060362173038231,0.0,0.38461538461538464,0.6,0.3,0.1,0.03,0.1,0.2,0.1,0.006,2.0,1200.0,0.6906284975856439,,,,
dispatch,2696.0,AGV_03,TOTE_0659,station_3,KIT_0006_01,"{'PART_01': 10, 'PART_02': 20, 'PART_04': 100}",5760.0,0.2869837104041693,0.25912280701754387,0.024732142857142855,0.0031287605294825515,0.0,0.3128205128205128,0.6,0.3,0.1,0.03,0.1,0.2,0.1,0.006,2.0,1200.0,0.1409081749604503,,,,
kitting_completed,2699.3333333333335,AGV_01,TOTE_0285,station_4,KIT_0004_02,,,,,,,,,,,,,,,,,,,,{'PART_04': 300},False,,
kitting_started,2700.666666666667,AGV_06,TOTE_0827,station_4,KIT_0004_02,,,,,,,,,,,,,,,,,,,,,,,
dispatch,2704.0000000000005,AGV_07,TOTE_0806,station_4,KIT_0004_02,{'PART_09': 40},2880.0,1.2133651688440024,1.1961407679725427,0.0025185185185185176,0.014705882352941178,0.0,0.41025641025641024,0.6,0.3,0.1,0.03,0.1,0.2,0.1,0.006,2.0,1200.0,0.6869934602807604,,,,
kitting_completed,2706.0000000000005,AGV_05,TOTE_0566,station_2,KIT_0005_02,,,,,,,,,,,,,,,,,,,,"{'PART_01': 10, 'PART_05': 15}",False,,
kitting_started,2707.333333333334,AGV_04,TOTE_0584,station_2,KIT_0005_02,,,,,,,,,,,,,,,,,,,,,,,
kitting_completed,2708.6666666666674,AGV_02,TOTE_0797,station_1,KIT_0005_01,,,,,,,,,,,,,,,,,,,,"{'PART_01': 10, 'PART_05': 15, 'PART_10': 25}",False,,
kitting_completed,2710.666666666667,AGV_06,TOTE_0827,station_4,KIT_0004_02,,,,,,,,,,,,,,,,,,,,{'PART_09': 40},False,,
dispatch,2712.6666666666683,AGV_09,TOTE_0815,station_2,KIT_0005_02,"{'PART_01': 10, 'PART_05': 15, 'PART_10': 25}",2880.0,1.2180759996081871,1.1963361201938891,0.015925925925925927,0.005813953488372093,0.0,0.4307692307692308,0.6,0.3,0.1,0.03,0.1,0.2,0.1,0.006,2.0,1200.0,0.6877686766879891,,,,
kitting_started,2714.0000000000014,AGV_10,TOTE_0641,station_3,KIT_0006_01,,,,,,,,,,,,,,,,,,,,,,,
dispatch,2719.3333333333335,AGV_01,TOTE_0824,station_4,KIT_0004_02,{'PART_09': 40},2880.0,1.2158691696688486,1.1964796422103556,0.002148148148148149,0.01724137931034483,0.0,0.38461538461538464,0.6,0.3,0.1,0.03,0.1,0.2,0.1,0.006,2.0,1200.0,0.6910599633397707,,,,
kitting_started,2726.6666666666683,AGV_08,TOTE_0686,station_1,KIT_0005_01,,,,,,,,,,,,,,,,,,,,,,,
kitting_completed,2727.333333333334,AGV_04,TOTE_0584,station_2,KIT_0005_02,,,,,,,,,,,,,,,,,,,,"{'PART_01': 10, 'PART_05': 15}",False,,
dispatch,2731.333333333334,AGV_05,TOTE_0602,station_2,KIT_0005_02,"{'PART_01': 10, 'PART_05': 15}",2880.0,1.2148103950966456,1.1967239753435592,0.015,0.0030864197530864196,0.0,0.3128205128205128,0.6,0.3,0.1,0.03,0.1,0.2,0.1,0.006,2.0,1200.0,0.697604185775936,,,,
dispatch,2735.333333333334,AGV_02,TOTE_0563,station_1,KIT_0005_01,"{'PART_01': 10, 'PART_05': 15}",2880.0,1.2106722137376615,1.1968015947965727,0.008277777777777776,0.005592841163310962,0.0,0.3333333333333333,0.6,0.3,0.1,0.03,0.1,0.2,0.1,0.006,2.0,1200.0,0.6930699949092636,,,,
kitting_started,2740.6666666666674,AGV_07,TOTE_0806,station_4,KIT_0004_02,,,,,,,,,,,,,,,,,,,,,,,
kitting_completed,2744.0000000000014,AGV_10,TOTE_0641,station_3,KIT_0006_01,,,,,,,,,,,,,,,,,,,,"{'PART_01': 10, 'PART_02': 20, 'PART_04': 100}",False,,
dispatch,2744.0000000000014,AGV_06,TOTE_0756,station_3,KIT_0006_01,"{'PART_01': 10, 'PART_02': 20}",5760.0,0.2848791135447315,0.2601754385964913,0.023958333333333335,0.0007453416149068323,0.0,0.35384615384615387,0.6,0.3,0.1,0.03,0.1,0.2,0.1,0.006,2.0,1200.0,0.1355428527422235,,,,
kitting_started,2745.333333333335,AGV_03,TOTE_0659,station_3,KIT_0006_01,,,,,,,,,,,,,,,,,,,,,,,
kitting_completed,2750.6666666666674,AGV_07,TOTE_0806,station_4,KIT_0004_02,,,,,,,,,,,,,,,,,,,,{'PART_09': 40},False,,
kitting_started,2750.6666666666683,AGV_09,TOTE_0815,station_2,KIT_0005_02,,,,,,,,,,,,,,,,,,,,,,,
kitting_started,2752.666666666667,AGV_01,TOTE_0824,station_4,KIT_0004_02,,,,,,,,,,,,,,,,,,,,,,,
dispatch,2752.6666666666674,AGV_04,TOTE_0803,station_4,KIT_0004_02,{'PART_09': 40},2880.0,1.2197283740247282,1.197117262913617,0.001777777777777777,0.020833333333333336,0.0,0.41025641025641024,0.6,0.3,0.1,0.03,0.1,0.2,0.1,0.006,2.0,1200.0,0.6908113833891959,,,,
kitting_completed,2756.6666666666683,AGV_08,TOTE_0686,station_1,KIT_0005_01,,,,,,,,,,,,,,,,,,,,"{'PART_01': 10, 'PART_05': 15, 'PART_10': 25}",False,,
kitting_started,2762.000000000001,AGV_02,TOTE_0563,station_1,KIT_0005_01,,,,,,,,,,,,,,,,,,,,,,,
kitting_completed,2762.666666666667,AGV_01,TOTE_0824,station_4,KIT_0004_02,,,,,,,,,,,,,,,,,,,,{'PART_09': 40},False,,
dispatch,2769.333333333335,AGV_10,TOTE_0821,station_4,KIT_0004_02,{'PART_09': 40},2880.0,1.2251145894129785,1.1973913925318869,0.0014074074074074082,0.02631578947368421,0.0,0.38461538461538464,0.6,0.3,0.1,0.03,0.1,0.2,0.1,0.006,2.0,1200.0,0.6966072151862486,,,,
kitting_completed,2775.333333333335,AGV_03,TOTE_0659,station_3,KIT_0006_01,,,,,,,,,,,,,,,,,,,,"{'PART_01': 10, 'PART_02': 20, 'PART_04': 100}",False,,
kitting_started,2776.6666666666683,AGV_06,TOTE_0756,station_3,KIT_0006_01,,,,,,,,,,,,,,,,,,,,,,,
dispatch,2777.333333333334,AGV_07,TOTE_0581,station_1,KIT_0005_01,"{'PART_01': 10, 'PART_05': 15}",2880.0,1.2112525489570554,1.197513563526127,0.007814814814814816,0.0059241706161137445,0.0,0.41025641025641024,0.6,0.3,0.1,0.03,0.1,0.2,0.1,0.006,2.0,1200.0,0.6857258883485922,,,,
kitting_completed,2780.6666666666683,AGV_09,TOTE_0815,station_2,KIT_0005_02,,,,,,,,,,,,,,,,,,,,"{'PART_01': 10, 'PART_05': 15, 'PART_10': 25}",False,,
kitting_completed,2782.000000000001,AGV_02,TOTE_0563,station_1,KIT_0005_01,,,,,,,,,,,,,,,,,,,,"{'PART_01': 10, 'PART_05': 15}",False,,
kitting_started,2782.000000000002,AGV_05,TOTE_0602,station_2,KIT_0005_02,,,,,,,,,,,,,,,,,,,,,,,
dispatch,2783.333333333335,AGV_08,TOTE_0560,station_1,KIT_0005_01,"{'PART_01': 10, 'PART_05': 15}",2880.0,1.2112505056031695,1.197601424532174,0.00735185185185185,0.006297229219143577,0.0,0.3333333333333333,0.6,0.3,0.1,0.03,0.1,0.2,0.1,0.006,2.0,1200.0,0.6934169700285684,,,,
kitting_started,2786.000000000001,AGV_04,TOTE_0803,station_4,KIT_0004_02,,,,,,,,,,,,,,,,,,,,,,,
dispatch,2789.3333333333335,AGV_01,TOTE_0620,station_2,KIT_0005_02,"{'PART_01': 10, 'PART_05': 15}",2880.0,1.2154079332865808,1.1976861828737475,0.014537037037037038,0.0031847133757961785,0.0,0.3641025641025641,0.6,0.3,0.1,0.03,0.1,0.2,0.1,0.006,2.0,1200.0,0.6928345035616921,,,,
kitting_completed,2796.000000000001,AGV_04,TOTE_0803,station_4,KIT_0004_02,,,,,,,,,,,,,,,,,,,,{'PART_09': 40},False,,
kitting_completed,2796.6666666666683,AGV_06,TOTE_0756,station_3,KIT_0006_01,,,,,,,,,,,,,,,,,,,,"{'PART_01': 10, 'PART_02': 20}",False,,
kitting_started,2799.333333333335,AGV_10,TOTE_0821,station_4,KIT_0004_02,,,,,,,,,,,,,,,,,,,,,,,
dispatch,2800.6666666666683,AGV_03,TOTE_0751,station_4,KIT_0004_02,{'PART_09': 40},2880.0,1.234589523411872,1.1978382006605492,0.0010370370370370362,0.03571428571428572,0.0,0.5128205128205128,0.6,0.3,0.1,0.03,0.1,0.2,0.1,0.006,2.0,1200.0,0.6894716627650719,,,,
kitting_completed,2802.000000000002,AGV_05,TOTE_0602,station_2,KIT_0005_02,,,,,,,,,,,,,,,,,,,,"{'PART_01': 10, 'PART_05': 15}",False,,
dispatch,2808.6666666666674,AGV_02,TOTE_0638,station_2,KIT_0005_02,"{'PART_01': 10, 'PART_05': 15}",2880.0,1.2153030057087089,1.1979394579504241,0.014074074074074072,0.003289473684210526,0.0,0.3384615384615385,0.6,0.3,0.1,0.03,0.1,0.2,0.1,0.006,2.0,1200.0,0.6953356495790715,,,,
dispatch,2808.6666666666683,AGV_09,TOTE_0569,station_3,KIT_0006_01,"{'PART_01': 10, 'PART_02': 20}",5760.0,0.2861242678295656,0.26159356725146204,0.023779761904761904,0.0007509386733416772,0.0,0.3641025641025641,0.6,0.3,0.1,0.03,0.1,0.2,0.1,0.006,2.0,1200.0,0.13526430428748296,,,,
kitting_completed,2809.333333333335,AGV_10,TOTE_0821,station_4,KIT_0004_02,,,,,,,,,,,,,,,,,,,,{'PART_09': 40},False,,
kitting_started,2810.000000000002,AGV_08,TOTE_0560,station_1,KIT_0005_01,,,,,,,,,,,,,,,,,,,,,,,
kitting_started,2821.3333333333335,AGV_01,TOTE_0620,station_2,KIT_0005_02,,,,,,,,,,,,,,,,,,,,,,,
dispatch,2821.333333333335,AGV_06,TOTE_0754,station_4,KIT_0004_02,{'PART_09': 40},2880.0,1.2543123983685376,1.1980901761463154,0.0006666666666666676,0.05555555555555556,0.0,0.5384615384615384,0.6,0.3,0.1,0.03,0.1,0.2,0.1,0.006,2.0,1200.0,0.6987412851749687,,,,
dispatch,2826.000000000001,AGV_04,TOTE_0803,station_3,KIT_0006_01,"{'PART_01': 10, 'PART_02': 20, 'PART_07': 5}",5760.0,0.2864575985202603,0.26197368421052636,0.023601190476190474,0.0008827238335435058,0.0,0.3128205128205128,0.6,0.3,0.1,0.03,0.1,0.2,0.1,0.006,2.0,1200.0,0.1405925078301049,,,,
kitting_completed,2830.000000000002,AGV_08,TOTE_0560,station_1,KIT_0005_01,,,,,,,,,,,,,,,,,,,,"{'PART_01': 10, 'PART_05': 15}",False,,
dispatch,2830.000000000002,AGV_05,TOTE_0617,station_1,KIT_0005_01,"{'PART_01': 10, 'PART_05': 15}",2880.0,1.2117962192924527,1.1981869002960368,0.006888888888888889,0.006720430107526882,0.0,0.358974358974359,0.6,0.3,0.1,0.03,0.1,0.2,0.1,0.006,2.0,1200.0,0.6911802956780357,,,,
kitting_started,2831.3333333333353,AGV_07,TOTE_0581,station_1,KIT_0005_01,,,,,,,,,,,,,,,,,,,,,,,
kitting_started,2840.6666666666683,AGV_09,TOTE_0569,station_3,KIT_0006_01,,,,,,,,,,,,,,,,,,,,,,,
kitting_completed,2841.3333333333335,AGV_01,TOTE_0620,station_2,KIT_0005_02,,,,,,,,,,,,,,,,,,,,"{'PART_01': 10, 'PART_05': 15}",False,,
dispatch,2841.3333333333335,AGV_10,TOTE_0656,station_2,KIT_0005_02,"{'PART_01': 10, 'PART_05': 15}",2880.0,1.215318508127158,1.1983060364718294,0.01361111111111111,0.0034013605442176874,0.0,0.3384615384615385,0.6,0.3,0.1,0.03,0.1,0.2,0.1,0.006,2.0,1200.0,0.6953449510301409,,,,
kitting_started,2842.666666666667,AGV_02,TOTE_0638,station_2,KIT_0005_02,,,,,,,,,,,,,,,,,,,,,,,
kitting_started,2844.000000000002,AGV_03,TOTE_0751,station_4,KIT_0004_02,,,,,,,,,,,,,,,,,,,,,,,
kitting_completed,2851.3333333333353,AGV_07,TOTE_0581,station_1,KIT_0005_01,,,,,,,,,,,,,,,,,,,,"{'PART_01': 10, 'PART_05': 15}",False,,
kitting_completed,2854.000000000002,AGV_03,TOTE_0751,station_4,KIT_0004_02,,,,,,,,,,,,,,,,,,,,{'PART_09': 40},False,,
dispatch,2856.6666666666683,AGV_08,TOTE_0578,station_1,KIT_0005_01,"{'PART_01': 10, 'PART_05': 15}",2880.0,1.212085400057614,1.1984548631806795,0.006425925925925927,0.007204610951008646,0.0,0.3333333333333333,0.6,0.3,0.1,0.03,0.1,0.2,0.1,0.006,2.0,1200.0,0.6939179067012351,,,,
kitting_started,2860.0000000000023,AGV_05,TOTE_0617,station_1,KIT_0005_01,,,,,,,,,,,,,,,,,,,,,,,
kitting_completed,2860.6666666666683,AGV_09,TOTE_0569,station_3,KIT_0006_01,,,,,,,,,,,,,,,,,,,,"{'PART_01': 10, 'PART_02': 20}",False,,
kitting_started,2862.000000000002,AGV_04,TOTE_0803,station_3,KIT_0006_01,,,,,,,,,,,,,,,,,,,,,,,
kitting_completed,2862.666666666667,AGV_02,TOTE_0638,station_2,KIT_0005_02,,,,,,,,,,,,,,,,,,,,"{'PART_01': 10, 'PART_05': 15}",False,,
dispatch,2866.666666666667,AGV_01,TOTE_0746,station_2,KIT_0005_02,"{'PART_01': 10, 'PART_05': 15}",2880.0,1.2152140834499803,1.1985448085412687,0.013148148148148147,0.003521126760563381,0.0,0.3128205128205128,0.6,0.3,0.1,0.03,0.1,0.2,0.1,0.006,2.0,1200.0,0.6978463987879369,,,,
kitting_started,2868.000000000002,AGV_06,TOTE_0754,station_4,KIT_0004_02,,,,,,,,,,,,,,,,,,,,,,,
kitting_started,2870.0000000000005,AGV_10,TOTE_0656,station_2,KIT_0005_02,,,,,,,,,,,,,,,,,,,,,,,
kitting_completed,2878.000000000002,AGV_06,TOTE_0754,station_4,KIT_0004_02,,,,,,,,,,,,,,,,,,,,{'PART_09': 40},False,,
dispatch,2878.000000000002,AGV_07,TOTE_0519,station_4,KIT_0004_02,{'PART_09': 32},2880.0,1.2989367322786454,1.198640435982349,0.0002962962962962956,0.1,0.6399999999999999,0.358974358974359,0.6,0.3,0.1,0.03,0.1,0.2,0.1,0.006,2.0,1200.0,0.5514646034697513,,,,
kitting_completed,2880.0000000000023,AGV_05,TOTE_0617,station_1,KIT_0005_01,,,,,,,,,,,,,,,,,,,,"{'PART_01': 10, 'PART_05': 15}",False,,
kitting_started,2883.3333333333353,AGV_08,TOTE_0578,station_1,KIT_0005_01,,,,,,,,,,,,,,,,,,,,,,,
dispatch,2886.000000000002,AGV_09,TOTE_0635,station_1,KIT_0005_01,"{'PART_01': 10, 'PART_05': 15}",2880.0,1.2124310687643614,1.1987041306461188,0.005962962962962962,0.007763975155279503,0.0,0.38461538461538464,0.6,0.3,0.1,0.03,0.1,0.2,0.1,0.006,2.0,1200.0,0.6889971027970784,,,,
dispatch,2887.3333333333353,AGV_03,TOTE_0821,station_3,KIT_0006_01,"{'PART_01': 10, 'PART_02': 20, 'PART_07': 5}",5760.0,0.2876021558348799,0.26331871345029245,0.023392857142857142,0.0008905852417302799,0.0,0.38974358974358975,0.6,0.3,0.1,0.03,0.1,0.2,0.1,0.006,2.0,1200.0,0.13358693452656897,,,,
kitting_completed,2890.0000000000005,AGV_10,TOTE_0656,station_2,KIT_0005_02,,,,,,,,,,,,,,,,,,,,"{'PART_01': 10, 'PART_05': 15}",False,,
dispatch,2890.0000000000005,AGV_02,TOTE_0764,station_2,KIT_0005_02,"{'PART_01': 10, 'PART_05': 15}",2880.0,1.2150696706824087,1.1987348504607271,0.012685185185185185,0.0036496350364963502,0.0,0.3128205128205128,0.6,0.3,0.1,0.03,0.1,0.2,0.1,0.006,2.0,1200.0,0.6977597511273939,,,,
kitting_started,2892.0000000000005,AGV_01,TOTE_0746,station_2,KIT_0005_02,,,,,,,,,,,,,,,,,,,,,,,
kitting_completed,2892.000000000002,AGV_04,TOTE_0803,station_3,KIT_0006_01,,,,,,,,,,,,,,,,,,,,"{'PART_01': 10, 'PART_02': 20, 'PART_07': 5}",False,,
kitting_completed,2903.3333333333353,AGV_08,TOTE_0578,station_1,KIT_0005_01,,,,,,,,,,,,,,,,,,,,"{'PART_01': 10, 'PART_05': 15}",False,,
dispatch,2906.666666666669,AGV_05,TOTE_0653,station_1,KIT_0005_01,"{'PART_01': 10, 'PART_05': 15}",2880.0,1.2127727154639711,1.1988552070464626,0.0055000000000000005,0.008417508417508419,0.0,0.3333333333333333,0.6,0.3,0.1,0.03,0.1,0.2,0.1,0.006,2.0,1200.0,0.6943302959450494,,,,
dispatch,2911.3333333333353,AGV_06,TOTE_0774,station_3,KIT_0006_01,"{'PART_01': 10, 'PART_02': 20}",5760.0,0.28779977127778805,0.26384502923976616,0.02318452380952381,0.0007702182284980746,0.0,0.40512820512820513,0.6,0.3,0.1,0.03,0.1,0.2,0.1,0.006,2.0,1200.0,0.1321670422538523,,,,
kitting_completed,2912.0000000000005,AGV_01,TOTE_0746,station_2,KIT_0005_02,,,,,,,,,,,,,,,,,,,,"{'PART_01': 10, 'PART_05': 15}",False,,
kitting_started,2914.6666666666683,AGV_07,TOTE_0519,station_4,KIT_0004_02,,,,,,,,,,,,,,,,,,,,,,,
kitting_started,2915.333333333334,AGV_02,TOTE_0764,station_2,KIT_0005_02,,,,,,,,,,,,,,,,,,,,,,,
dispatch,2915.333333333334,AGV_10,TOTE_0782,station_2,KIT_0005_02,"{'PART_01': 10, 'PART_05': 15}",2880.0,1.214923298489888,1.1989131974797869,0.012222222222222223,0.003787878787878788,0.0,0.3128205128205128,0.6,0.3,0.1,0.03,0.1,0.2,0.1,0.006,2.0,1200.0,0.6976719278118814,,,,
kitting_started,2919.3333333333353,AGV_09,TOTE_0635,station_1,KIT_0005_01,,,,,,,,,,,,,,,,,,,,,,,
kitting_started,2922.666666666669,AGV_03,TOTE_0821,station_3,KIT_0006_01,,,,,,,,,,,,,,,,,,,,,,,
kitting_completed,2934.6666666666683,AGV_07,TOTE_0519,station_4,KIT_0004_02,,,,,,,,,,,,,,,,,,,,{'PART_09': 32},True,,
kitting_completed,2935.333333333334,AGV_02,TOTE_0764,station_2,KIT_0005_02,,,,,,,,,,,,,,,,,,,,"{'PART_01': 10, 'PART_05': 15}",False,,
dispatch,2935.333333333334,AGV_04,TOTE_0677,station_2,KIT_0005_02,"{'PART_01': 10, 'PART_05': 15, 'PART_10': 25}",2880.0,1.2186693347161264,1.1990360597088356,0.011759259259259257,0.007874015748031496,0.0,0.3641025641025641,0.6,0.3,0.1,0.03,0.1,0.2,0.1,0.006,2.0,1200.0,0.6947913444194194,,,,
kitting_completed,2939.3333333333353,AGV_09,TOTE_0635,station_1,KIT_0005_01,,,,,,,,,,,,,,,,,,,,"{'PART_01': 10, 'PART_05': 15}",False,,
dispatch,2939.3333333333353,AGV_01,TOTE_0596,station_1,KIT_0005_01,"{'PART_01': 10, 'PART_05': 15}",2880.0,1.2132871263974538,1.1990589128898286,0.005037037037037035,0.009191176470588236,0.0,0.3333333333333333,0.6,0.3,0.1,0.03,0.1,0.2,0.1,0.006,2.0,1200.0,0.6946389425051389,,,,
kitting_started,2940.6666666666674,AGV_10,TOTE_0782,station_2,KIT_0005_02,,,,,,,,,,,,,,,,,,,,,,,
kitting_started,2940.666666666669,AGV_05,TOTE_0653,station_1,KIT_0005_01,,,,,,,,,,,,,,,,,,,,,,,
kitting_completed,2952.666666666669,AGV_03,TOTE_0821,station_3,KIT_0006_01,,,,,,,,,,,,,,,,,,,,"{'PART_01': 10, 'PART_02': 20, 'PART_07': 5}",False,,
dispatch,2952.666666666669,AGV_08,TOTE_0587,station_3,KIT_0006_01,"{'PART_01': 10, 'PART_02': 20}",5760.0,0.28853361100573777,0.2647514619883041,0.023005952380952377,0.000776196636481242,0.0,0.38974358974358975,0.6,0.3,0.1,0.03,0.1,0.2,0.1,0.006,2.0,1200.0,0.13414580762908368,,,,
kitting_started,2954.0000000000023,AGV_06,TOTE_0774,station_3,KIT_0006_01,,,,,,,,,,,,,,,,,,,,,,,
kitting_completed,2960.6666666666674,AGV_10,TOTE_0782,station_2,KIT_0005_02,,,,,,,,,,,,,,,,,,,,"{'PART_01': 10, 'PART_05': 15}",False,,
dispatch,2960.6666666666674,AGV_07,TOTE_0836,station_2,KIT_0005_02,"{'PART_01': 10, 'PART_05': 15}",2880.0,1.214278792912951,1.1991719553061135,0.010833333333333334,0.004273504273504274,0.0,0.3128205128205128,0.6,0.3,0.1,0.03,0.1,0.2,0.1,0.006,2.0,1200.0,0.6972852244657193,,,,
kitting_completed,2960.666666666669,AGV_05,TOTE_0653,station_1,KIT_0005_01,,,,,,,,,,,,,,,,,,,,"{'PART_01': 10, 'PART_05': 15}",False,,
dispatch,2960.666666666669,AGV_02,TOTE_0743,station_1,KIT_0005_01,"{'PART_01': 10, 'PART_05': 15}",2880.0,1.213867486870066,1.1991719553061135,0.004574074074074073,0.010121457489878543,0.0,0.358974358974359,0.6,0.3,0.1,0.03,0.1,0.2,0.1,0.006,2.0,1200.0,0.6924230562246038,,,,
kitting_started,2964.000000000001,AGV_04,TOTE_0677,station_2,KIT_0005_02,,,,,,,,,,,,,,,,,,,,,,,
kitting_started,2972.666666666669,AGV_01,TOTE_0596,station_1,KIT_0005_01,,,,,,,,,,,,,,,,,,,,,,,
kitting_completed,2974.0000000000023,AGV_06,TOTE_0774,station_3,KIT_0006_01,,,,,,,,,,,,,,,,,,,,"{'PART_01': 10, 'PART_02': 20}",False,,
dispatch,2974.0000000000023,AGV_09,TOTE_0012,station_3,KIT_0006_01,{'PART_01': 60},5760.0,0.28961121635575254,0.2652192982456141,0.02282738095238095,0.001564537157757497,0.0,0.3128205128205128,0.6,0.3,0.1,0.03,0.1,0.2,0.1,0.006,2.0,1200.0,0.14248467853140023,,,,
kitting_started,2988.0000000000023,AGV_08,TOTE_0587,station_3,KIT_0006_01,,,,,,,,,,,,,,,,,,,,,,,
kitting_completed,2992.666666666669,AGV_01,TOTE_0596,station_1,KIT_0005_01,,,,,,,,,,,,,,,,,,,,"{'PART_01': 10, 'PART_05': 15}",False,,
dispatch,2992.666666666669,AGV_03,TOTE_0761,station_1,KIT_0005_01,"{'PART_01': 10, 'PART_05': 15}",2880.0,1.2146889539267154,1.199316581554343,0.004111111111111112,0.011261261261261262,0.0,0.3333333333333333,0.6,0.3,0.1,0.03,0.1,0.2,0.1,0.006,2.0,1200.0,0.6954800390226958,,,,
kitting_completed,2994.000000000001,AGV_04,TOTE_0677,station_2,KIT_0005_02,,,,,,,,,,,,,,,,,,,,"{'PART_01': 10, 'PART_05': 15, 'PART_10': 25}",False,,
dispatch,2994.000000000001,AGV_10,TOTE_0854,station_2,KIT_0005_02,"{'PART_01': 10, 'PART_05': 15}",2880.0,1.2141566821494514,1.1993220260647952,0.01037037037037037,0.004464285714285715,0.0,0.3128205128205128,0.6,0.3,0.1,0.03,0.1,0.2,0.1,0.006,2.0,1200.0,0.6972119580076195,,,,
kitting_started,2994.0000000000023,AGV_02,TOTE_0743,station_1,KIT_0005_01,,,,,,,,,,,,,,,,,,,,,,,
kit_replacement,2994.6666666666683,,,station_4,,,,,,,,,,,,,,,,,,,,,,,KIT_0004_02,KIT_0007_01
dispatch,2994.6666666666683,AGV_05,TOTE_0720,station_4,KIT_0007_01,{'PART_01': 10},5760.0,0.2959930274403959,0.2656725146198831,0.03,0.0003205128205128205,0.0,0.38461538461538464,0.6,0.3,0.1,0.03,0.1,0.2,0.1,0.006,2.0,1200.0,0.13913427800269906,,,,
dispatch,2998.666666666669,AGV_06,TOTE_0792,station_4,KIT_0007_01,{'PART_01': 10},5760.0,0.29598562348033497,0.2657602339181287,0.029903846153846152,0.0003215434083601286,0.0,0.23076923076923078,0.6,0.3,0.1,0.03,0.1,0.2,0.1,0.006,2.0,1200.0,0.1545144510112779,,,,
kitting_started,2999.3333333333344,AGV_07,TOTE_0836,station_2,KIT_0005_02,,,,,,,,,,,,,,,,,,,,,,,
kitting_completed,3008.0000000000023,AGV_08,TOTE_0587,station_3,KIT_0006_01,,,,,,,,,,,,,,,,,,,,"{'PART_01': 10, 'PART_02': 20}",False,,
kitting_started,3009.3333333333358,AGV_09,TOTE_0012,station_3,KIT_0006_01,,,,,,,,,,,,,,,,,,,,,,,
kitting_completed,3014.0000000000023,AGV_02,TOTE_0743,station_1,KIT_0005_01,,,,,,,,,,,,,,,,,,,,"{'PART_01': 10, 'PART_05': 15}",False,,
kitting_started,3018.666666666669,AGV_06,TOTE_0792,station_4,KIT_0007_01,,,,,,,,,,,,,,,,,,,,,,,
kitting_completed,3019.3333333333344,AGV_07,TOTE_0836,station_2,KIT_0005_02,,,,,,,,,,,,,,,,,,,,"{'PART_01': 10, 'PART_05': 15}",False,,
dispatch,3019.3333333333353,AGV_01,TOTE_0003,station_1,KIT_0005_01,{'PART_01': 60},2880.0,1.2335226138036393,1.199417612863613,0.003648148148148147,0.030456852791878177,0.0,0.28205128205128205,0.6,0.3,0.1,0.03,0.1,0.2,0.1,0.006,2.0,1200.0,0.7119084400770553,,,,
kitting_started,3020.666666666668,AGV_10,TOTE_0854,station_2,KIT_0005_02,,,,,,,,,,,,,,,,,,,,,,,
dispatch,3022.6666666666674,AGV_04,TOTE_0695,station_2,KIT_0005_02,"{'PART_01': 10, 'PART_05': 15, 'PART_10': 25}",2880.0,1.2186823448722561,1.1994291430723254,0.009907407407407408,0.009345794392523364,0.0,0.3641025641025641,0.6,0.3,0.1,0.03,0.1,0.2,0.1,0.006,2.0,1200.0,0.6947991505130973,,,,
kitting_started,3026.0000000000023,AGV_03,TOTE_0761,station_1,KIT_0005_01,,,,,,,,,,,,,,,,,,,,,,,
kitting_completed,3028.666666666669,AGV_06,TOTE_0792,station_4,KIT_0007_01,,,,,,,,,,,,,,,,,,,,{'PART_01': 10},False,,
dispatch,3033.3333333333358,AGV_08,TOTE_0810,station_4,KIT_0007_01,{'PART_01': 10},5760.0,0.29665074078911097,0.2665204678362574,0.029807692307692306,0.0003225806451612903,0.0,0.3333333333333333,0.6,0.3,0.1,0.03,0.1,0.2,0.1,0.006,2.0,1200.0,0.14465711114013324,,,,
kitting_started,3034.6666666666683,AGV_05,TOTE_0720,station_4,KIT_0007_01,,,,,,,,,,,,,,,,,,,,,,,
kitting_completed,3040.666666666668,AGV_10,TOTE_0854,station_2,KIT_0005_02,,,,,,,,,,,,,,,,,,,,"{'PART_01': 10, 'PART_05': 15}",False,,
dispatch,3040.666666666669,AGV_02,TOTE_0027,station_2,KIT_0005_02,{'PART_01': 60},2880.0,1.2208401902493324,1.1994875747472324,0.008981481481481481,0.012371134020618558,0.0,0.28717948717948716,0.6,0.3,0.1,0.03,0.1,0.2,0.1,0.006,2.0,1200.0,0.7037861654316507,,,,
dispatch,3044.666666666668,AGV_07,TOTE_0623,station_3,KIT_0006_01,{'PART_02': 20},5760.0,0.28976904526769465,0.26676900584795327,0.022470238095238095,0.0005298013245033113,0.0,0.3384615384615385,0.6,0.3,0.1,0.03,0.1,0.2,0.1,0.006,2.0,1200.0,0.14001527331446292,,,,
kitting_completed,3044.6666666666683,AGV_05,TOTE_0720,station_4,KIT_0007_01,,,,,,,,,,,,,,,,,,,,{'PART_01': 10},False,,
kitting_completed,3046.0000000000023,AGV_03,TOTE_0761,station_1,KIT_0005_01,,,,,,,,,,,,,,,,,,,,"{'PART_01': 10, 'PART_05': 15}",False,,
kitting_started,3047.3333333333358,AGV_01,TOTE_0003,station_1,KIT_0005_01,,,,,,,,,,,,,,,,,,,,,,,
dispatch,3048.666666666669,AGV_06,TOTE_0885,station_1,KIT_0005_01,{'PART_05': 15},2880.0,1.2129975290656745,1.1995115869191484,0.0025370370370370377,0.010948905109489052,0.0,0.358974358974359,0.6,0.3,0.1,0.03,0.1,0.2,0.1,0.006,2.0,1200.0,0.6919010815419688,,,,
kitting_started,3051.3333333333344,AGV_04,TOTE_0695,station_2,KIT_0005_02,,,,,,,,,,,,,,,,,,,,,,,
dispatch,3064.6666666666683,AGV_05,TOTE_0828,station_4,KIT_0007_01,{'PART_01': 10},5760.0,0.29724276539618905,0.26720760233918134,0.029711538461538463,0.0003236245954692557,0.0,0.23076923076923078,0.6,0.3,0.1,0.03,0.1,0.2,0.1,0.006,2.0,1200.0,0.15526873616079034,,,,
kitting_started,3066.6666666666692,AGV_08,TOTE_0810,station_4,KIT_0007_01,,,,,,,,,,,,,,,,,,,,,,,
kitting_completed,3069.3333333333358,AGV_09,TOTE_0012,station_3,KIT_0006_01,,,,,,,,,,,,,,,,,,,,{'PART_01': 60},False,,
dispatch,3069.3333333333358,AGV_10,TOTE_0677,station_3,KIT_0006_01,{'PART_02': 20},5760.0,0.29019375516576623,0.2673099415204679,0.022351190476190476,0.0005326231691078563,0.0,0.3384615384615385,0.6,0.3,0.1,0.03,0.1,0.2,0.1,0.006,2.0,1200.0,0.14027009925330589,,,,
kitting_started,3073.333333333335,AGV_07,TOTE_0623,station_3,KIT_0006_01,,,,,,,,,,,,,,,,,,,,,,,
kitting_completed,3076.6666666666692,AGV_08,TOTE_0810,station_4,KIT_0007_01,,,,,,,,,,,,,,,,,,,,{'PART_01': 10},False,,
dispatch,3076.6666666666692,AGV_03,TOTE_0608,station_4,KIT_0007_01,"{'PART_01': 10, 'PART_03': 50, 'PART_05': 15}",5760.0,0.29952120978436775,0.2674707602339182,0.029615384615384616,0.0024350649350649354,0.0,0.41025641025641024,0.6,0.3,0.1,0.03,0.1,0.2,0.1,0.006,2.0,1200.0,0.13868708484497963,,,,
kitting_completed,3081.3333333333344,AGV_04,TOTE_0695,station_2,KIT_0005_02,,,,,,,,,,,,,,,,,,,,"{'PART_01': 10, 'PART_05': 15, 'PART_10': 25}",False,,
kitting_started,3082.666666666668,AGV_02,TOTE_0027,station_2,KIT_0005_02,,,,,,,,,,,,,,,,,,,,,,,
kitting_completed,3083.333333333335,AGV_07,TOTE_0623,station_3,KIT_0006_01,,,,,,,,,,,,,,,,,,,,{'PART_02': 20},False,,
kitting_started,3084.6666666666683,AGV_05,TOTE_0828,station_4,KIT_0007_01,,,,,,,,,,,,,,,,,,,,,,,
dispatch,3088.0000000000023,AGV_09,TOTE_0713,station_2,KIT_0005_02,"{'PART_05': 15, 'PART_10': 25}",2880.0,1.2168963848596317,1.1996142497833788,0.007870370370370371,0.009411764705882354,0.0,0.4153846153846154,0.6,0.3,0.1,0.03,0.1,0.2,0.1,0.006,2.0,1200.0,0.6885993693773175,,,,
kitting_completed,3094.6666666666683,AGV_05,TOTE_0828,station_4,KIT_0007_01,,,,,,,,,,,,,,,,,,,,{'PART_01': 10},False,,
dispatch,3096.6666666666692,AGV_08,TOTE_0792,station_3,KIT_0006_01,{'PART_02': 20},5760.0,0.2906769748165595,0.26790935672514626,0.022232142857142857,0.000535475234270415,0.0,0.30256410256410254,0.6,0.3,0.1,0.03,0.1,0.2,0.1,0.006,2.0,1200.0,0.14414977463352543,,,,
kitting_started,3098.0000000000027,AGV_10,TOTE_0677,station_3,KIT_0006_01,,,,,,,,,,,,,,,,,,,,,,,
kitting_completed,3107.3333333333358,AGV_01,TOTE_0003,station_1,KIT_0005_01,,,,,,,,,,,,,,,,,,,,{'PART_01': 60},False,,
kitting_completed,3108.0000000000027,AGV_10,TOTE_0677,station_3,KIT_0006_01,,,,,,,,,,,,,,,,,,,,{'PART_02': 20},False,,
dispatch,3108.6666666666683,AGV_07,TOTE_0779,station_1,KIT_0005_01,{'PART_05': 15},2880.0,1.2142135730023322,1.1996592317758599,0.0022592592592592586,0.012295081967213115,0.0,0.38461538461538464,0.6,0.3,0.1,0.03,0.1,0.2,0.1,0.006,2.0,1200.0,0.6900666053398609,,,,
kitting_started,3108.6666666666692,AGV_06,TOTE_0885,station_1,KIT_0005_01,,,,,,,,,,,,,,,,,,,,,,,
dispatch,3110.000000000001,AGV_04,TOTE_0626,station_4,KIT_0007_01,"{'PART_01': 10, 'PART_03': 50, 'PART_05': 15}",5760.0,0.29959182542141866,0.26820175438596494,0.02889423076923077,0.0024958402662229617,0.0,0.358974358974359,0.6,0.3,0.1,0.03,0.1,0.2,0.1,0.006,2.0,1200.0,0.14385765935541528,,,,
kitting_started,3113.333333333336,AGV_03,TOTE_0608,station_4,KIT_0007_01,,,,,,,,,,,,,,,,,,,,,,,
dispatch,3114.6666666666683,AGV_05,TOTE_0695,station_3,KIT_0006_01,{'PART_02': 20},5760.0,0.2909555468134221,0.2683040935672515,0.022113095238095237,0.0005383580080753702,0.0,0.4153846153846154,0.6,0.3,0.1,0.03,0.1,0.2,0.1,0.006,2.0,1200.0,0.1330348665495917,,,,
kitting_completed,3118.6666666666692,AGV_06,TOTE_0885,station_1,KIT_0005_01,,,,,,,,,,,,,,,,,,,,{'PART_05': 15},False,,
kitting_started,3121.333333333336,AGV_08,TOTE_0792,station_3,KIT_0006_01,,,,,,,,,,,,,,,,,,,,,,,
dispatch,3127.3333333333358,AGV_01,TOTE_0614,station_1,KIT_0005_01,{'PART_05': 15},2880.0,1.2156955081401377,1.1996953350698711,0.001981481481481483,0.014018691588785047,0.0,0.38461538461538464,0.6,0.3,0.1,0.03,0.1,0.2,0.1,0.006,2.0,1200.0,0.6909557664225442,,,,
kitting_completed,3131.333333333336,AGV_08,TOTE_0792,station_3,KIT_0006_01,,,,,,,,,,,,,,,,,,,,{'PART_02': 20},False,,
dispatch,3133.333333333336,AGV_10,TOTE_0731,station_3,KIT_0006_01,{'PART_02': 20},5760.0,0.29124876990061993,0.26871345029239774,0.02199404761904762,0.0005412719891745603,0.0,0.3128205128205128,0.6,0.3,0.1,0.03,0.1,0.2,0.1,0.006,2.0,1200.0,0.1434672106583207,,,,
kitting_started,3142.000000000002,AGV_07,TOTE_0779,station_1,KIT_0005_01,,,,,,,,,,,,,,,,,,,,,,,
kitting_completed,3142.666666666668,AGV_02,TOTE_0027,station_2,KIT_0005_02,,,,,,,,,,,,,,,,,,,,{'PART_01': 60},False,,
dispatch,3142.666666666668,AGV_06,TOTE_0885,station_2,KIT_0005_02,{'PART_05': 15},2880.0,1.2107478450066784,1.1997221114809449,0.007129629629629628,0.003896103896103896,0.0,0.30256410256410254,0.6,0.3,0.1,0.03,0.1,0.2,0.1,0.006,2.0,1200.0,0.6961922967475968,,,,
kitting_completed,3143.333333333336,AGV_03,TOTE_0608,station_4,KIT_0007_01,,,,,,,,,,,,,,,,,,,,"{'PART_01': 10, 'PART_03': 50, 'PART_05': 15}",False,,
kitting_started,3144.0000000000014,AGV_09,TOTE_0713,station_2,KIT_0005_02,,,,,,,,,,,,,,,,,,,,,,,
kitting_started,3144.6666666666697,AGV_04,TOTE_0626,station_4,KIT_0007_01,,,,,,,,,,,,,,,,,,,,,,,
kitting_completed,3152.000000000002,AGV_07,TOTE_0779,station_1,KIT_0005_01,,,,,,,,,,,,,,,,,,,,{'PART_05': 15},False,,
kitting_started,3153.3333333333353,AGV_05,TOTE_0695,station_3,KIT_0006_01,,,,,,,,,,,,,,,,,,,,,,,
dispatch,3156.0000000000027,AGV_08,TOTE_0330,station_1,KIT_0005_01,{'PART_05': 90},2880.0,1.299273265703176,1.1997434750429505,0.0017037037037037038,0.09782608695652174,0.2,0.3333333333333333,0.6,0.3,0.1,0.03,0.1,0.2,0.1,0.006,2.0,1200.0,0.6862306260885723,,,,
kitting_started,3160.6666666666692,AGV_01,TOTE_0614,station_1,KIT_0005_01,,,,,,,,,,,,,,,,,,,,,,,
dispatch,3161.3333333333344,AGV_02,TOTE_0762,station_4,KIT_0007_01,{'PART_05': 15},5760.0,0.2980125076956853,0.26932748538011697,0.028173076923076922,0.0005119453924914676,0.0,0.41025641025641024,0.6,0.3,0.1,0.03,0.1,0.2,0.1,0.006,2.0,1200.0,0.13778186359177017,,,,
kitting_completed,3163.3333333333353,AGV_05,TOTE_0695,station_3,KIT_0006_01,,,,,,,,,,,,,,,,,,,,{'PART_02': 20},False,,
kitting_completed,3164.0000000000014,AGV_09,TOTE_0713,station_2,KIT_0005_02,,,,,,,,,,,,,,,,,,,,"{'PART_05': 15, 'PART_10': 25}",False,,
kitting_started,3164.666666666669,AGV_10,TOTE_0731,station_3,KIT_0006_01,,,,,,,,,,,,,,,,,,,,,,,
kitting_started,3167.333333333335,AGV_06,TOTE_0885,station_2,KIT_0005_02,,,,,,,,,,,,,,,,,,,,,,,
dispatch,3170.0000000000027,AGV_03,TOTE_0836,station_2,KIT_0005_02,{'PART_05': 15},2880.0,1.2106700474881587,1.1997641415822526,0.006851851851851852,0.004054054054054054,0.0,0.3641025641025641,0.6,0.3,0.1,0.03,0.1,0.2,0.1,0.006,2.0,1200.0,0.6899917720826387,,,,
kitting_completed,3170.6666666666692,AGV_01,TOTE_0614,station_1,KIT_0005_01,,,,,,,,,,,,,,,,,,,,{'PART_05': 15},False,,
kitting_completed,3174.666666666669,AGV_10,TOTE_0731,station_3,KIT_0006_01,,,,,,,,,,,,,,,,,,,,{'PART_02': 20},False,,
kitting_completed,3174.6666666666697,AGV_04,TOTE_0626,station_4,KIT_0007_01,,,,,,,,,,,,,,,,,,,,"{'PART_01': 10, 'PART_03': 50, 'PART_05': 15}",False,,
kitting_completed,3177.333333333335,AGV_06,TOTE_0885,station_2,KIT_0005_02,,,,,,,,,,,,,,,,,,,,{'PART_05': 15},False,,
dispatch,3178.6666666666683,AGV_07,TOTE_0528,station_1,KIT_0005_01,{'PART_10': 2},2880.0,1.2998131290891612,1.199776092052124,3.7037037037036535e-05,0.1,0.06400000000000006,0.28205128205128205,0.6,0.3,0.1,0.03,0.1,0.2,0.1,0.006,2.0,1200.0,0.7324827492483685,,,,
dispatch,3188.666666666669,AGV_05,TOTE_0854,station_2,KIT_0005_02,{'PART_05': 15},2880.0,1.2105885568587815,1.1997891306720314,0.006574074074074073,0.004225352112676057,0.0,0.3384615384615385,0.6,0.3,0.1,0.03,0.1,0.2,0.1,0.006,2.0,1200.0,0.6925069802691151,,,,
kitting_started,3189.333333333336,AGV_08,TOTE_0330,station_1,KIT_0005_01,,,,,,,,,,,,,,,,,,,,,,,
dispatch,3192.666666666668,AGV_09,TOTE_0644,station_4,KIT_0007_01,"{'PART_01': 10, 'PART_03': 50, 'PART_05': 15}",5760.0,0.300616364836201,0.270014619883041,0.028028846153846154,0.002572898799313894,0.0,0.358974358974359,0.6,0.3,0.1,0.03,0.1,0.2,0.1,0.006,2.0,1200.0,0.1444723830042847,,,,
kitting_started,3194.666666666668,AGV_02,TOTE_0762,station_4,KIT_0007_01,,,,,,,,,,,,,,,,,,,,,,,
dispatch,3197.3333333333358,AGV_01,TOTE_0713,station_3,KIT_0006_01,{'PART_02': 20},5760.0,0.29253617675140237,0.27011695906432753,0.021875000000000002,0.0005442176870748299,0.0,0.38974358974358975,0.6,0.3,0.1,0.03,0.1,0.2,0.1,0.006,2.0,1200.0,0.13654734707648244,,,,
dispatch,3200.0000000000023,AGV_10,TOTE_0839,station_3,KIT_0006_01,{'PART_02': 20},5760.0,0.2924785865998787,0.2701754385964913,0.02175595238095238,0.0005471956224350205,0.0,0.3128205128205128,0.6,0.3,0.1,0.03,0.1,0.2,0.1,0.006,2.0,1200.0,0.14420510067787592,,,,
kitting_started,3202.0000000000027,AGV_03,TOTE_0836,station_2,KIT_0005_02,,,,,,,,,,,,,,,,,,,,,,,
kitting_completed,3204.666666666668,AGV_02,TOTE_0762,station_4,KIT_0007_01,,,,,,,,,,,,,,,,,,,,{'PART_05': 15},False,,
dispatch,3204.666666666668,AGV_04,TOTE_0662,station_4,KIT_0007_01,"{'PART_01': 10, 'PART_03': 50, 'PART_05': 15}",5760.0,0.3002263151558927,0.27027777777777784,0.027307692307692307,0.002640845070422535,0.0,0.3333333333333333,0.6,0.3,0.1,0.03,0.1,0.2,0.1,0.006,2.0,1200.0,0.1468024557602023,,,,
kitting_completed,3212.0000000000027,AGV_03,TOTE_0836,station_2,KIT_0005_02,,,,,,,,,,,,,,,,,,,,{'PART_05': 15},False,,
dispatch,3212.0000000000027,AGV_06,TOTE_0885,station_2,KIT_0005_02,{'PART_05': 15},2880.0,1.210524738612321,1.1998166776101424,0.006296296296296297,0.004411764705882354,0.0,0.30256410256410254,0.6,0.3,0.1,0.03,0.1,0.2,0.1,0.006,2.0,1200.0,0.6960584329109823,,,,
kitting_started,3217.3333333333358,AGV_05,TOTE_0854,station_2,KIT_0005_02,,,,,,,,,,,,,,,,,,,,,,,
kitting_started,3222.6666666666683,AGV_09,TOTE_0644,station_4,KIT_0007_01,,,,,,,,,,,,,,,,,,,,,,,
kitting_started,3225.3333333333358,AGV_10,TOTE_0839,station_3,KIT_0006_01,,,,,,,,,,,,,,,,,,,,,,,
kitting_completed,3227.3333333333358,AGV_05,TOTE_0854,station_2,KIT_0005_02,,,,,,,,,,,,,,,,,,,,{'PART_05': 15},False,,
dispatch,3234.666666666668,AGV_02,TOTE_0994,station_2,KIT_0005_02,{'PART_10': 17},2880.0,1.2110892751157147,1.1998399873664272,0.0060185185185185185,0.005230769230769231,-0.05599999999999994,0.558974358974359,0.6,0.3,0.1,0.03,0.1,0.2,0.1,0.006,2.0,1200.0,0.6875561291719928,,,,
kitting_completed,3235.3333333333358,AGV_10,TOTE_0839,station_3,KIT_0006_01,,,,,,,,,,,,,,,,,,,,{'PART_02': 20},False,,
kitting_started,3236.6666666666692,AGV_01,TOTE_0713,station_3,KIT_0006_01,,,,,,,,,,,,,,,,,,,,,,,
kitting_started,3236.6666666666697,AGV_06,TOTE_0885,station_2,KIT_0005_02,,,,,,,,,,,,,,,,,,,,,,,
dispatch,3237.333333333336,AGV_03,TOTE_0857,station_3,KIT_0006_01,{'PART_02': 20},5760.0,0.2931812631360612,0.2709941520467837,0.02163690476190476,0.0005502063273727648,0.0,0.3384615384615385,0.6,0.3,0.1,0.03,0.1,0.2,0.1,0.006,2.0,1200.0,0.14206260403548285,,,,
kitting_completed,3246.6666666666692,AGV_01,TOTE_0713,station_3,KIT_0006_01,,,,,,,,,,,,,,,,,,,,{'PART_02': 20},False,,
kitting_completed,3246.6666666666697,AGV_06,TOTE_0885,station_2,KIT_0005_02,,,,,,,,,,,,,,,,,,,,{'PART_05': 15},False,,
kitting_completed,3249.333333333336,AGV_08,TOTE_0330,station_1,KIT_0005_01,,,,,,,,,,,,,,,,,,,,{'PART_05': 90},False,,
kitting_started,3250.6666666666697,AGV_07,TOTE_0528,station_1,KIT_0005_01,,,,,,,,,,,,,,,,,,,,,,,
kitting_completed,3252.6666666666683,AGV_09,TOTE_0644,station_4,KIT_0007_01,,,,,,,,,,,,,,,,,,,,"{'PART_01': 10, 'PART_03': 50, 'PART_05': 15}",False,,
dispatch,3252.6666666666692,AGV_05,TOTE_0872,station_2,KIT_0005_02,{'PART_05': 15},2880.0,1.2104302011645431,1.1998563675907095,0.005703703703703703,0.004870129870129871,0.0,0.3128205128205128,0.6,0.3,0.1,0.03,0.1,0.2,0.1,0.006,2.0,1200.0,0.6949760694166746,,,,
kitting_started,3254.000000000002,AGV_04,TOTE_0662,station_4,KIT_0007_01,,,,,,,,,,,,,,,,,,,,,,,
dispatch,3260.6666666666692,AGV_10,TOTE_0839,station_3,KIT_0006_01,{'PART_02': 20},5760.0,0.293576955441855,0.2715058479532164,0.02151785714285714,0.0005532503457814662,0.0,0.3128205128205128,0.6,0.3,0.1,0.03,0.1,0.2,0.1,0.006,2.0,1200.0,0.14486412198306173,,,,
kitting_started,3266.000000000003,AGV_03,TOTE_0857,station_3,KIT_0006_01,,,,,,,,,,,,,,,,,,,,,,,
dispatch,3269.333333333336,AGV_08,TOTE_0780,station_4,KIT_0007_01,{'PART_05': 15},5760.0,0.2988249403734914,0.2716959064327486,0.02658653846153846,0.00054249547920434,0.0,0.38461538461538464,0.6,0.3,0.1,0.03,0.1,0.2,0.1,0.006,2.0,1200.0,0.14083342576255636,,,,
kitting_completed,3270.6666666666697,AGV_07,TOTE_0528,station_1,KIT_0005_01,,,,,,,,,,,,,,,,,,,,{'PART_10': 2},True,,
kitting_completed,3276.000000000003,AGV_03,TOTE_0857,station_3,KIT_0006_01,,,,,,,,,,,,,,,,,,,,{'PART_02': 20},False,,
dispatch,3276.000000000003,AGV_06,TOTE_0548,station_3,KIT_0006_01,"{'PART_02': 20, 'PART_04': 100}",5760.0,0.29657888418891465,0.271842105263158,0.021398809523809525,0.003337969401947149,0.0,0.38974358974358975,0.6,0.3,0.1,0.03,0.1,0.2,0.1,0.006,2.0,1200.0,0.13897297153898983,,,,
kitting_started,3278.0000000000027,AGV_05,TOTE_0872,station_2,KIT_0005_02,,,,,,,,,,,,,,,,,,,,,,,
kitting_completed,3284.000000000002,AGV_04,TOTE_0662,station_4,KIT_0007_01,,,,,,,,,,,,,,,,,,,,"{'PART_01': 10, 'PART_03': 50, 'PART_05': 15}",False,,
dispatch,3284.000000000002,AGV_09,TOTE_0680,station_4,KIT_0007_01,"{'PART_01': 10, 'PART_03': 50, 'PART_05': 15}",5760.0,0.3011871242792296,0.27201754385964916,0.026442307692307692,0.0027272727272727275,0.0,0.3333333333333333,0.6,0.3,0.1,0.03,0.1,0.2,0.1,0.006,2.0,1200.0,0.14737894123420445,,,,
kitting_started,3286.0000000000027,AGV_10,TOTE_0839,station_3,KIT_0006_01,,,,,,,,,,,,,,,,,,,,,,,
kitting_completed,3288.0000000000027,AGV_05,TOTE_0872,station_2,KIT_0005_02,,,,,,,,,,,,,,,,,,,,{'PART_05': 15},False,,
dispatch,3288.0000000000027,AGV_01,TOTE_0731,station_2,KIT_0005_02,"{'PART_05': 15, 'PART_10': 25}",2880.0,1.2189616086248025,1.1998838055657708,0.005425925925925927,0.013651877133105804,0.0,0.3641025641025641,0.6,0.3,0.1,0.03,0.1,0.2,0.1,0.006,2.0,1200.0,0.6949667087646251,,,,
kitting_started,3289.333333333336,AGV_02,TOTE_0994,station_2,KIT_0005_02,,,,,,,,,,,,,,,,,,,,,,,
kitting_completed,3296.0000000000027,AGV_10,TOTE_0839,station_3,KIT_0006_01,,,,,,,,,,,,,,,,,,,,{'PART_02': 20},False,,
dispatch,3296.0000000000027,AGV_07,TOTE_0566,station_3,KIT_0006_01,"{'PART_02': 20, 'PART_04': 100}",5760.0,0.2964184629739817,0.272280701754386,0.02068452380952381,0.0034532374100719426,0.0,0.441025641025641,0.6,0.3,0.1,0.03,0.1,0.2,0.1,0.006,2.0,1200.0,0.13374851368182492,,,,
kitting_started,3299.333333333336,AGV_08,TOTE_0780,station_4,KIT_0007_01,,,,,,,,,,,,,,,,,,,,,,,
kitting_completed,3309.333333333336,AGV_02,TOTE_0994,station_2,KIT_0005_02,,,,,,,,,,,,,,,,,,,,{'PART_10': 17},False,,
kitting_completed,3309.333333333336,AGV_08,TOTE_0780,station_4,KIT_0007_01,,,,,,,,,,,,,,,,,,,,{'PART_05': 15},False,,
dispatch,3309.333333333336,AGV_03,TOTE_0890,station_2,KIT_0005_02,{'PART_05': 15},2880.0,1.2105118044780545,1.1998977655379286,0.004685185185185186,0.005928853754940712,0.0,0.3384615384615385,0.6,0.3,0.1,0.03,0.1,0.2,0.1,0.006,2.0,1200.0,0.6924609288406788,,,,
dispatch,3310.6666666666683,AGV_04,TOTE_0698,station_4,KIT_0007_01,"{'PART_01': 10, 'PART_03': 50, 'PART_05': 15}",5760.0,0.3011272313451975,0.2726023391812866,0.02572115384615385,0.0028037383177570096,0.0,0.3333333333333333,0.6,0.3,0.1,0.03,0.1,0.2,0.1,0.006,2.0,1200.0,0.14734300547378515,,,,
kitting_started,3310.6666666666697,AGV_09,TOTE_0680,station_4,KIT_0007_01,,,,,,,,,,,,,,,,,,,,,,,
kitting_started,3316.6666666666697,AGV_01,TOTE_0731,station_2,KIT_0005_02,,,,,,,,,,,,,,,,,,,,,,,
kitting_started,3318.0000000000036,AGV_06,TOTE_0548,station_3,KIT_0006_01,,,,,,,,,,,,,,,,,,,,,,,
kit_replacement,3330.6666666666697,,,station_1,,,,,,,,,,,,,,,,,,,,,,,KIT_0005_01,KIT_0008_01
dispatch,3330.6666666666697,AGV_05,TOTE_0519,station_1,KIT_0008_01,{'PART_09': 168},5760.0,0.30782726045883946,0.2730409356725147,0.03,0.004786324786324787,-0.4399999999999999,0.46153846153846156,0.6,0.3,0.1,0.03,0.1,0.2,0.1,0.006,2.0,1200.0,0.27054251012145747,,,,
dispatch,3330.6666666666697,AGV_10,TOTE_0617,station_1,KIT_0008_01,"{'PART_02': 20, 'PART_04': 100}",5760.0,0.3051957025095078,0.2730409356725147,0.02856410256410256,0.003590664272890485,0.0,0.38461538461538464,0.6,0.3,0.1,0.03,0.1,0.2,0.1,0.006,2.0,1200.0,0.1446558830441662,,,,
kitting_completed,3336.6666666666697,AGV_01,TOTE_0731,station_2,KIT_0005_02,,,,,,,,,,,,,,,,,,,,"{'PART_05': 15, 'PART_10': 25}",False,,
kitting_started,3338.000000000003,AGV_03,TOTE_0890,station_2,KIT_0005_02,,,,,,,,,,,,,,,,,,,,,,,
kitting_completed,3338.0000000000036,AGV_06,TOTE_0548,station_3,KIT_0006_01,,,,,,,,,,,,,,,,,,,,"{'PART_02': 20, 'PART_04': 100}",False,,
dispatch,3339.333333333336,AGV_08,TOTE_0872,station_2,KIT_0005_02,{'PART_05': 15},2880.0,1.2106245346155635,1.1999146061997528,0.004407407407407408,0.0063025210084033615,0.0,0.38974358974358975,0.6,0.3,0.1,0.03,0.1,0.2,0.1,0.006,2.0,1200.0,0.6874003617949791,,,,
kitting_started,3339.333333333337,AGV_07,TOTE_0566,station_3,KIT_0006_01,,,,,,,,,,,,,,,,,,,,,,,
kitting_completed,3340.6666666666697,AGV_09,TOTE_0680,station_4,KIT_0007_01,,,,,,,,,,,,,,,,,,,,"{'PART_01': 10, 'PART_03': 50, 'PART_05': 15}",False,,
kitting_started,3342.000000000003,AGV_04,TOTE_0698,station_4,KIT_0007_01,,,,,,,,,,,,,,,,,,,,,,,
dispatch,3344.0000000000027,AGV_02,TOTE_0857,station_3,KIT_0006_01,{'PART_02': 20},5760.0,0.29389969661486065,0.27333333333333343,0.019970238095238096,0.0005961251862891207,0.0,0.4153846153846154,0.6,0.3,0.1,0.03,0.1,0.2,0.1,0.006,2.0,1200.0,0.13480135643045482,,,,
kitting_completed,3348.000000000003,AGV_03,TOTE_0890,station_2,KIT_0005_02,,,,,,,,,,,,,,,,,,,,{'PART_05': 15},False,,
kitting_completed,3359.333333333337,AGV_07,TOTE_0566,station_3,KIT_0006_01,,,,,,,,,,,,,,,,,,,,"{'PART_02': 20, 'PART_04': 100}",False,,
kitting_started,3364.000000000003,AGV_10,TOTE_0617,station_1,KIT_0008_01,,,,,,,,,,,,,,,,,,,,,,,
dispatch,3365.333333333336,AGV_01,TOTE_0551,station_2,KIT_0005_02,{'PART_05': 15},2880.0,1.2107830273278015,1.1999269402990689,0.004129629629629629,0.006726457399103139,0.0,0.3641025641025641,0.6,0.3,0.1,0.03,0.1,0.2,0.1,0.006,2.0,1200.0,0.6900595599864244,,,,
dispatch,3366.66666666667,AGV_06,TOTE_0716,station_4,KIT_0007_01,"{'PART_01': 10, 'PART_03': 50, 'PART_05': 15}",5760.0,0.30171502474134065,0.27383040935672526,0.025,0.0028846153846153848,0.0,0.38461538461538464,0.6,0.3,0.1,0.03,0.1,0.2,0.1,0.006,2.0,1200.0,0.14256747638326592,,,,
dispatch,3367.333333333336,AGV_09,TOTE_0590,station_3,KIT_0006_01,"{'PART_02': 20, 'PART_07': 5}",5760.0,0.29444584490336295,0.27384502923976617,0.019851190476190474,0.0007496251874062969,0.0,0.35384615384615387,0.6,0.3,0.1,0.03,0.1,0.2,0.1,0.006,2.0,1200.0,0.14128289155740237,,,,
kitting_completed,3372.000000000003,AGV_04,TOTE_0698,station_4,KIT_0007_01,,,,,,,,,,,,,,,,,,,,"{'PART_01': 10, 'PART_03': 50, 'PART_05': 15}",False,,
dispatch,3373.3333333333367,AGV_03,TOTE_0734,station_4,KIT_0007_01,"{'PART_01': 10, 'PART_03': 50, 'PART_05': 15}",5760.0,0.30122575137068375,0.2739766081871346,0.024278846153846154,0.0029702970297029703,0.0,0.38461538461538464,0.6,0.3,0.1,0.03,0.1,0.2,0.1,0.006,2.0,1200.0,0.14227391236087178,,,,
kitting_started,3374.6666666666697,AGV_08,TOTE_0872,station_2,KIT_0005_02,,,,,,,,,,,,,,,,,,,,,,,
kitting_started,3382.6666666666697,AGV_02,TOTE_0857,station_3,KIT_0006_01,,,,,,,,,,,,,,,,,,,,,,,
kitting_completed,3384.000000000003,AGV_10,TOTE_0617,station_1,KIT_0008_01,,,,,,,,,,,,,,,,,,,,"{'PART_02': 20, 'PART_04': 100}",False,,
kitting_completed,3384.6666666666697,AGV_08,TOTE_0872,station_2,KIT_0005_02,,,,,,,,,,,,,,,,,,,,{'PART_05': 15},False,,
kitting_started,3385.3333333333367,AGV_05,TOTE_0519,station_1,KIT_0008_01,,,,,,,,,,,,,,,,,,,,,,,
dispatch,3388.0000000000036,AGV_07,TOTE_0890,station_2,KIT_0005_02,{'PART_05': 15},2880.0,1.2109996205271318,1.1999362302137415,0.003851851851851853,0.007211538461538461,0.0,0.3128205128205128,0.6,0.3,0.1,0.03,0.1,0.2,0.1,0.006,2.0,1200.0,0.6953177210342277,,,,
kitting_completed,3392.6666666666697,AGV_02,TOTE_0857,station_3,KIT_0006_01,,,,,,,,,,,,,,,,,,,,{'PART_02': 20},False,,
kitting_started,3394.000000000003,AGV_01,TOTE_0551,station_2,KIT_0005_02,,,,,,,,,,,,,,,,,,,,,,,
kitting_started,3395.333333333336,AGV_09,TOTE_0590,station_3,KIT_0006_01,,,,,,,,,,,,,,,,,,,,,,,
dispatch,3398.6666666666697,AGV_04,TOTE_0635,station_1,KIT_0008_01,"{'PART_02': 20, 'PART_04': 100}",5760.0,0.30579502006699893,0.2745321637426901,0.027538461538461536,0.0037243947858473002,0.0,0.41025641025641024,0.6,0.3,0.1,0.03,0.1,0.2,0.1,0.006,2.0,1200.0,0.14245137101455835,,,,
kitting_started,3400.0000000000036,AGV_06,TOTE_0716,station_4,KIT_0007_01,,,,,,,,,,,,,,,,,,,,,,,
kitting_completed,3404.000000000003,AGV_01,TOTE_0551,station_2,KIT_0005_02,,,,,,,,,,,,,,,,,,,,{'PART_05': 15},False,,
dispatch,3410.000000000003,AGV_08,TOTE_0872,station_2,KIT_0005_02,{'PART_05': 15},2880.0,1.2112902105991001,1.1999441157996373,0.0035740740740740737,0.007772020725388601,0.0,0.3128205128205128,0.6,0.3,0.1,0.03,0.1,0.2,0.1,0.006,2.0,1200.0,0.6954920750774087,,,,
dispatch,3410.6666666666697,AGV_10,TOTE_0584,station_3,KIT_0006_01,"{'PART_02': 20, 'PART_04': 100}",5760.0,0.29812308023331247,0.274795321637427,0.01970238095238095,0.003625377643504532,0.0,0.38974358974358975,0.6,0.3,0.1,0.03,0.1,0.2,0.1,0.006,2.0,1200.0,0.1398994891656285,,,,
kitting_started,3413.333333333337,AGV_07,TOTE_0890,station_2,KIT_0005_02,,,,,,,,,,,,,,,,,,,,,,,
kitting_completed,3415.333333333336,AGV_09,TOTE_0590,station_3,KIT_0006_01,,,,,,,,,,,,,,,,,,,,"{'PART_02': 20, 'PART_07': 5}",False,,
dispatch,3418.000000000003,AGV_02,TOTE_0602,station_3,KIT_0006_01,"{'PART_02': 20, 'PART_04': 100}",5760.0,0.29770599107486595,0.2749561403508773,0.018988095238095238,0.0037617554858934174,0.0,0.38974358974358975,0.6,0.3,0.1,0.03,0.1,0.2,0.1,0.006,2.0,1200.0,0.1396492356705606,,,,
kitting_completed,3423.333333333337,AGV_07,TOTE_0890,station_2,KIT_0005_02,,,,,,,,,,,,,,,,,,,,{'PART_05': 15},False,,
kitting_completed,3430.0000000000036,AGV_06,TOTE_0716,station_4,KIT_0007_01,,,,,,,,,,,,,,,,,,,,"{'PART_01': 10, 'PART_03': 50, 'PART_05': 15}",False,,
kitting_started,3431.333333333337,AGV_03,TOTE_0734,station_4,KIT_0007_01,,,,,,,,,,,,,,,,,,,,,,,
dispatch,3432.6666666666697,AGV_01,TOTE_0806,station_2,KIT_0005_02,"{'PART_05': 15, 'PART_10': 25}",2880.0,1.22571942819981,1.199951221791154,0.003296296296296295,0.02247191011235955,0.0,0.441025641025641,0.6,0.3,0.1,0.03,0.1,0.2,0.1,0.006,2.0,1200.0,0.6913290928173219,,,,
kitting_started,3435.3333333333367,AGV_08,TOTE_0872,station_2,KIT_0005_02,,,,,,,,,,,,,,,,,,,,,,,
kitting_started,3442.66666666667,AGV_10,TOTE_0584,station_3,KIT_0006_01,,,,,,,,,,,,,,,,,,,,,,,
dispatch,3443.333333333336,AGV_09,TOTE_0572,station_4,KIT_0007_01,"{'PART_01': 10, 'PART_05': 15, 'PART_08': 12}",5760.0,0.30057959229575776,0.2755116959064328,0.023557692307692307,0.0015102040816326531,0.0,0.3333333333333333,0.6,0.3,0.1,0.03,0.1,0.2,0.1,0.006,2.0,1200.0,0.14701442204412132,,,,
kitting_completed,3445.3333333333367,AGV_05,TOTE_0519,station_1,KIT_0008_01,,,,,,,,,,,,,,,,,,,,{'PART_09': 168},False,,
kitting_completed,3445.3333333333367,AGV_08,TOTE_0872,station_2,KIT_0005_02,,,,,,,,,,,,,,,,,,,,{'PART_05': 15},False,,
kitting_started,3446.66666666667,AGV_04,TOTE_0635,station_1,KIT_0008_01,,,,,,,,,,,,,,,,,,,,,,,
dispatch,3448.6666666666706,AGV_07,TOTE_0890,station_2,KIT_0005_02,{'PART_05': 15},2880.0,1.2133808074704806,1.1999556866975336,0.002555555555555554,0.010869565217391304,0.0,0.3128205128205128,0.6,0.3,0.1,0.03,0.1,0.2,0.1,0.006,2.0,1200.0,0.696746433200237,,,,
dispatch,3456.66666666667,AGV_06,TOTE_0653,station_1,KIT_0008_01,"{'PART_02': 20, 'PART_04': 100}",5760.0,0.30618538603365036,0.27580409356725155,0.02651282051282051,0.003868471953578337,0.0,0.41025641025641024,0.6,0.3,0.1,0.03,0.1,0.2,0.1,0.006,2.0,1200.0,0.1426855905945492,,,,
kitting_completed,3461.333333333337,AGV_03,TOTE_0734,station_4,KIT_0007_01,,,,,,,,,,,,,,,,,,,,"{'PART_01': 10, 'PART_03': 50, 'PART_05': 15}",False,,
kitting_completed,3462.66666666667,AGV_10,TOTE_0584,station_3,KIT_0006_01,,,,,,,,,,,,,,,,,,,,"{'PART_02': 20, 'PART_04': 100}",False,,
kitting_started,3464.0000000000036,AGV_02,TOTE_0602,station_3,KIT_0006_01,,,,,,,,,,,,,,,,,,,,,,,
kitting_completed,3466.66666666667,AGV_04,TOTE_0635,station_1,KIT_0008_01,,,,,,,,,,,,,,,,,,,,"{'PART_02': 20, 'PART_04': 100}",False,,
kitting_started,3468.000000000003,AGV_01,TOTE_0806,station_2,KIT_0005_02,,,,,,,,,,,,,,,,,,,,,,,
kitting_started,3470.000000000003,AGV_09,TOTE_0572,station_4,KIT_0007_01,,,,,,,,,,,,,,,,,,,,,,,
dispatch,3470.66666666667,AGV_08,TOTE_0743,station_1,KIT_0008_01,"{'PART_02': 20, 'PART_04': 100}",5760.0,0.305622435467506,0.2761111111111112,0.025487179487179486,0.004024144869215292,0.0,0.358974358974359,0.6,0.3,0.1,0.03,0.1,0.2,0.1,0.006,2.0,1200.0,0.1474760253830677,,,,
dispatch,3475.3333333333367,AGV_05,TOTE_0752,station_4,KIT_0007_01,"{'PART_01': 10, 'PART_05': 15}",5760.0,0.3004514280730092,0.27621345029239774,0.02320192307692308,0.0010360547036883548,0.0,0.38461538461538464,0.6,0.3,0.1,0.03,0.1,0.2,0.1,0.006,2.0,1200.0,0.14180931838226704,,,,
kitting_completed,3484.0000000000036,AGV_02,TOTE_0602,station_3,KIT_0006_01,,,,,,,,,,,,,,,,,,,,"{'PART_02': 20, 'PART_04': 100}",False,,
kitting_completed,3488.000000000003,AGV_01,TOTE_0806,station_2,KIT_0005_02,,,,,,,,,,,,,,,,,,,,"{'PART_05': 15, 'PART_10': 25}",False,,
dispatch,3488.0000000000036,AGV_03,TOTE_0569,station_2,KIT_0005_02,{'PART_05': 15},2880.0,1.2144379018485472,1.1999650021195498,0.0022777777777777783,0.012195121951219513,0.0,0.38974358974358975,0.6,0.3,0.1,0.03,0.1,0.2,0.1,0.006,2.0,1200.0,0.6896883821347694,,,,
kitting_started,3489.3333333333367,AGV_07,TOTE_0890,station_2,KIT_0005_02,,,,,,,,,,,,,,,,,,,,,,,
dispatch,3491.3333333333367,AGV_10,TOTE_0620,station_3,KIT_0006_01,"{'PART_02': 20, 'PART_04': 100}",5760.0,0.2987469317974633,0.2765643274853802,0.018273809523809526,0.003908794788273616,0.0,0.3641025641025641,0.6,0.3,0.1,0.03,0.1,0.2,0.1,0.006,2.0,1200.0,0.14283790266822158,,,,
dispatch,3493.3333333333367,AGV_04,TOTE_0638,station_3,KIT_0006_01,"{'PART_02': 20, 'PART_04': 100}",5760.0,0.2982355075541963,0.276608187134503,0.017559523809523806,0.004067796610169492,0.0,0.38974358974358975,0.6,0.3,0.1,0.03,0.1,0.2,0.1,0.006,2.0,1200.0,0.1399669455581588,,,,
kitting_started,3493.333333333337,AGV_06,TOTE_0653,station_1,KIT_0008_01,,,,,,,,,,,,,,,,,,,,,,,
kitting_completed,3499.3333333333367,AGV_07,TOTE_0890,station_2,KIT_0005_02,,,,,,,,,,,,,,,,,,,,{'PART_05': 15},False,,
kitting_completed,3500.000000000003,AGV_09,TOTE_0572,station_4,KIT_0007_01,,,,,,,,,,,,,,,,,,,,"{'PART_01': 10, 'PART_05': 15, 'PART_08': 12}",False,,
kitting_started,3508.66666666667,AGV_05,TOTE_0752,station_4,KIT_0007_01,,,,,,,,,,,,,,,,,,,,,,,
dispatch,3512.66666666667,AGV_02,TOTE_0833,station_2,KIT_0005_02,{'PART_05': 15},2880.0,1.215858705587464,1.199969816698575,0.0019999999999999996,0.01388888888888889,0.0,0.37948717948717947,0.6,0.3,0.1,0.03,0.1,0.2,0.1,0.006,2.0,1200.0,0.6915665054037604,,,,
kitting_completed,3513.333333333337,AGV_06,TOTE_0653,station_1,KIT_0008_01,,,,,,,,,,,,,,,,,,,,"{'PART_02': 20, 'PART_04': 100}",False,,
kitting_started,3514.6666666666706,AGV_08,TOTE_0743,station_1,KIT_0008_01,,,,,,,,,,,,,,,,,,,,,,,
dispatch,3520.000000000003,AGV_01,TOTE_0770,station_4,KIT_0007_01,"{'PART_01': 10, 'PART_05': 15}",5760.0,0.3012014220902082,0.27719298245614044,0.02296153846153846,0.0010469011725293134,0.0,0.3333333333333333,0.6,0.3,0.1,0.03,0.1,0.2,0.1,0.006,2.0,1200.0,0.1473875199207916,,,,
kitting_started,3520.0000000000036,AGV_10,TOTE_0620,station_3,KIT_0006_01,,,,,,,,,,,,,,,,,,,,,,,
kitting_started,3520.000000000004,AGV_03,TOTE_0569,station_2,KIT_0005_02,,,,,,,,,,,,,,,,,,,,,,,
dispatch,3524.66666666667,AGV_07,TOTE_0761,station_1,KIT_0008_01,"{'PART_02': 20, 'PART_04': 100}",5760.0,0.3059497322163659,0.277295321637427,0.02446153846153846,0.0041928721174004195,0.0,0.358974358974359,0.6,0.3,0.1,0.03,0.1,0.2,0.1,0.006,2.0,1200.0,0.14767240343238364,,,,
kitting_completed,3528.66666666667,AGV_05,TOTE_0752,station_4,KIT_0007_01,,,,,,,,,,,,,,,,,,,,"{'PART_01': 10, 'PART_05': 15}",False,,
dispatch,3528.66666666667,AGV_09,TOTE_0788,station_4,KIT_0007_01,"{'PART_01': 10, 'PART_05': 15}",5760.0,0.3011621719295201,0.2773830409356726,0.022721153846153846,0.0010579771476936098,0.0,0.3333333333333333,0.6,0.3,0.1,0.03,0.1,0.2,0.1,0.006,2.0,1200.0,0.14736396982437874,,,,
kitting_completed,3530.000000000004,AGV_03,TOTE_0569,station_2,KIT_0005_02,,,,,,,,,,,,,,,,,,,,{'PART_05': 15},False,,
kitting_completed,3534.6666666666706,AGV_08,TOTE_0743,station_1,KIT_0008_01,,,,,,,,,,,,,,,,,,,,"{'PART_02': 20, 'PART_04': 100}",False,,
kitting_completed,3540.0000000000036,AGV_10,TOTE_0620,station_3,KIT_0006_01,,,,,,,,,,,,,,,,,,,,"{'PART_02': 20, 'PART_04': 100}",False,,
dispatch,3540.0000000000036,AGV_06,TOTE_0333,station_2,KIT_0005_02,{'PART_05': 75},2880.0,1.2823417656437777,1.199974382131233,0.0017222222222222237,0.08064516129032258,0.0,0.28717948717948716,0.6,0.3,0.1,0.03,0.1,0.2,0.1,0.006,2.0,1200.0,0.7406871106683178,,,,
kitting_started,3541.333333333337,AGV_04,TOTE_0638,station_3,KIT_0006_01,,,,,,,,,,,,,,,,,,,,,,,
kitting_started,3544.0000000000036,AGV_02,TOTE_0833,station_2,KIT_0005_02,,,,,,,,,,,,,,,,,,,,,,,
kitting_started,3546.66666666667,AGV_01,TOTE_0770,station_4,KIT_0007_01,,,,,,,,,,,,,,,,,,,,,,,
kitting_completed,3554.0000000000036,AGV_02,TOTE_0833,station_2,KIT_0005_02,,,,,,,,,,,,,,,,,,,,{'PART_05': 15},False,,
kitting_started,3554.6666666666706,AGV_07,TOTE_0761,station_1,KIT_0008_01,,,,,,,,,,,,,,,,,,,,,,,
dispatch,3555.3333333333367,AGV_05,TOTE_0531,station_2,KIT_0005_02,{'PART_10': 18},2880.0,1.3003099671286957,1.1999766337953623,0.00033333333333333213,0.1,0.5759999999999998,0.3128205128205128,0.6,0.3,0.1,0.03,0.1,0.2,0.1,0.006,2.0,1200.0,0.5761039289951662,,,,
dispatch,3558.6666666666706,AGV_03,TOTE_0779,station_1,KIT_0008_01,"{'PART_02': 20, 'PART_04': 100}",5760.0,0.3058532007232918,0.27804093567251476,0.023435897435897433,0.00437636761487965,0.0,0.38461538461538464,0.6,0.3,0.1,0.03,0.1,0.2,0.1,0.006,2.0,1200.0,0.1450503819724366,,,,
kitting_completed,3561.333333333337,AGV_04,TOTE_0638,station_3,KIT_0006_01,,,,,,,,,,,,,,,,,,,,"{'PART_02': 20, 'PART_04': 100}",False,,
dispatch,3561.333333333337,AGV_08,TOTE_0656,station_3,KIT_0006_01,"{'PART_02': 20, 'PART_04': 100}",5760.0,0.2991849359854289,0.27809941520467846,0.016845238095238094,0.004240282685512368,0.0,0.38974358974358975,0.6,0.3,0.1,0.03,0.1,0.2,0.1,0.006,2.0,1200.0,0.14053660261689835,,,,
kitting_completed,3566.66666666667,AGV_01,TOTE_0770,station_4,KIT_0007_01,,,,,,,,,,,,,,,,,,,,"{'PART_01': 10, 'PART_05': 15}",False,,
kitting_started,3568.0000000000036,AGV_09,TOTE_0788,station_4,KIT_0007_01,,,,,,,,,,,,,,,,,,,,,,,
dispatch,3568.66666666667,AGV_10,TOTE_0824,station_4,KIT_0007_01,"{'PART_01': 10, 'PART_05': 15}",5760.0,0.3018102931403437,0.27826023391812876,0.02248076923076923,0.00106928999144568,0.0,0.38461538461538464,0.6,0.3,0.1,0.03,0.1,0.2,0.1,0.006,2.0,1200.0,0.14262463742266773,,,,
kitting_started,3568.6666666666706,AGV_06,TOTE_0333,station_2,KIT_0005_02,,,,,,,,,,,,,,,,,,,,,,,
kitting_completed,3574.6666666666706,AGV_07,TOTE_0761,station_1,KIT_0008_01,,,,,,,,,,,,,,,,,,,,"{'PART_02': 20, 'PART_04': 100}",False,,
dispatch,3582.0000000000036,AGV_02,TOTE_0797,station_1,KIT_0008_01,"{'PART_02': 20, 'PART_09': 40}",5760.0,0.3032512175086547,0.2785526315789475,0.02241025641025641,0.002288329519450801,0.0,0.3333333333333333,0.6,0.3,0.1,0.03,0.1,0.2,0.1,0.006,2.0,1200.0,0.14861739717185948,,,,
kitting_completed,3588.0000000000036,AGV_09,TOTE_0788,station_4,KIT_0007_01,,,,,,,,,,,,,,,,,,,,"{'PART_01': 10, 'PART_05': 15}",False,,
dispatch,3590.0000000000036,AGV_04,TOTE_0842,station_4,KIT_0007_01,"{'PART_01': 10, 'PART_05': 15}",5760.0,0.3020493021751727,0.2787280701754387,0.022240384615384617,0.00108084738434933,0.0,0.38461538461538464,0.6,0.3,0.1,0.03,0.1,0.2,0.1,0.006,2.0,1200.0,0.14276804284356515,,,,
kitting_started,3592.000000000004,AGV_03,TOTE_0779,station_1,KIT_0008_01,,,,,,,,,,,,,,,,,,,,,,,
dispatch,3593.3333333333367,AGV_01,TOTE_0806,station_3,KIT_0006_01,"{'PART_02': 20, 'PART_07': 5}",5760.0,0.295854631196688,0.2788011695906434,0.01613095238095238,0.000922509225092251,0.0,0.35384615384615387,0.6,0.3,0.1,0.03,0.1,0.2,0.1,0.006,2.0,1200.0,0.1421281633333974,,,,
kitting_started,3593.3333333333376,AGV_08,TOTE_0656,station_3,KIT_0006_01,,,,,,,,,,,,,,,,,,,,,,,
kitting_started,3602.0000000000036,AGV_10,TOTE_0824,station_4,KIT_0007_01,,,,,,,,,,,,,,,,,,,,,,,
kitting_completed,3612.000000000004,AGV_03,TOTE_0779,station_1,KIT_0008_01,,,,,,,,,,,,,,,,,,,,"{'PART_02': 20, 'PART_04': 100}",False,,
dispatch,3612.000000000004,AGV_07,TOTE_0815,station_1,KIT_0008_01,"{'PART_02': 20, 'PART_09': 40}",5760.0,0.30344988258793276,0.2792105263157896,0.0218974358974359,0.0023419203747072604,0.0,0.3333333333333333,0.6,0.3,0.1,0.03,0.1,0.2,0.1,0.006,2.0,1200.0,0.14873659621942634,,,,
kitting_completed,3613.3333333333376,AGV_08,TOTE_0656,station_3,KIT_0006_01,,,,,,,,,,,,,,,,,,,,"{'PART_02': 20, 'PART_04': 100}",False,,
kitting_started,3613.3333333333376,AGV_02,TOTE_0797,station_1,KIT_0008_01,,,,,,,,,,,,,,,,,,,,,,,
dispatch,3614.66666666667,AGV_09,TOTE_0554,station_3,KIT_0006_01,{'PART_02': 20},5760.0,0.2959960276622656,0.27926900584795333,0.015982142857142858,0.00074487895716946,0.0,0.35384615384615387,0.6,0.3,0.1,0.03,0.1,0.2,0.1,0.006,2.0,1200.0,0.142213001212744,,,,
kitting_completed,3618.6666666666706,AGV_06,TOTE_0333,station_2,KIT_0005_02,,,,,,,,,,,,,,,,,,,,{'PART_05': 75},False,,
kitting_started,3620.000000000004,AGV_05,TOTE_0531,station_2,KIT_0005_02,,,,,,,,,,,,,,,,,,,,,,,
kitting_started,3621.3333333333367,AGV_01,TOTE_0806,station_3,KIT_0006_01,,,,,,,,,,,,,,,,,,,,,,,
kitting_completed,3622.0000000000036,AGV_10,TOTE_0824,station_4,KIT_0007_01,,,,,,,,,,,,,,,,,,,,"{'PART_01': 10, 'PART_05': 15}",False,,
kitting_started,3623.333333333337,AGV_04,TOTE_0842,station_4,KIT_0007_01,,,,,,,,,,,,,,,,,,,,,,,
kitting_completed,3633.3333333333376,AGV_02,TOTE_0797,station_1,KIT_0008_01,,,,,,,,,,,,,,,,,,,,"{'PART_02': 20, 'PART_09': 40}",False,,
dispatch,3637.333333333337,AGV_06,TOTE_0833,station_1,KIT_0008_01,"{'PART_02': 20, 'PART_05': 15}",5760.0,0.3025495781512443,0.2797660818713451,0.021384615384615384,0.001398880895283773,0.0,0.41025641025641024,0.6,0.3,0.1,0.03,0.1,0.2,0.1,0.006,2.0,1200.0,0.14050410586510553,,,,
dispatch,3638.6666666666706,AGV_03,TOTE_0860,station_4,KIT_0007_01,"{'PART_01': 10, 'PART_05': 15}",5760.0,0.30288797898008435,0.279795321637427,0.022000000000000002,0.0010926573426573427,0.0,0.41025641025641024,0.6,0.3,0.1,0.03,0.1,0.2,0.1,0.006,2.0,1200.0,0.14070714636240958,,,,
kitting_started,3638.666666666671,AGV_07,TOTE_0815,station_1,KIT_0008_01,,,,,,,,,,,,,,,,,,,,,,,
kitting_completed,3640.000000000004,AGV_05,TOTE_0531,station_2,KIT_0005_02,,,,,,,,,,,,,,,,,,,,{'PART_10': 18},True,,
kitting_completed,3641.3333333333367,AGV_01,TOTE_0806,station_3,KIT_0006_01,,,,,,,,,,,,,,,,,,,,"{'PART_02': 20, 'PART_07': 5}",False,,
dispatch,3642.000000000004,AGV_08,TOTE_0836,station_3,KIT_0006_01,{'PART_02': 20},5760.0,0.2964819853338789,0.27986842105263166,0.01586309523809524,0.00075046904315197,0.0,0.3641025641025641,0.6,0.3,0.1,0.03,0.1,0.2,0.1,0.006,2.0,1200.0,0.1414789347900709,,,,
kitting_started,3642.66666666667,AGV_09,TOTE_0554,station_3,KIT_0006_01,,,,,,,,,,,,,,,,,,,,,,,
kitting_completed,3643.333333333337,AGV_04,TOTE_0842,station_4,KIT_0007_01,,,,,,,,,,,,,,,,,,,,"{'PART_01': 10, 'PART_05': 15}",False,,
dispatch,3648.66666666667,AGV_10,TOTE_0575,station_4,KIT_0007_01,"{'PART_01': 10, 'PART_03': 50, 'PART_05': 15, 'PART_08': 12}",5760.0,0.30561868953190746,0.28001461988304105,0.021759615384615384,0.003844454264250994,0.0,0.358974358974359,0.6,0.3,0.1,0.03,0.1,0.2,0.1,0.006,2.0,1200.0,0.14747377782170856,,,,
kitting_completed,3652.66666666667,AGV_09,TOTE_0554,station_3,KIT_0006_01,,,,,,,,,,,,,,,,,,,,{'PART_02': 20},False,,
dispatch,3658.6666666666706,AGV_05,TOTE_0854,station_3,KIT_0006_01,{'PART_02': 20},5760.0,0.29673410941499945,0.28023391812865506,0.01574404761904762,0.0007561436672967864,0.0,0.4153846153846154,0.6,0.3,0.1,0.03,0.1,0.2,0.1,0.006,2.0,1200.0,0.13650200411053812,,,,
kitting_completed,3658.666666666671,AGV_07,TOTE_0815,station_1,KIT_0008_01,,,,,,,,,,,,,,,,,,,,"{'PART_02': 20, 'PART_09': 40}",False,,
dispatch,3660.000000000004,AGV_02,TOTE_0851,station_1,KIT_0008_01,"{'PART_02': 20, 'PART_05': 15}",5760.0,0.30276735517923414,0.28026315789473694,0.021085470085470084,0.0014187271990271585,0.0,0.3333333333333333,0.6,0.3,0.1,0.03,0.1,0.2,0.1,0.006,2.0,1200.0,0.14832707977420714,,,,
kitting_started,3670.666666666671,AGV_08,TOTE_0836,station_3,KIT_0006_01,,,,,,,,,,,,,,,,,,,,,,,
kitting_started,3674.000000000004,AGV_06,TOTE_0833,station_1,KIT_0008_01,,,,,,,,,,,,,,,,,,,,,,,
kitting_started,3675.3333333333376,AGV_03,TOTE_0860,station_4,KIT_0007_01,,,,,,,,,,,,,,,,,,,,,,,
kitting_completed,3680.666666666671,AGV_08,TOTE_0836,station_3,KIT_0006_01,,,,,,,,,,,,,,,,,,,,{'PART_02': 20},False,,
dispatch,3680.666666666671,AGV_09,TOTE_0824,station_3,KIT_0006_01,"{'PART_02': 20, 'PART_07': 5}",5760.0,0.2972937552213869,0.280716374269006,0.015624999999999997,0.0009523809523809525,0.0,0.35384615384615387,0.6,0.3,0.1,0.03,0.1,0.2,0.1,0.006,2.0,1200.0,0.14299163774821677,,,,
kitting_completed,3694.000000000004,AGV_06,TOTE_0833,station_1,KIT_0008_01,,,,,,,,,,,,,,,,,,,,"{'PART_02': 20, 'PART_05': 15}",False,,
kitting_started,3694.000000000004,AGV_05,TOTE_0854,station_3,KIT_0006_01,,,,,,,,,,,,,,,,,,,,,,,
dispatch,3694.000000000004,AGV_04,TOTE_0869,station_1,KIT_0008_01,"{'PART_02': 20, 'PART_05': 15}",5760.0,0.30323424145299155,0.28100877192982465,0.020786324786324785,0.0014391447368421054,0.0,0.3333333333333333,0.6,0.3,0.1,0.03,0.1,0.2,0.1,0.006,2.0,1200.0,0.1486072115384616,,,,
kitting_completed,3695.3333333333376,AGV_03,TOTE_0860,station_4,KIT_0007_01,,,,,,,,,,,,,,,,,,,,"{'PART_01': 10, 'PART_05': 15}",False,,
kitting_started,3695.3333333333376,AGV_02,TOTE_0851,station_1,KIT_0008_01,,,,,,,,,,,,,,,,,,,,,,,
dispatch,3695.3333333333376,AGV_01,TOTE_0842,station_4,KIT_0007_01,"{'PART_01': 10, 'PART_05': 15}",5760.0,0.303109985677807,0.28103801169590653,0.020923076923076923,0.0011488970588235295,0.0,0.3333333333333333,0.6,0.3,0.1,0.03,0.1,0.2,0.1,0.006,2.0,1200.0,0.14853265807335087,,,,
kitting_started,3696.666666666671,AGV_10,TOTE_0575,station_4,KIT_0007_01,,,,,,,,,,,,,,,,,,,,,,,
kit_replacement,3700.000000000004,,,station_2,,,,,,,,,,,,,,,,,,,,,,,KIT_0005_02,KIT_0008_02
dispatch,3700.000000000004,AGV_07,TOTE_0872,station_2,KIT_0008_02,{'PART_02': 20},5760.0,0.3117101514469936,0.2811403508771931,0.03,0.0005698005698005699,0.0,0.3384615384615385,0.6,0.3,0.1,0.03,0.1,0.2,0.1,0.006,2.0,1200.0,0.1531799370220423,,,,
kitting_completed,3704.000000000004,AGV_05,TOTE_0854,station_3,KIT_0006_01,,,,,,,,,,,,,,,,,,,,{'PART_02': 20},False,,
kitting_started,3708.666666666671,AGV_09,TOTE_0824,station_3,KIT_0006_01,,,,,,,,,,,,,,,,,,,,,,,
dispatch,3709.3333333333376,AGV_08,TOTE_0836,station_2,KIT_0008_02,{'PART_02': 20},5760.0,0.31174715497140476,0.2813450292397662,0.029829059829059826,0.0005730659025787965,0.0,0.3128205128205128,0.6,0.3,0.1,0.03,0.1,0.2,0.1,0.006,2.0,1200.0,0.15576624170079156,,,,
kitting_completed,3715.3333333333376,AGV_02,TOTE_0851,station_1,KIT_0008_01,,,,,,,,,,,,,,,,,,,,"{'PART_02': 20, 'PART_05': 15}",False,,
dispatch,3720.6666666666706,AGV_06,TOTE_0632,station_1,KIT_0008_01,"{'PART_02': 20, 'PART_04': 100, 'PART_05': 15}",5760.0,0.3077127867887042,0.2815935672514621,0.020487179487179485,0.005632040050062579,0.0,0.358974358974359,0.6,0.3,0.1,0.03,0.1,0.2,0.1,0.006,2.0,1200.0,0.1487302361757866,,,,
dispatch,3722.000000000004,AGV_03,TOTE_0572,station_3,KIT_0006_01,{'PART_02': 20},5760.0,0.29786822826296516,0.28162280701754394,0.015476190476190473,0.0007692307692307693,0.0,0.35384615384615387,0.6,0.3,0.1,0.03,0.1,0.2,0.1,0.006,2.0,1200.0,0.14333632157316373,,,,
kitting_completed,3728.666666666671,AGV_09,TOTE_0824,station_3,KIT_0006_01,,,,,,,,,,,,,,,,,,,,"{'PART_02': 20, 'PART_07': 5}",False,,
kitting_started,3728.666666666671,AGV_07,TOTE_0872,station_2,KIT_0008_02,,,,,,,,,,,,,,,,,,,,,,,
kitting_started,3730.666666666671,AGV_04,TOTE_0869,station_1,KIT_0008_01,,,,,,,,,,,,,,,,,,,,,,,
dispatch,3732.6666666666706,AGV_05,TOTE_0854,station_3,KIT_0006_01,{'PART_02': 20},5760.0,0.29798906180179136,0.2818567251461989,0.015357142857142856,0.0007751937984496124,0.0,0.3641025641025641,0.6,0.3,0.1,0.03,0.1,0.2,0.1,0.006,2.0,1200.0,0.1423831806708184,,,,
kitting_completed,3736.666666666671,AGV_10,TOTE_0575,station_4,KIT_0007_01,,,,,,,,,,,,,,,,,,,,"{'PART_01': 10, 'PART_03': 50, 'PART_05': 15, 'PART_08': 12}",False,,
kitting_started,3738.0000000000045,AGV_01,TOTE_0842,station_4,KIT_0007_01,,,,,,,,,,,,,,,,,,,,,,,
kitting_completed,3738.666666666671,AGV_07,TOTE_0872,station_2,KIT_0008_02,,,,,,,,,,,,,,,,,,,,{'PART_02': 20},False,,
kitting_started,3740.0000000000045,AGV_08,TOTE_0836,station_2,KIT_0008_02,,,,,,,,,,,,,,,,,,,,,,,
dispatch,3742.000000000004,AGV_02,TOTE_0851,station_2,KIT_0008_02,"{'PART_02': 20, 'PART_05': 15}",5760.0,0.31272816870003295,0.28206140350877207,0.029658119658119656,0.0010086455331412105,0.0,0.35384615384615387,0.6,0.3,0.1,0.03,0.1,0.2,0.1,0.006,2.0,1200.0,0.1522522858354044,,,,
kitting_started,3750.000000000004,AGV_03,TOTE_0572,station_3,KIT_0006_01,,,,,,,,,,,,,,,,,,,,,,,
kitting_completed,3750.0000000000045,AGV_08,TOTE_0836,station_2,KIT_0008_02,,,,,,,,,,,,,,,,,,,,{'PART_02': 20},False,,
kitting_completed,3750.666666666671,AGV_04,TOTE_0869,station_1,KIT_0008_01,,,,,,,,,,,,,,,,,,,,"{'PART_02': 20, 'PART_05': 15}",False,,
kitting_started,3752.0000000000045,AGV_06,TOTE_0632,station_1,KIT_0008_01,,,,,,,,,,,,,,,,,,,,,,,
dispatch,3756.666666666671,AGV_09,TOTE_0860,station_4,KIT_0007_01,"{'PART_01': 10, 'PART_05': 15}",5760.0,0.30422798335958995,0.2823830409356726,0.020682692307692308,0.0011622501162250117,0.0,0.3333333333333333,0.6,0.3,0.1,0.03,0.1,0.2,0.1,0.006,2.0,1200.0,0.14920345668242063,,,,
kitting_completed,3758.0000000000045,AGV_01,TOTE_0842,station_4,KIT_0007_01,,,,,,,,,,,,,,,,,,,,"{'PART_01': 10, 'PART_05': 15}",False,,
kitting_completed,3760.000000000004,AGV_03,TOTE_0572,station_3,KIT_0006_01,,,,,,,,,,,,,,,,,,,,{'PART_02': 20},False,,
kitting_started,3761.3333333333376,AGV_05,TOTE_0854,station_3,KIT_0006_01,,,,,,,,,,,,,,,,,,,,,,,
dispatch,3763.3333333333376,AGV_10,TOTE_0593,station_4,KIT_0007_01,"{'PART_01': 10, 'PART_03': 50, 'PART_05': 15, 'PART_08': 12}",5760.0,0.30706373936807924,0.28252923976608196,0.020442307692307694,0.004092191909689557,0.0,0.3333333333333333,0.6,0.3,0.1,0.03,0.1,0.2,0.1,0.006,2.0,1200.0,0.1509049102875142,,,,
dispatch,3764.0000000000045,AGV_07,TOTE_0563,station_2,KIT_0008_02,{'PART_02': 20},5760.0,0.31248507563837385,0.28254385964912293,0.029358974358974357,0.0005822416302765648,0.0,0.37948717948717947,0.6,0.3,0.1,0.03,0.1,0.2,0.1,0.006,2.0,1200.0,0.14954232743430634,,,,
kitting_started,3770.000000000004,AGV_02,TOTE_0851,station_2,KIT_0008_02,,,,,,,,,,,,,,,,,,,,,,,
kitting_completed,3771.3333333333376,AGV_05,TOTE_0854,station_3,KIT_0006_01,,,,,,,,,,,,,,,,,,,,{'PART_02': 20},False,,
dispatch,3775.333333333338,AGV_08,TOTE_0650,station_1,KIT_0008_01,"{'PART_02': 20, 'PART_04': 100, 'PART_05': 15}",5760.0,0.30809390075542537,0.2827923976608188,0.01933333333333333,0.00596816976127321,0.0,0.38461538461538464,0.6,0.3,0.1,0.03,0.1,0.2,0.1,0.006,2.0,1200.0,0.14639480199171676,,,,
dispatch,3777.3333333333376,AGV_04,TOTE_0599,station_3,KIT_0006_01,"{'PART_02': 20, 'PART_07': 5}",5760.0,0.2990509150480369,0.28283625730994166,0.015238095238095236,0.0009765625,0.0,0.4153846153846154,0.6,0.3,0.1,0.03,0.1,0.2,0.1,0.006,2.0,1200.0,0.13789208749036058,,,,
kitting_completed,3782.0000000000045,AGV_06,TOTE_0632,station_1,KIT_0008_01,,,,,,,,,,,,,,,,,,,,"{'PART_02': 20, 'PART_04': 100, 'PART_05': 15}",False,,
kitting_started,3783.333333333338,AGV_09,TOTE_0860,station_4,KIT_0007_01,,,,,,,,,,,,,,,,,,,,,,,
dispatch,3784.666666666671,AGV_01,TOTE_0662,station_3,KIT_0006_01,{'PART_02': 20},5760.0,0.2988753163727861,0.2829970760233919,0.015089285714285713,0.0007889546351084813,0.0,0.35384615384615387,0.6,0.3,0.1,0.03,0.1,0.2,0.1,0.006,2.0,1200.0,0.14394057443905628,,,,
dispatch,3788.000000000004,AGV_03,TOTE_0758,station_1,KIT_0008_01,"{'PART_02': 20, 'PART_04': 100, 'PART_05': 15}",5760.0,0.30759663017802735,0.2830701754385966,0.01817948717948718,0.006346967559943583,0.0,0.4358974358974359,0.6,0.3,0.1,0.03,0.1,0.2,0.1,0.006,2.0,1200.0,0.1409682345170728,,,,
kitting_completed,3790.000000000004,AGV_02,TOTE_0851,station_2,KIT_0008_02,,,,,,,,,,,,,,,,,,,,"{'PART_02': 20, 'PART_05': 15}",False,,
kitting_started,3795.333333333338,AGV_07,TOTE_0563,station_2,KIT_0008_02,,,,,,,,,,,,,,,,,,,,,,,
dispatch,3800.000000000004,AGV_05,TOTE_0869,station_2,KIT_0008_02,"{'PART_02': 20, 'PART_05': 15}",5760.0,0.31354625771170436,0.28333333333333344,0.029188034188034187,0.0010248901903367497,0.0,0.37948717948717947,0.6,0.3,0.1,0.03,0.1,0.2,0.1,0.006,2.0,1200.0,0.15017903667830465,,,,
kitting_completed,3803.333333333338,AGV_09,TOTE_0860,station_4,KIT_0007_01,,,,,,,,,,,,,,,,,,,,"{'PART_01': 10, 'PART_05': 15}",False,,
kitting_started,3804.6666666666715,AGV_10,TOTE_0593,station_4,KIT_0007_01,,,,,,,,,,,,,,,,,,,,,,,
kitting_completed,3805.333333333338,AGV_07,TOTE_0563,station_2,KIT_0008_02,,,,,,,,,,,,,,,,,,,,{'PART_02': 20},False,,
dispatch,3808.666666666671,AGV_06,TOTE_0581,station_2,KIT_0008_02,{'PART_02': 20},5760.0,0.31300399667808587,0.2835233918128656,0.02888888888888889,0.000591715976331361,0.0,0.37948717948717947,0.6,0.3,0.1,0.03,0.1,0.2,0.1,0.006,2.0,1200.0,0.14985368005813357,,,,
kitting_started,3808.6666666666715,AGV_08,TOTE_0650,station_1,KIT_0008_01,,,,,,,,,,,,,,,,,,,,,,,
kitting_started,3809.3333333333376,AGV_04,TOTE_0599,station_3,KIT_0006_01,,,,,,,,,,,,,,,,,,,,,,,
dispatch,3818.000000000004,AGV_02,TOTE_0554,station_4,KIT_0007_01,"{'PART_01': 10, 'PART_08': 12}",5760.0,0.3044127996808524,0.2837280701754387,0.01960576923076923,0.0010789602746444336,0.0,0.41025641025641024,0.6,0.3,0.1,0.03,0.1,0.2,0.1,0.006,2.0,1200.0,0.1416220387828704,,,,
kitting_completed,3829.3333333333376,AGV_04,TOTE_0599,station_3,KIT_0006_01,,,,,,,,,,,,,,,,,,,,"{'PART_02': 20, 'PART_07': 5}",False,,
dispatch,3830.0000000000045,AGV_09,TOTE_0680,station_3,KIT_0006_01,{'PART_02': 20},5760.0,0.2997566947936443,0.28399122807017557,0.014970238095238095,0.0007952286282306162,0.0,0.35384615384615387,0.6,0.3,0.1,0.03,0.1,0.2,0.1,0.006,2.0,1200.0,0.14446940149157117,,,,
kitting_started,3830.666666666671,AGV_01,TOTE_0662,station_3,KIT_0006_01,,,,,,,,,,,,,,,,,,,,,,,
kitting_started,3831.3333333333376,AGV_05,TOTE_0869,station_2,KIT_0008_02,,,,,,,,,,,,,,,,,,,,,,,
kitting_completed,3838.6666666666715,AGV_08,TOTE_0650,station_1,KIT_0008_01,,,,,,,,,,,,,,,,,,,,"{'PART_02': 20, 'PART_04': 100, 'PART_05': 15}",False,,
dispatch,3838.6666666666715,AGV_07,TOTE_0776,station_1,KIT_0008_01,"{'PART_02': 20, 'PART_04': 100, 'PART_05': 15}",5760.0,0.3079840360090837,0.28418128654970776,0.017025641025641025,0.00677710843373494,0.0,0.358974358974359,0.6,0.3,0.1,0.03,0.1,0.2,0.1,0.006,2.0,1200.0,0.1488929857080143,,,,
kitting_started,3840.000000000005,AGV_03,TOTE_0758,station_1,KIT_0008_01,,,,,,,,,,,,,,,,,,,,,,,
kitting_completed,3840.666666666671,AGV_01,TOTE_0662,station_3,KIT_0006_01,,,,,,,,,,,,,,,,,,,,{'PART_02': 20},False,,
kitting_completed,3844.6666666666715,AGV_10,TOTE_0593,station_4,KIT_0007_01,,,,,,,,,,,,,,,,,,,,"{'PART_01': 10, 'PART_03': 50, 'PART_05': 15, 'PART_08': 12}",False,,
kitting_completed,3851.3333333333376,AGV_05,TOTE_0869,station_2,KIT_0008_02,,,,,,,,,,,,,,,,,,,,"{'PART_02': 20, 'PART_05': 15}",False,,
kitting_started,3852.666666666671,AGV_06,TOTE_0581,station_2,KIT_0008_02,,,,,,,,,,,,,,,,,,,,,,,
kitting_started,3854.666666666671,AGV_02,TOTE_0554,station_4,KIT_0007_01,,,,,,,,,,,,,,,,,,,,,,,
kitting_started,3858.0000000000045,AGV_09,TOTE_0680,station_3,KIT_0006_01,,,,,,,,,,,,,,,,,,,,,,,
dispatch,3861.3333333333376,AGV_04,TOTE_0725,station_2,KIT_0008_02,{'PART_02': 20},5760.0,0.3139915493862863,0.28467836257309953,0.028717948717948718,0.0005952380952380953,0.0,0.35384615384615387,0.6,0.3,0.1,0.03,0.1,0.2,0.1,0.006,2.0,1200.0,0.1530103142471564,,,,
kitting_completed,3862.666666666671,AGV_06,TOTE_0581,station_2,KIT_0008_02,,,,,,,,,,,,,,,,,,,,{'PART_02': 20},False,,
dispatch,3865.333333333338,AGV_08,TOTE_0833,station_2,KIT_0008_02,{'PART_02': 20},5760.0,0.3139118928135633,0.28476608187134517,0.02854700854700855,0.0005988023952095809,0.0,0.37948717948717947,0.6,0.3,0.1,0.03,0.1,0.2,0.1,0.006,2.0,1200.0,0.15039841773942,,,,
kitting_completed,3868.0000000000045,AGV_09,TOTE_0680,station_3,KIT_0006_01,,,,,,,,,,,,,,,,,,,,{'PART_02': 20},False,,
dispatch,3868.666666666671,AGV_01,TOTE_0665,station_4,KIT_0007_01,"{'PART_01': 10, 'PART_03': 50, 'PART_05': 15}",5760.0,0.3079518057097221,0.28483918128654984,0.019394230769230768,0.0037183936539414973,0.0,0.358974358974359,0.6,0.3,0.1,0.03,0.1,0.2,0.1,0.006,2.0,1200.0,0.14887364752839732,,,,
kitting_completed,3870.000000000005,AGV_03,TOTE_0758,station_1,KIT_0008_01,,,,,,,,,,,,,,,,,,,,"{'PART_02': 20, 'PART_04': 100, 'PART_05': 15}",False,,
dispatch,3871.333333333338,AGV_10,TOTE_0698,station_3,KIT_0006_01,{'PART_02': 20},5760.0,0.3005504545013169,0.2848976608187136,0.014851190476190476,0.0008016032064128256,0.0,0.37948717948717947,0.6,0.3,0.1,0.03,0.1,0.2,0.1,0.006,2.0,1200.0,0.14238155475207218,,,,
kitting_started,3871.3333333333385,AGV_07,TOTE_0776,station_1,KIT_0008_01,,,,,,,,,,,,,,,,,,,,,,,
kitting_completed,3874.666666666671,AGV_02,TOTE_0554,station_4,KIT_0007_01,,,,,,,,,,,,,,,,,,,,"{'PART_01': 10, 'PART_08': 12}",False,,
dispatch,3879.3333333333376,AGV_05,TOTE_0560,station_1,KIT_0008_01,"{'PART_02': 20, 'PART_04': 100}",5760.0,0.30740692982819506,0.28507309941520476,0.01587179487179487,0.006462035541195477,0.0,0.358974358974359,0.6,0.3,0.1,0.03,0.1,0.2,0.1,0.006,2.0,1200.0,0.14854672199948113,,,,
kitting_started,3889.3333333333376,AGV_04,TOTE_0725,station_2,KIT_0008_02,,,,,,,,,,,,,,,,,,,,,,,
dispatch,3890.666666666671,AGV_06,TOTE_0587,station_4,KIT_0007_01,"{'PART_03': 50, 'PART_05': 15, 'PART_08': 12}",5760.0,0.3079596989019858,0.2853216374269007,0.018673076923076924,0.003964984552008239,0.0,0.4358974358974359,0.6,0.3,0.1,0.03,0.1,0.2,0.1,0.006,2.0,1200.0,0.1411860757514479,,,,
dispatch,3896.0000000000045,AGV_09,TOTE_0716,station_3,KIT_0006_01,{'PART_02': 20},5760.0,0.30097882015645183,0.28543859649122816,0.014732142857142857,0.0008080808080808081,0.0,0.35384615384615387,0.6,0.3,0.1,0.03,0.1,0.2,0.1,0.006,2.0,1200.0,0.14520267670925568,,,,
kitting_started,3898.6666666666715,AGV_01,TOTE_0665,station_4,KIT_0007_01,,,,,,,,,,,,,,,,,,,,,,,
kitting_completed,3899.3333333333376,AGV_04,TOTE_0725,station_2,KIT_0008_02,,,,,,,,,,,,,,,,,,,,{'PART_02': 20},False,,
dispatch,3899.3333333333376,AGV_03,TOTE_0887,station_2,KIT_0008_02,{'PART_05': 15},5760.0,0.3143395715114169,0.2855116959064329,0.028376068376068375,0.00045180722891566266,0.0,0.37948717948717947,0.6,0.3,0.1,0.03,0.1,0.2,0.1,0.006,2.0,1200.0,0.15065502495813218,,,,
kitting_started,3900.666666666671,AGV_08,TOTE_0833,station_2,KIT_0008_02,,,,,,,,,,,,,,,,,,,,,,,
kitting_completed,3901.3333333333385,AGV_07,TOTE_0776,station_1,KIT_0008_01,,,,,,,,,,,,,,,,,,,,"{'PART_02': 20, 'PART_04': 100, 'PART_05': 15}",False,,
dispatch,3901.3333333333385,AGV_02,TOTE_0578,station_1,KIT_0008_01,"{'PART_02': 20, 'PART_04': 100}",5760.0,0.3073101722687216,0.2855555555555557,0.014846153846153846,0.00690846286701209,0.0,0.4358974358974359,0.6,0.3,0.1,0.03,0.1,0.2,0.1,0.006,2.0,1200.0,0.14079635977148935,,,,
kitting_started,3902.6666666666715,AGV_10,TOTE_0698,station_3,KIT_0006_01,,,,,,,,,,,,,,,,,,,,,,,
kitting_started,3909.333333333338,AGV_05,TOTE_0560,station_1,KIT_0008_01,,,,,,,,,,,,,,,,,,,,,,,
kitting_completed,3910.666666666671,AGV_08,TOTE_0833,station_2,KIT_0008_02,,,,,,,,,,,,,,,,,,,,{'PART_02': 20},False,,
kitting_completed,3912.6666666666715,AGV_10,TOTE_0698,station_3,KIT_0006_01,,,,,,,,,,,,,,,,,,,,{'PART_02': 20},False,,
kitting_started,3924.0000000000045,AGV_09,TOTE_0716,station_3,KIT_0006_01,,,,,,,,,,,,,,,,,,,,,,,
dispatch,3927.3333333333376,AGV_04,TOTE_0596,station_2,KIT_0008_02,"{'PART_02': 20, 'PART_04': 100}",5760.0,0.31800445657181875,0.28612573099415217,0.02824786324786325,0.0036308623298033286,0.0,0.4307692307692308,0.6,0.3,0.1,0.03,0.1,0.2,0.1,0.006,2.0,1200.0,0.14772575086616818,,,,
dispatch,3928.000000000005,AGV_07,TOTE_0614,station_3,KIT_0006_01,"{'PART_02': 20, 'PART_04': 100}",5760.0,0.30564142982200937,0.28614035087719314,0.01461309523809524,0.004887983706720978,0.0,0.4666666666666667,0.6,0.3,0.1,0.03,0.1,0.2,0.1,0.006,2.0,1200.0,0.13671819122653894,,,,
kitting_completed,3928.6666666666715,AGV_01,TOTE_0665,station_4,KIT_0007_01,,,,,,,,,,,,,,,,,,,,"{'PART_01': 10, 'PART_03': 50, 'PART_05': 15}",False,,
kitting_completed,3929.333333333338,AGV_05,TOTE_0560,station_1,KIT_0008_01,,,,,,,,,,,,,,,,,,,,"{'PART_02': 20, 'PART_04': 100}",False,,
kitting_started,3930.000000000005,AGV_06,TOTE_0587,station_4,KIT_0007_01,,,,,,,,,,,,,,,,,,,,,,,
kitting_started,3930.666666666671,AGV_03,TOTE_0887,station_2,KIT_0008_02,,,,,,,,,,,,,,,,,,,,,,,
kitting_completed,3934.0000000000045,AGV_09,TOTE_0716,station_3,KIT_0006_01,,,,,,,,,,,,,,,,,,,,{'PART_02': 20},False,,
dispatch,3938.666666666671,AGV_08,TOTE_0794,station_1,KIT_0008_01,"{'PART_02': 20, 'PART_05': 15, 'PART_09': 40}",5760.0,0.3048330007502941,0.28637426900584806,0.013820512820512821,0.00463821892393321,0.0,0.358974358974359,0.6,0.3,0.1,0.03,0.1,0.2,0.1,0.006,2.0,1200.0,0.14700236455274057,,,,
kitting_completed,3940.666666666671,AGV_03,TOTE_0887,station_2,KIT_0008_02,,,,,,,,,,,,,,,,,,,,{'PART_05': 15},False,,
dispatch,3940.6666666666715,AGV_10,TOTE_0605,station_2,KIT_0008_02,{'PART_05': 15},5760.0,0.3141113084910079,0.2864181286549709,0.02722222222222222,0.00047095761381475666,0.0,0.38974358974358975,0.6,0.3,0.1,0.03,0.1,0.2,0.1,0.006,2.0,1200.0,0.14949242612024574,,,,
kitting_started,3941.333333333339,AGV_02,TOTE_0578,station_1,KIT_0008_01,,,,,,,,,,,,,,,,,,,,,,,
dispatch,3955.333333333338,AGV_01,TOTE_0683,station_4,KIT_0007_01,"{'PART_01': 10, 'PART_03': 50, 'PART_05': 15}",5760.0,0.3086939061107434,0.28673976608187146,0.017932692307692306,0.004021447721179625,0.0,0.3333333333333333,0.6,0.3,0.1,0.03,0.1,0.2,0.1,0.006,2.0,1200.0,0.1518830103331127,,,,
dispatch,3956.0000000000045,AGV_05,TOTE_0779,station_3,KIT_0006_01,{'PART_07': 5},5760.0,0.30086732825103457,0.28675438596491243,0.013898809523809523,0.00021413276231263385,0.0,0.441025641025641,0.6,0.3,0.1,0.03,0.1,0.2,0.1,0.006,2.0,1200.0,0.13641783284805664,,,,
kitting_completed,3960.000000000005,AGV_06,TOTE_0587,station_4,KIT_0007_01,,,,,,,,,,,,,,,,,,,,"{'PART_03': 50, 'PART_05': 15, 'PART_08': 12}",False,,
kitting_completed,3961.333333333339,AGV_02,TOTE_0578,station_1,KIT_0008_01,,,,,,,,,,,,,,,,,,,,"{'PART_02': 20, 'PART_04': 100}",False,,
kitting_started,3962.0000000000045,AGV_04,TOTE_0596,station_2,KIT_0008_02,,,,,,,,,,,,,,,,,,,,,,,
dispatch,3962.0000000000045,AGV_09,TOTE_0701,station_4,KIT_0007_01,"{'PART_01': 10, 'PART_03': 50, 'PART_05': 15}",5760.0,0.30828744750789744,0.2868859649122808,0.01721153846153846,0.004189944134078212,0.0,0.358974358974359,0.6,0.3,0.1,0.03,0.1,0.2,0.1,0.006,2.0,1200.0,0.14907503260730254,,,,
kitting_started,3963.3333333333385,AGV_07,TOTE_0614,station_3,KIT_0006_01,,,,,,,,,,,,,,,,,,,,,,,
dispatch,3968.666666666671,AGV_03,TOTE_0887,station_1,KIT_0008_01,{'PART_05': 15},5760.0,0.3011844135680917,0.28703216374269014,0.013179487179487179,0.0009727626459143969,0.0,0.3333333333333333,0.6,0.3,0.1,0.03,0.1,0.2,0.1,0.006,2.0,1200.0,0.1473773148075217,,,,
kitting_started,3968.6666666666715,AGV_08,TOTE_0794,station_1,KIT_0008_01,,,,,,,,,,,,,,,,,,,,,,,
kitting_completed,3982.0000000000045,AGV_04,TOTE_0596,station_2,KIT_0008_02,,,,,,,,,,,,,,,,,,,,"{'PART_02': 20, 'PART_04': 100}",False,,
kitting_started,3982.000000000005,AGV_01,TOTE_0683,station_4,KIT_0007_01,,,,,,,,,,,,,,,,,,,,,,,
kitting_started,3983.333333333338,AGV_10,TOTE_0605,station_2,KIT_0008_02,,,,,,,,,,,,,,,,,,,,,,,
kitting_completed,3983.3333333333385,AGV_07,TOTE_0614,station_3,KIT_0006_01,,,,,,,,,,,,,,,,,,,,"{'PART_02': 20, 'PART_04': 100}",False,,
dispatch,3988.0000000000055,AGV_02,TOTE_0812,station_2,KIT_0008_02,"{'PART_02': 20, 'PART_05': 15, 'PART_09': 40}",5760.0,0.31691608804426347,0.2874561403508773,0.027094017094017094,0.002365930599369085,0.0,0.40512820512820513,0.6,0.3,0.1,0.03,0.1,0.2,0.1,0.006,2.0,1200.0,0.14963683231373756,,,,
dispatch,3990.000000000005,AGV_06,TOTE_0734,station_3,KIT_0006_01,{'PART_02': 20},5760.0,0.3022274167177602,0.28750000000000014,0.01386904761904762,0.0008583690987124464,0.0,0.37948717948717947,0.6,0.3,0.1,0.03,0.1,0.2,0.1,0.006,2.0,1200.0,0.14338773208193817,,,,
kitting_started,3991.333333333338,AGV_05,TOTE_0779,station_3,KIT_0006_01,,,,,,,,,,,,,,,,,,,,,,,
kitting_completed,3993.333333333338,AGV_10,TOTE_0605,station_2,KIT_0008_02,,,,,,,,,,,,,,,,,,,,{'PART_05': 15},False,,
kitting_completed,3998.6666666666715,AGV_08,TOTE_0794,station_1,KIT_0008_01,,,,,,,,,,,,,,,,,,,,"{'PART_02': 20, 'PART_05': 15, 'PART_09': 40}",False,,
kitting_started,4000.000000000005,AGV_03,TOTE_0887,station_1,KIT_0008_01,,,,,,,,,,,,,,,,,,,,,,,
kitting_completed,4001.333333333338,AGV_05,TOTE_0779,station_3,KIT_0006_01,,,,,,,,,,,,,,,,,,,,{'PART_07': 5},False,,
kitting_completed,4010.000000000005,AGV_03,TOTE_0887,station_1,KIT_0008_01,,,,,,,,,,,,,,,,,,,,{'PART_05': 15},False,,
kitting_completed,4012.000000000005,AGV_01,TOTE_0683,station_4,KIT_0007_01,,,,,,,,,,,,,,,,,,,,"{'PART_01': 10, 'PART_03': 50, 'PART_05': 15}",False,,
dispatch,4013.333333333338,AGV_04,TOTE_0704,station_2,KIT_0008_02,"{'PART_02': 20, 'PART_05': 15}",5760.0,0.31559554357913355,0.2880116959064329,0.026452991452991452,0.0011308562197092085,0.0,0.40512820512820513,0.6,0.3,0.1,0.03,0.1,0.2,0.1,0.006,2.0,1200.0,0.14884450563465962,,,,
kitting_started,4013.3333333333385,AGV_09,TOTE_0701,station_4,KIT_0007_01,,,,,,,,,,,,,,,,,,,,,,,
dispatch,4018.666666666672,AGV_07,TOTE_0722,station_1,KIT_0008_01,"{'PART_02': 20, 'PART_05': 15}",5760.0,0.3034720129879887,0.28812865497076035,0.01305128205128205,0.0022920759659463,0.0,0.3333333333333333,0.6,0.3,0.1,0.03,0.1,0.2,0.1,0.006,2.0,1200.0,0.1487498744594599,,,,
kitting_started,4019.333333333339,AGV_02,TOTE_0812,station_2,KIT_0008_02,,,,,,,,,,,,,,,,,,,,,,,
kitting_started,4021.3333333333385,AGV_06,TOTE_0734,station_3,KIT_0006_01,,,,,,,,,,,,,,,,,,,,,,,
dispatch,4022.0000000000045,AGV_10,TOTE_0719,station_4,KIT_0007_01,"{'PART_01': 10, 'PART_03': 50, 'PART_05': 15}",5760.0,0.3090653168439152,0.288201754385965,0.016490384615384615,0.004373177842565598,0.0,0.38461538461538464,0.6,0.3,0.1,0.03,0.1,0.2,0.1,0.006,2.0,1200.0,0.14697765164481064,,,,
dispatch,4025.333333333338,AGV_08,TOTE_0884,station_1,KIT_0008_01,{'PART_05': 15},5760.0,0.30203235248360133,0.2882748538011697,0.012752136752136751,0.0010053619302949062,0.0,0.3333333333333333,0.6,0.3,0.1,0.03,0.1,0.2,0.1,0.006,2.0,1200.0,0.14788607815682747,,,,
kitting_completed,4031.3333333333385,AGV_06,TOTE_0734,station_3,KIT_0006_01,,,,,,,,,,,,,,,,,,,,{'PART_02': 20},False,,
dispatch,4033.333333333338,AGV_05,TOTE_0755,station_3,KIT_0006_01,"{'PART_02': 20, 'PART_04': 100, 'PART_07': 5}",5760.0,0.30761154780891636,0.28845029239766096,0.01375,0.005411255411255412,0.0,0.5076923076923077,0.6,0.3,0.1,0.03,0.1,0.2,0.1,0.006,2.0,1200.0,0.13379769791611906,,,,
dispatch,4036.6666666666715,AGV_03,TOTE_0773,station_3,KIT_0006_01,"{'PART_02': 20, 'PART_04': 100, 'PART_07': 5}",5760.0,0.307250167992445,0.2885233918128656,0.01300595238095238,0.005720823798627003,0.0,0.5076923076923077,0.6,0.3,0.1,0.03,0.1,0.2,0.1,0.006,2.0,1200.0,0.13358087002623623,,,,
kitting_completed,4043.3333333333385,AGV_09,TOTE_0701,station_4,KIT_0007_01,,,,,,,,,,,,,,,,,,,,"{'PART_01': 10, 'PART_03': 50, 'PART_05': 15}",False,,
dispatch,4043.3333333333385,AGV_01,TOTE_0737,station_4,KIT_0007_01,"{'PART_01': 10, 'PART_03': 50, 'PART_05': 15}",5760.0,0.30901199214421304,0.28866959064327496,0.015769230769230768,0.004573170731707317,0.0,0.3333333333333333,0.6,0.3,0.1,0.03,0.1,0.2,0.1,0.006,2.0,1200.0,0.1520738619531945,,,,
kitting_started,4045.333333333339,AGV_07,TOTE_0722,station_1,KIT_0008_01,,,,,,,,,,,,,,,,,,,,,,,
kitting_completed,4049.333333333339,AGV_02,TOTE_0812,station_2,KIT_0008_02,,,,,,,,,,,,,,,,,,,,"{'PART_02': 20, 'PART_05': 15, 'PART_09': 40}",False,,
kitting_started,4050.6666666666724,AGV_04,TOTE_0704,station_2,KIT_0008_02,,,,,,,,,,,,,,,,,,,,,,,
kitting_started,4055.333333333338,AGV_10,TOTE_0719,station_4,KIT_0007_01,,,,,,,,,,,,,,,,,,,,,,,
dispatch,4059.3333333333385,AGV_06,TOTE_0623,station_2,KIT_0008_02,{'PART_05': 15},5760.0,0.31566451006853496,0.28902046783625746,0.026153846153846153,0.0004901960784313725,0.0,0.38974358974358975,0.6,0.3,0.1,0.03,0.1,0.2,0.1,0.006,2.0,1200.0,0.150424347066762,,,,
kitting_completed,4065.333333333339,AGV_07,TOTE_0722,station_1,KIT_0008_01,,,,,,,,,,,,,,,,,,,,"{'PART_02': 20, 'PART_05': 15}",False,,
kitting_started,4066.6666666666724,AGV_08,TOTE_0884,station_1,KIT_0008_01,,,,,,,,,,,,,,,,,,,,,,,
dispatch,4070.000000000005,AGV_09,TOTE_0887,station_1,KIT_0008_01,{'PART_05': 15},5760.0,0.30289388969446346,0.2892543859649124,0.012623931623931625,0.001015572105619499,0.0,0.4358974358974359,0.6,0.3,0.1,0.03,0.1,0.2,0.1,0.006,2.0,1200.0,0.13814659022693446,,,,
kitting_completed,4070.6666666666724,AGV_04,TOTE_0704,station_2,KIT_0008_02,,,,,,,,,,,,,,,,,,,,"{'PART_02': 20, 'PART_05': 15}",False,,
kitting_completed,4076.6666666666724,AGV_08,TOTE_0884,station_1,KIT_0008_01,,,,,,,,,,,,,,,,,,,,{'PART_05': 15},False,,
kitting_started,4078.000000000005,AGV_05,TOTE_0755,station_3,KIT_0006_01,,,,,,,,,,,,,,,,,,,,,,,
dispatch,4080.6666666666724,AGV_02,TOTE_0740,station_2,KIT_0008_02,"{'PART_02': 20, 'PART_05': 15}",5760.0,0.3166633704065648,0.2894883040935674,0.026025641025641026,0.0011494252873563218,0.0,0.40512820512820513,0.6,0.3,0.1,0.03,0.1,0.2,0.1,0.006,2.0,1200.0,0.14948520173111834,,,,
kitting_completed,4085.333333333338,AGV_10,TOTE_0719,station_4,KIT_0007_01,,,,,,,,,,,,,,,,,,,,"{'PART_01': 10, 'PART_03': 50, 'PART_05': 15}",False,,
kitting_started,4086.6666666666715,AGV_01,TOTE_0737,station_4,KIT_0007_01,,,,,,,,,,,,,,,,,,,,,,,
kitting_started,4091.333333333339,AGV_06,TOTE_0623,station_2,KIT_0008_02,,,,,,,,,,,,,,,,,,,,,,,
dispatch,4092.0000000000055,AGV_07,TOTE_0569,station_4,KIT_0007_01,"{'PART_03': 50, 'PART_08': 12}",5760.0,0.30874658037019326,0.2897368421052633,0.015048076923076923,0.0039616613418530355,0.0,0.46153846153846156,0.6,0.3,0.1,0.03,0.1,0.2,0.1,0.006,2.0,1200.0,0.1390941020682698,,,,
kitting_completed,4101.333333333339,AGV_06,TOTE_0623,station_2,KIT_0008_02,,,,,,,,,,,,,,,,,,,,{'PART_05': 15},False,,
dispatch,4102.0000000000055,AGV_04,TOTE_0830,station_2,KIT_0008_02,"{'PART_02': 20, 'PART_05': 15}",5760.0,0.3168454267750475,0.28995614035087736,0.025726495726495727,0.0011627906976744186,0.0,0.40512820512820513,0.6,0.3,0.1,0.03,0.1,0.2,0.1,0.006,2.0,1200.0,0.149594435552208,,,,
dispatch,4103.333333333339,AGV_08,TOTE_0884,station_1,KIT_0008_01,{'PART_05': 15},5760.0,0.3035070984047514,0.28998538011695923,0.012495726495726497,0.0010259917920656635,0.0,0.3333333333333333,0.6,0.3,0.1,0.03,0.1,0.2,0.1,0.006,2.0,1200.0,0.1487709257095175,,,,
kitting_completed,4108.0000000000055,AGV_05,TOTE_0755,station_3,KIT_0006_01,,,,,,,,,,,,,,,,,,,,"{'PART_02': 20, 'PART_04': 100, 'PART_07': 5}",False,,
kitting_started,4109.3333333333385,AGV_03,TOTE_0773,station_3,KIT_0006_01,,,,,,,,,,,,,,,,,,,,,,,
kitting_started,4110.000000000005,AGV_09,TOTE_0887,station_1,KIT_0008_01,,,,,,,,,,,,,,,,,,,,,,,
dispatch,4112.000000000005,AGV_10,TOTE_0791,station_3,KIT_0006_01,"{'PART_02': 20, 'PART_04': 100, 'PART_07': 5}",5760.0,0.30850530452344466,0.29017543859649136,0.01226190476190476,0.0060679611650485445,0.0,0.40512820512820513,0.6,0.3,0.1,0.03,0.1,0.2,0.1,0.006,2.0,1200.0,0.14459036220124627,,,,
kitting_started,4112.0000000000055,AGV_02,TOTE_0740,station_2,KIT_0008_02,,,,,,,,,,,,,,,,,,,,,,,
kitting_completed,4116.6666666666715,AGV_01,TOTE_0737,station_4,KIT_0007_01,,,,,,,,,,,,,,,,,,,,"{'PART_01': 10, 'PART_03': 50, 'PART_05': 15}",False,,
kitting_completed,4120.000000000005,AGV_09,TOTE_0887,station_1,KIT_0008_01,,,,,,,,,,,,,,,,,,,,{'PART_05': 15},False,,
kitting_started,4130.0000000000055,AGV_08,TOTE_0884,station_1,KIT_0008_01,,,,,,,,,,,,,,,,,,,,,,,
dispatch,4130.000000000006,AGV_06,TOTE_0611,station_4,KIT_0007_01,"{'PART_01': 10, 'PART_03': 50}",5760.0,0.30901411448358357,0.29057017543859665,0.014451923076923076,0.003992015968063873,0.0,0.38461538461538464,0.6,0.3,0.1,0.03,0.1,0.2,0.1,0.006,2.0,1200.0,0.14694693022861166,,,,
kitting_completed,4132.0000000000055,AGV_02,TOTE_0740,station_2,KIT_0008_02,,,,,,,,,,,,,,,,,,,,"{'PART_02': 20, 'PART_05': 15}",False,,
kitting_started,4132.0000000000055,AGV_07,TOTE_0569,station_4,KIT_0007_01,,,,,,,,,,,,,,,,,,,,,,,
kitting_started,4133.3333333333385,AGV_04,TOTE_0830,station_2,KIT_0008_02,,,,,,,,,,,,,,,,,,,,,,,
kitting_completed,4139.3333333333385,AGV_03,TOTE_0773,station_3,KIT_0006_01,,,,,,,,,,,,,,,,,,,,"{'PART_02': 20, 'PART_04': 100, 'PART_07': 5}",False,,
dispatch,4139.3333333333385,AGV_05,TOTE_0641,station_2,KIT_0008_02,{'PART_05': 15},5760.0,0.31670640590919247,0.29077485380116974,0.025427350427350427,0.000504201680672269,0.0,0.4153846153846154,0.6,0.3,0.1,0.03,0.1,0.2,0.1,0.006,2.0,1200.0,0.1484853820070539,,,,
kitting_completed,4140.0000000000055,AGV_08,TOTE_0884,station_1,KIT_0008_01,,,,,,,,,,,,,,,,,,,,{'PART_05': 15},False,,
kitting_started,4143.333333333338,AGV_10,TOTE_0791,station_3,KIT_0006_01,,,,,,,,,,,,,,,,,,,,,,,
dispatch,4143.3333333333385,AGV_01,TOTE_0809,station_3,KIT_0006_01,"{'PART_02': 20, 'PART_07': 5}",5760.0,0.30367241990635513,0.2908625730994153,0.011517857142857142,0.0012919896640826874,0.0,0.40512820512820513,0.6,0.3,0.1,0.03,0.1,0.2,0.1,0.006,2.0,1200.0,0.14169063143099256,,,,
dispatch,4146.6666666666715,AGV_09,TOTE_0659,station_1,KIT_0008_01,{'PART_05': 15},5760.0,0.3043398213873245,0.29093567251462,0.012367521367521369,0.0010366275051831375,0.0,0.48717948717948717,0.6,0.3,0.1,0.03,0.1,0.2,0.1,0.006,2.0,1200.0,0.133885944114446,,,,
kitting_completed,4152.0000000000055,AGV_07,TOTE_0569,station_4,KIT_0007_01,,,,,,,,,,,,,,,,,,,,"{'PART_03': 50, 'PART_08': 12}",False,,
kitting_completed,4153.3333333333385,AGV_04,TOTE_0830,station_2,KIT_0008_02,,,,,,,,,,,,,,,,,,,,"{'PART_02': 20, 'PART_05': 15}",False,,
dispatch,4163.3333333333385,AGV_02,TOTE_0848,station_2,KIT_0008_02,"{'PART_02': 20, 'PART_05': 15}",5760.0,0.3177827473222211,0.2913011695906434,0.0252991452991453,0.0011824324324324325,0.0,0.40512820512820513,0.6,0.3,0.1,0.03,0.1,0.2,0.1,0.006,2.0,1200.0,0.15015682788051216,,,,
kitting_started,4163.333333333339,AGV_06,TOTE_0611,station_4,KIT_0007_01,,,,,,,,,,,,,,,,,,,,,,,
dispatch,4166.666666666672,AGV_08,TOTE_0884,station_1,KIT_0008_01,{'PART_05': 15},5760.0,0.30466107127868386,0.29137426900584806,0.012239316239316237,0.001047486033519553,0.0,0.3333333333333333,0.6,0.3,0.1,0.03,0.1,0.2,0.1,0.006,2.0,1200.0,0.14946330943387698,,,,
dispatch,4170.6666666666715,AGV_03,TOTE_0629,station_4,KIT_0007_01,"{'PART_01': 10, 'PART_03': 50}",5760.0,0.3094949924620979,0.2914619883040937,0.013875,0.004158004158004158,0.0,0.3333333333333333,0.6,0.3,0.1,0.03,0.1,0.2,0.1,0.006,2.0,1200.0,0.1523636621439254,,,,
kitting_completed,4173.333333333338,AGV_10,TOTE_0791,station_3,KIT_0006_01,,,,,,,,,,,,,,,,,,,,"{'PART_02': 20, 'PART_04': 100, 'PART_07': 5}",False,,
kitting_started,4174.6666666666715,AGV_01,TOTE_0809,station_3,KIT_0006_01,,,,,,,,,,,,,,,,,,,,,,,
kitting_started,4174.6666666666715,AGV_05,TOTE_0641,station_2,KIT_0008_02,,,,,,,,,,,,,,,,,,,,,,,
dispatch,4182.0000000000055,AGV_07,TOTE_0550,station_3,KIT_0006_01,"{'PART_02': 20, 'PART_04': 100}",5760.0,0.30936229644792623,0.29171052631578964,0.011369047619047619,0.0062827225130890054,0.0,0.4666666666666667,0.6,0.3,0.1,0.03,0.1,0.2,0.1,0.006,2.0,1200.0,0.13895071120208907,,,,
kitting_completed,4183.333333333339,AGV_06,TOTE_0611,station_4,KIT_0007_01,,,,,,,,,,,,,,,,,,,,"{'PART_01': 10, 'PART_03': 50}",False,,
kitting_completed,4184.6666666666715,AGV_05,TOTE_0641,station_2,KIT_0008_02,,,,,,,,,,,,,,,,,,,,{'PART_05': 15},False,,
dispatch,4184.6666666666715,AGV_04,TOTE_0830,station_2,KIT_0008_02,"{'PART_02': 20, 'PART_05': 15}",5760.0,0.31796558704453454,0.29176900584795334,0.025,0.0011965811965811968,0.0,0.40512820512820513,0.6,0.3,0.1,0.03,0.1,0.2,0.1,0.006,2.0,1200.0,0.1502665317139002,,,,
kitting_started,4186.6666666666715,AGV_09,TOTE_0659,station_1,KIT_0008_01,,,,,,,,,,,,,,,,,,,,,,,
kitting_completed,4194.6666666666715,AGV_01,TOTE_0809,station_3,KIT_0006_01,,,,,,,,,,,,,,,,,,,,"{'PART_02': 20, 'PART_07': 5}",False,,
kitting_started,4194.6666666666715,AGV_02,TOTE_0848,station_2,KIT_0008_02,,,,,,,,,,,,,,,,,,,,,,,
kitting_completed,4196.6666666666715,AGV_09,TOTE_0659,station_1,KIT_0008_01,,,,,,,,,,,,,,,,,,,,{'PART_05': 15},False,,
kitting_started,4197.333333333338,AGV_03,TOTE_0629,station_4,KIT_0007_01,,,,,,,,,,,,,,,,,,,,,,,
kitting_started,4198.000000000005,AGV_08,TOTE_0884,station_1,KIT_0008_01,,,,,,,,,,,,,,,,,,,,,,,
dispatch,4204.666666666671,AGV_10,TOTE_0647,station_4,KIT_0007_01,"{'PART_01': 10, 'PART_03': 50}",5760.0,0.3098440740561846,0.2922076023391814,0.013298076923076921,0.004338394793926247,0.0,0.3333333333333333,0.6,0.3,0.1,0.03,0.1,0.2,0.1,0.006,2.0,1200.0,0.1525731111003774,,,,
kitting_completed,4208.000000000005,AGV_08,TOTE_0884,station_1,KIT_0008_01,,,,,,,,,,,,,,,,,,,,{'PART_05': 15},False,,
dispatch,4210.000000000006,AGV_06,TOTE_0827,station_3,KIT_0006_01,"{'PART_02': 20, 'PART_07': 5}",5760.0,0.30437597135296357,0.29232456140350893,0.010654761904761903,0.0013966480446927375,0.0,0.40512820512820513,0.6,0.3,0.1,0.03,0.1,0.2,0.1,0.006,2.0,1200.0,0.1421127622989576,,,,
dispatch,4213.3333333333385,AGV_05,TOTE_0803,station_1,KIT_0008_01,{'PART_05': 15},5760.0,0.3055673463828946,0.2923976608187136,0.01211111111111111,0.001058574453069866,0.0,0.4358974358974359,0.6,0.3,0.1,0.03,0.1,0.2,0.1,0.006,2.0,1200.0,0.13975066423999316,,,,
kitting_completed,4214.6666666666715,AGV_02,TOTE_0848,station_2,KIT_0008_02,,,,,,,,,,,,,,,,,,,,"{'PART_02': 20, 'PART_05': 15}",False,,
kitting_started,4216.000000000005,AGV_04,TOTE_0830,station_2,KIT_0008_02,,,,,,,,,,,,,,,,,,,,,,,
kitting_completed,4217.333333333338,AGV_03,TOTE_0629,station_4,KIT_0007_01,,,,,,,,,,,,,,,,,,,,"{'PART_01': 10, 'PART_03': 50}",False,,
kitting_started,4220.666666666672,AGV_07,TOTE_0550,station_3,KIT_0006_01,,,,,,,,,,,,,,,,,,,,,,,
dispatch,4226.000000000005,AGV_01,TOTE_0845,station_4,KIT_0007_01,"{'PART_01': 10, 'PART_05': 15}",5760.0,0.3072862371894328,0.29267543859649137,0.012721153846153847,0.0018896447467876042,0.0,0.3333333333333333,0.6,0.3,0.1,0.03,0.1,0.2,0.1,0.006,2.0,1200.0,0.15103840898032636,,,,
dispatch,4230.000000000005,AGV_09,TOTE_0821,station_2,KIT_0008_02,{'PART_05': 15},5760.0,0.31798304373746017,0.29276315789473695,0.024700854700854702,0.0005190311418685121,0.0,0.3641025641025641,0.6,0.3,0.1,0.03,0.1,0.2,0.1,0.006,2.0,1200.0,0.15437956983221968,,,,
kitting_started,4231.333333333337,AGV_10,TOTE_0647,station_4,KIT_0007_01,,,,,,,,,,,,,,,,,,,,,,,
dispatch,4234.6666666666715,AGV_08,TOTE_0883,station_1,KIT_0008_01,{'PART_05': 15},5760.0,0.3059183032015828,0.2928654970760235,0.011982905982905983,0.0010699001426533524,0.0,0.48717948717948717,0.6,0.3,0.1,0.03,0.1,0.2,0.1,0.006,2.0,1200.0,0.13483303320300097,,,,
kitting_completed,4236.000000000005,AGV_04,TOTE_0830,station_2,KIT_0008_02,,,,,,,,,,,,,,,,,,,,"{'PART_02': 20, 'PART_05': 15}",False,,
kitting_completed,4240.666666666672,AGV_07,TOTE_0550,station_3,KIT_0006_01,,,,,,,,,,,,,,,,,,,,"{'PART_02': 20, 'PART_04': 100}",False,,
kitting_started,4242.0000000000055,AGV_06,TOTE_0827,station_3,KIT_0006_01,,,,,,,,,,,,,,,,,,,,,,,
dispatch,4244.000000000005,AGV_03,TOTE_0102,station_3,KIT_0006_01,{'PART_02': 100},5760.0,0.30924185019915235,0.2930701754385966,0.01050595238095238,0.0056657223796034,0.0,0.3128205128205128,0.6,0.3,0.1,0.03,0.1,0.2,0.1,0.006,2.0,1200.0,0.15426305883744013,,,,
dispatch,4246.000000000005,AGV_02,TOTE_0848,station_2,KIT_0008_02,"{'PART_02': 20, 'PART_05': 15}",5760.0,0.3189040759647168,0.2931140350877194,0.024572649572649572,0.0012173913043478262,0.0,0.40512820512820513,0.6,0.3,0.1,0.03,0.1,0.2,0.1,0.006,2.0,1200.0,0.15082962506600958,,,,
kitting_started,4246.6666666666715,AGV_05,TOTE_0803,station_1,KIT_0008_01,,,,,,,,,,,,,,,,,,,,,,,
kitting_completed,4251.333333333337,AGV_10,TOTE_0647,station_4,KIT_0007_01,,,,,,,,,,,,,,,,,,,,"{'PART_01': 10, 'PART_03': 50}",False,,
kitting_started,4252.666666666671,AGV_01,TOTE_0845,station_4,KIT_0007_01,,,,,,,,,,,,,,,,,,,,,,,
kitting_completed,4256.6666666666715,AGV_05,TOTE_0803,station_1,KIT_0008_01,,,,,,,,,,,,,,,,,,,,{'PART_05': 15},False,,
kitting_started,4258.666666666671,AGV_09,TOTE_0821,station_2,KIT_0008_02,,,,,,,,,,,,,,,,,,,,,,,
kitting_completed,4262.0000000000055,AGV_06,TOTE_0827,station_3,KIT_0006_01,,,,,,,,,,,,,,,,,,,,"{'PART_02': 20, 'PART_07': 5}",False,,
dispatch,4267.333333333338,AGV_04,TOTE_0782,station_3,KIT_0006_01,{'PART_04': 100},5760.0,0.3094985916367496,0.29358187134502933,0.009910714285714287,0.006006006006006006,0.0,0.4153846153846154,0.6,0.3,0.1,0.03,0.1,0.2,0.1,0.006,2.0,1200.0,0.1441606934435882,,,,
kitting_completed,4268.666666666671,AGV_09,TOTE_0821,station_2,KIT_0008_02,,,,,,,,,,,,,,,,,,,,{'PART_05': 15},False,,
kitting_completed,4272.666666666671,AGV_01,TOTE_0845,station_4,KIT_0007_01,,,,,,,,,,,,,,,,,,,,"{'PART_01': 10, 'PART_05': 15}",False,,
dispatch,4272.666666666672,AGV_07,TOTE_0745,station_2,KIT_0008_02,"{'PART_02': 20, 'PART_04': 100, 'PART_05': 15, 'PART_09': 40}",5760.0,0.32413430651384706,0.29369883040935685,0.02427350427350427,0.006161971830985916,0.0,0.441025641025641,0.6,0.3,0.1,0.03,0.1,0.2,0.1,0.006,2.0,1200.0,0.1503780198057441,,,,
kitting_started,4274.6666666666715,AGV_08,TOTE_0883,station_1,KIT_0008_01,,,,,,,,,,,,,,,,,,,,,,,
kitting_started,4276.000000000004,AGV_03,TOTE_0102,station_3,KIT_0006_01,,,,,,,,,,,,,,,,,,,,,,,
kitting_started,4277.333333333338,AGV_02,TOTE_0848,station_2,KIT_0008_02,,,,,,,,,,,,,,,,,,,,,,,
dispatch,4278.000000000004,AGV_10,TOTE_0863,station_4,KIT_0007_01,"{'PART_01': 10, 'PART_05': 15}",5760.0,0.3082225987660868,0.2938157894736843,0.01248076923076923,0.001926040061633282,0.0,0.3333333333333333,0.6,0.3,0.1,0.03,0.1,0.2,0.1,0.006,2.0,1200.0,0.15160022592631875,,,,
kitting_completed,4284.6666666666715,AGV_08,TOTE_0883,station_1,KIT_0008_01,,,,,,,,,,,,,,,,,,,,{'PART_05': 15},False,,
dispatch,4290.000000000005,AGV_05,TOTE_0557,station_4,KIT_0007_01,"{'PART_01': 10, 'PART_08': 12}",5760.0,0.30804753308357014,0.29407894736842116,0.012240384615384615,0.001728201099764336,0.0,0.38461538461538464,0.6,0.3,0.1,0.03,0.1,0.2,0.1,0.006,2.0,1200.0,0.1463669813886036,,,,
dispatch,4293.3333333333385,AGV_06,TOTE_0839,station_1,KIT_0008_01,{'PART_05': 15},5760.0,0.3070882184386151,0.29415204678362583,0.011854700854700854,0.0010814708002883922,0.0,0.48717948717948717,0.6,0.3,0.1,0.03,0.1,0.2,0.1,0.006,2.0,1200.0,0.13553498234522035,,,,
kitting_completed,4297.333333333338,AGV_02,TOTE_0848,station_2,KIT_0008_02,,,,,,,,,,,,,,,,,,,,"{'PART_02': 20, 'PART_05': 15}",False,,
dispatch,4297.333333333338,AGV_09,TOTE_0857,station_2,KIT_0008_02,{'PART_05': 15},5760.0,0.31758039564201324,0.29423976608187147,0.02277777777777778,0.0005628517823639775,0.0,0.3641025641025641,0.6,0.3,0.1,0.03,0.1,0.2,0.1,0.006,2.0,1200.0,0.15413798097495152,,,,
dispatch,4299.333333333338,AGV_01,TOTE_0875,station_1,KIT_0008_01,{'PART_05': 15},5760.0,0.30710341591813134,0.29428362573099426,0.011726495726495726,0.0010932944606413995,0.0,0.48717948717948717,0.6,0.3,0.1,0.03,0.1,0.2,0.1,0.006,2.0,1200.0,0.1355441008329301,,,,
kitting_started,4304.66666666667,AGV_10,TOTE_0863,station_4,KIT_0007_01,,,,,,,,,,,,,,,,,,,,,,,
kitting_started,4308.0000000000055,AGV_07,TOTE_0745,station_2,KIT_0008_02,,,,,,,,,,,,,,,,,,,,,,,
kitting_completed,4324.66666666667,AGV_10,TOTE_0863,station_4,KIT_0007_01,,,,,,,,,,,,,,,,,,,,"{'PART_01': 10, 'PART_05': 15}",False,,
dispatch,4324.66666666667,AGV_08,TOTE_0571,station_4,KIT_0007_01,"{'PART_01': 10, 'PART_03': 50, 'PART_05': 15, 'PART_08': 12}",5760.0,0.31382246389123525,0.2948391812865498,0.012028846153846154,0.006954436450839329,0.0,0.5384615384615384,0.6,0.3,0.1,0.03,0.1,0.2,0.1,0.006,2.0,1200.0,0.1344473244885873,,,,
kitting_started,4326.000000000003,AGV_05,TOTE_0557,station_4,KIT_0007_01,,,,,,,,,,,,,,,,,,,,,,,
kitting_completed,4326.000000000004,AGV_03,TOTE_0102,station_3,KIT_0006_01,,,,,,,,,,,,,,,,,,,,{'PART_02': 100},False,,
kitting_started,4327.333333333337,AGV_04,TOTE_0782,station_3,KIT_0006_01,,,,,,,,,,,,,,,,,,,,,,,
dispatch,4328.666666666671,AGV_02,TOTE_0752,station_3,KIT_0006_01,{'PART_07': 5},5760.0,0.304561865593163,0.2949269005847954,0.00931547619047619,0.0003194888178913738,0.0,0.4564102564102564,0.6,0.3,0.1,0.03,0.1,0.2,0.1,0.006,2.0,1200.0,0.13709609371487214,,,,
kitting_started,4333.3333333333385,AGV_06,TOTE_0839,station_1,KIT_0008_01,,,,,,,,,,,,,,,,,,,,,,,
kitting_completed,4337.333333333337,AGV_04,TOTE_0782,station_3,KIT_0006_01,,,,,,,,,,,,,,,,,,,,{'PART_04': 100},False,,
kitting_completed,4343.3333333333385,AGV_06,TOTE_0839,station_1,KIT_0008_01,,,,,,,,,,,,,,,,,,,,{'PART_05': 15},False,,
dispatch,4344.666666666671,AGV_03,TOTE_0770,station_3,KIT_0006_01,{'PART_07': 5},5760.0,0.30488400488400497,0.29527777777777786,0.009285714285714286,0.0003205128205128205,0.0,0.4307692307692308,0.6,0.3,0.1,0.03,0.1,0.2,0.1,0.006,2.0,1200.0,0.1398534798534799,,,,
kitting_started,4344.6666666666715,AGV_01,TOTE_0875,station_1,KIT_0008_01,,,,,,,,,,,,,,,,,,,,,,,
kitting_completed,4346.000000000003,AGV_05,TOTE_0557,station_4,KIT_0007_01,,,,,,,,,,,,,,,,,,,,"{'PART_01': 10, 'PART_08': 12}",False,,
kitting_completed,4348.0000000000055,AGV_07,TOTE_0745,station_2,KIT_0008_02,,,,,,,,,,,,,,,,,,,,"{'PART_02': 20, 'PART_04': 100, 'PART_05': 15, 'PART_09': 40}",False,,
kitting_started,4349.3333333333385,AGV_09,TOTE_0857,station_2,KIT_0008_02,,,,,,,,,,,,,,,,,,,,,,,
dispatch,4351.333333333337,AGV_10,TOTE_0827,station_4,KIT_0007_01,"{'PART_01': 10, 'PART_05': 15}",5760.0,0.3087640506235189,0.2954239766081872,0.011192307692307692,0.002147766323024055,0.0,0.3333333333333333,0.6,0.3,0.1,0.03,0.1,0.2,0.1,0.006,2.0,1200.0,0.15192509704077803,,,,
kitting_completed,4354.6666666666715,AGV_01,TOTE_0875,station_1,KIT_0008_01,,,,,,,,,,,,,,,,,,,,{'PART_05': 15},False,,
kitting_completed,4359.3333333333385,AGV_09,TOTE_0857,station_2,KIT_0008_02,,,,,,,,,,,,,,,,,,,,{'PART_05': 15},False,,
dispatch,4366.000000000004,AGV_04,TOTE_0893,station_2,KIT_0008_02,{'PART_05': 15},5760.0,0.3189612244205095,0.2957456140350878,0.02264957264957265,0.0005660377358490566,0.0,0.38974358974358975,0.6,0.3,0.1,0.03,0.1,0.2,0.1,0.006,2.0,1200.0,0.15240237567794673,,,,
kitting_started,4370.000000000004,AGV_02,TOTE_0752,station_3,KIT_0006_01,,,,,,,,,,,,,,,,,,,,,,,
kitting_started,4371.333333333336,AGV_08,TOTE_0571,station_4,KIT_0007_01,,,,,,,,,,,,,,,,,,,,,,,
dispatch,4372.66666666667,AGV_05,TOTE_0788,station_2,KIT_0008_02,{'PART_02': 20},5760.0,0.3191721936695971,0.29589181286549715,0.02252136752136752,0.0007590132827324479,0.0,0.441025641025641,0.6,0.3,0.1,0.03,0.1,0.2,0.1,0.006,2.0,1200.0,0.14740075209919415,,,,
dispatch,4376.6666666666715,AGV_06,TOTE_0839,station_1,KIT_0008_01,{'PART_05': 15},5760.0,0.3086832022756664,0.29597953216374284,0.011598290598290598,0.001105379513633014,0.0,0.4358974358974359,0.6,0.3,0.1,0.03,0.1,0.2,0.1,0.006,2.0,1200.0,0.14162017777565625,,,,
kitting_completed,4380.000000000004,AGV_02,TOTE_0752,station_3,KIT_0006_01,,,,,,,,,,,,,,,,,,,,{'PART_07': 5},False,,
dispatch,4380.0000000000055,AGV_07,TOTE_0568,station_3,KIT_0006_01,{'PART_04': 100},5760.0,0.31173945212710247,0.2960526315789475,0.00925595238095238,0.006430868167202572,0.0,0.441025641025641,0.6,0.3,0.1,0.03,0.1,0.2,0.1,0.006,2.0,1200.0,0.14294110717369737,,,,
kitting_started,4382.666666666671,AGV_03,TOTE_0770,station_3,KIT_0006_01,,,,,,,,,,,,,,,,,,,,,,,
dispatch,4388.000000000005,AGV_01,TOTE_0875,station_1,KIT_0008_01,{'PART_05': 15},5760.0,0.3088158903698163,0.29622807017543873,0.011470085470085472,0.0011177347242921013,0.0,0.4358974358974359,0.6,0.3,0.1,0.03,0.1,0.2,0.1,0.006,2.0,1200.0,0.1416997906321462,,,,
kitting_completed,4392.666666666671,AGV_03,TOTE_0770,station_3,KIT_0006_01,,,,,,,,,,,,,,,,,,,,{'PART_07': 5},False,,
dispatch,4392.666666666671,AGV_09,TOTE_0586,station_3,KIT_0006_01,{'PART_04': 100},5760.0,0.31186397587611653,0.2963304093567253,0.008660714285714284,0.006872852233676977,0.0,0.4666666666666667,0.6,0.3,0.1,0.03,0.1,0.2,0.1,0.006,2.0,1200.0,0.14045171885900326,,,,
kitting_started,4398.000000000003,AGV_04,TOTE_0893,station_2,KIT_0008_02,,,,,,,,,,,,,,,,,,,,,,,
kitting_completed,4408.000000000003,AGV_04,TOTE_0893,station_2,KIT_0008_02,,,,,,,,,,,,,,,,,,,,{'PART_05': 15},False,,
dispatch,4408.000000000004,AGV_02,TOTE_0857,station_2,KIT_0008_02,{'PART_05': 15},5760.0,0.3195907077838245,0.29666666666666675,0.02235042735042735,0.0005736137667304016,0.0,0.38974358974358975,0.6,0.3,0.1,0.03,0.1,0.2,0.1,0.006,2.0,1200.0,0.15278006569593572,,,,
kitting_started,4409.333333333336,AGV_05,TOTE_0788,station_2,KIT_0008_02,,,,,,,,,,,,,,,,,,,,,,,
kitting_started,4410.000000000005,AGV_06,TOTE_0839,station_1,KIT_0008_01,,,,,,,,,,,,,,,,,,,,,,,
kitting_completed,4411.333333333336,AGV_08,TOTE_0571,station_4,KIT_0007_01,,,,,,,,,,,,,,,,,,,,"{'PART_01': 10, 'PART_03': 50, 'PART_05': 15, 'PART_08': 12}",False,,
kitting_started,4412.666666666669,AGV_10,TOTE_0827,station_4,KIT_0007_01,,,,,,,,,,,,,,,,,,,,,,,
kitting_started,4415.3333333333385,AGV_07,TOTE_0568,station_3,KIT_0006_01,,,,,,,,,,,,,,,,,,,,,,,
kitting_completed,4419.333333333336,AGV_05,TOTE_0788,station_2,KIT_0008_02,,,,,,,,,,,,,,,,,,,,{'PART_02': 20},False,,
kitting_completed,4420.000000000005,AGV_06,TOTE_0839,station_1,KIT_0008_01,,,,,,,,,,,,,,,,,,,,{'PART_05': 15},False,,
dispatch,4420.666666666671,AGV_03,TOTE_0590,station_2,KIT_0008_02,{'PART_05': 15},5760.0,0.31974358974358985,0.29694444444444457,0.02222222222222222,0.000576923076923077,0.0,0.4153846153846154,0.6,0.3,0.1,0.03,0.1,0.2,0.1,0.006,2.0,1200.0,0.15030769230769236,,,,
kitting_started,4421.333333333338,AGV_01,TOTE_0875,station_1,KIT_0008_01,,,,,,,,,,,,,,,,,,,,,,,
kitting_completed,4425.3333333333385,AGV_07,TOTE_0568,station_3,KIT_0006_01,,,,,,,,,,,,,,,,,,,,{'PART_04': 100},False,,
kitting_completed,4431.333333333338,AGV_01,TOTE_0875,station_1,KIT_0008_01,,,,,,,,,,,,,,,,,,,,{'PART_05': 15},False,,
kitting_started,4431.333333333338,AGV_09,TOTE_0586,station_3,KIT_0006_01,,,,,,,,,,,,,,,,,,,,,,,
kitting_completed,4432.666666666669,AGV_10,TOTE_0827,station_4,KIT_0007_01,,,,,,,,,,,,,,,,,,,,"{'PART_01': 10, 'PART_05': 15}",False,,
dispatch,4436.66666666667,AGV_04,TOTE_0845,station_4,KIT_0007_01,"{'PART_01': 10, 'PART_05': 15}",5760.0,0.3104421525282219,0.297295321637427,0.010951923076923078,0.0021949078138718174,0.0,0.38461538461538464,0.6,0.3,0.1,0.03,0.1,0.2,0.1,0.006,2.0,1200.0,0.14780375305539467,,,,
kitting_started,4440.000000000003,AGV_02,TOTE_0857,station_2,KIT_0008_02,,,,,,,,,,,,,,,,,,,,,,,
kitting_completed,4441.333333333338,AGV_09,TOTE_0586,station_3,KIT_0006_01,,,,,,,,,,,,,,,,,,,,{'PART_04': 100},False,,
dispatch,4444.666666666669,AGV_08,TOTE_0589,station_4,KIT_0007_01,"{'PART_01': 10, 'PART_03': 50, 'PART_05': 15, 'PART_08': 12}",5760.0,0.31599199348899343,0.29747076023391816,0.01071153846153846,0.007809694793536805,0.0,0.4358974358974359,0.6,0.3,0.1,0.03,0.1,0.2,0.1,0.006,2.0,1200.0,0.14600545250365246,,,,
kitting_completed,4450.000000000003,AGV_02,TOTE_0857,station_2,KIT_0008_02,,,,,,,,,,,,,,,,,,,,{'PART_05': 15},False,,
dispatch,4451.333333333336,AGV_05,TOTE_0893,station_2,KIT_0008_02,{'PART_05': 15},5760.0,0.3202912469513814,0.29761695906432756,0.022094017094017093,0.0005802707930367506,0.0,0.38974358974358975,0.6,0.3,0.1,0.03,0.1,0.2,0.1,0.006,2.0,1200.0,0.15320038919646986,,,,
kitting_started,4452.666666666671,AGV_03,TOTE_0590,station_2,KIT_0008_02,,,,,,,,,,,,,,,,,,,,,,,
dispatch,4453.333333333338,AGV_06,TOTE_0604,station_3,KIT_0006_01,{'PART_04': 100},5760.0,0.31310636870466463,0.2976608187134504,0.008065476190476192,0.007380073800738008,0.0,0.4666666666666667,0.6,0.3,0.1,0.03,0.1,0.2,0.1,0.006,2.0,1200.0,0.1411971545561321,,,,
dispatch,4457.3333333333385,AGV_07,TOTE_0622,station_3,KIT_0006_01,{'PART_04': 100},5760.0,0.313186903596974,0.29774853801169604,0.007470238095238095,0.00796812749003984,0.0,0.4153846153846154,0.6,0.3,0.1,0.03,0.1,0.2,0.1,0.006,2.0,1200.0,0.14637368061972283,,,,
dispatch,4459.333333333336,AGV_10,TOTE_0878,station_1,KIT_0008_01,{'PART_05': 15},5760.0,0.31026464725665537,0.2977923976608188,0.01134188034188034,0.0011303692539562924,0.0,0.5128205128205128,0.6,0.3,0.1,0.03,0.1,0.2,0.1,0.006,2.0,1200.0,0.13487673707194192,,,,
kitting_completed,4462.666666666671,AGV_03,TOTE_0590,station_2,KIT_0008_02,,,,,,,,,,,,,,,,,,,,{'PART_05': 15},False,,
dispatch,4464.666666666671,AGV_01,TOTE_0875,station_2,KIT_0008_02,{'PART_05': 15},5760.0,0.3204588262785069,0.2979093567251463,0.021965811965811963,0.0005836575875486381,0.0,0.3641025641025641,0.6,0.3,0.1,0.03,0.1,0.2,0.1,0.006,2.0,1200.0,0.15586503935684773,,,,
kitting_started,4470.000000000003,AGV_04,TOTE_0845,station_4,KIT_0007_01,,,,,,,,,,,,,,,,,,,,,,,
dispatch,4473.333333333338,AGV_09,TOTE_0886,station_1,KIT_0008_01,{'PART_05': 15},5760.0,0.31045638310128054,0.2980994152046785,0.011213675213675212,0.0011432926829268292,0.0,0.48717948717948717,0.6,0.3,0.1,0.03,0.1,0.2,0.1,0.006,2.0,1200.0,0.1375558811428196,,,,
kitting_started,4483.333333333335,AGV_05,TOTE_0893,station_2,KIT_0008_02,,,,,,,,,,,,,,,,,,,,,,,
kitting_started,4489.3333333333385,AGV_07,TOTE_0622,station_3,KIT_0006_01,,,,,,,,,,,,,,,,,,,,,,,
kitting_completed,4490.000000000003,AGV_04,TOTE_0845,station_4,KIT_0007_01,,,,,,,,,,,,,,,,,,,,"{'PART_01': 10, 'PART_05': 15}",False,,
dispatch,4490.000000000003,AGV_02,TOTE_0863,station_4,KIT_0007_01,"{'PART_01': 10, 'PART_05': 15}",5760.0,0.3107741868668752,0.2984649122807018,0.009875000000000002,0.0024342745861733205,0.0,0.38461538461538464,0.6,0.3,0.1,0.03,0.1,0.2,0.1,0.006,2.0,1200.0,0.14800297365858664,,,,
kitting_started,4491.333333333336,AGV_08,TOTE_0589,station_4,KIT_0007_01,,,,,,,,,,,,,,,,,,,,,,,
kitting_completed,4493.333333333335,AGV_05,TOTE_0893,station_2,KIT_0008_02,,,,,,,,,,,,,,,,,,,,{'PART_05': 15},False,,
kitting_started,4494.666666666668,AGV_01,TOTE_0875,station_2,KIT_0008_02,,,,,,,,,,,,,,,,,,,,,,,
dispatch,4494.666666666671,AGV_03,TOTE_0896,station_2,KIT_0008_02,{'PART_05': 15},5760.0,0.32099194244832324,0.2985672514619884,0.021837606837606837,0.0005870841487279843,0.0,0.4153846153846154,0.6,0.3,0.1,0.03,0.1,0.2,0.1,0.006,2.0,1200.0,0.1510567039305324,,,,
kitting_started,4499.333333333335,AGV_10,TOTE_0878,station_1,KIT_0008_01,,,,,,,,,,,,,,,,,,,,,,,
kitting_completed,4499.3333333333385,AGV_07,TOTE_0622,station_3,KIT_0006_01,,,,,,,,,,,,,,,,,,,,{'PART_04': 100},False,,
kitting_started,4500.6666666666715,AGV_06,TOTE_0604,station_3,KIT_0006_01,,,,,,,,,,,,,,,,,,,,,,,
kitting_completed,4504.666666666668,AGV_01,TOTE_0875,station_2,KIT_0008_02,,,,,,,,,,,,,,,,,,,,{'PART_05': 15},False,,
kitting_completed,4509.333333333335,AGV_10,TOTE_0878,station_1,KIT_0008_01,,,,,,,,,,,,,,,,,,,,{'PART_05': 15},False,,
kitting_completed,4510.6666666666715,AGV_06,TOTE_0604,station_3,KIT_0006_01,,,,,,,,,,,,,,,,,,,,{'PART_04': 100},False,,
kitting_started,4513.333333333338,AGV_09,TOTE_0886,station_1,KIT_0008_01,,,,,,,,,,,,,,,,,,,,,,,
dispatch,4516.66666666667,AGV_04,TOTE_0557,station_2,KIT_0008_02,{'PART_02': 20},5760.0,0.3215465108865442,0.2990497076023393,0.02170940170940171,0.0007874015748031496,0.0,0.4666666666666667,0.6,0.3,0.1,0.03,0.1,0.2,0.1,0.006,2.0,1200.0,0.14626123986525985,,,,
dispatch,4522.000000000002,AGV_05,TOTE_0893,station_1,KIT_0008_01,{'PART_05': 15},5760.0,0.3114086517868322,0.2991666666666667,0.011085470085470084,0.001156515034695451,0.0,0.4358974358974359,0.6,0.3,0.1,0.03,0.1,0.2,0.1,0.006,2.0,1200.0,0.14325544748235572,,,,
kitting_completed,4523.333333333338,AGV_09,TOTE_0886,station_1,KIT_0008_01,,,,,,,,,,,,,,,,,,,,{'PART_05': 15},False,,
kitting_started,4526.666666666671,AGV_03,TOTE_0896,station_2,KIT_0008_02,,,,,,,,,,,,,,,,,,,,,,,
kitting_completed,4531.333333333336,AGV_08,TOTE_0589,station_4,KIT_0007_01,,,,,,,,,,,,,,,,,,,,"{'PART_01': 10, 'PART_03': 50, 'PART_05': 15, 'PART_08': 12}",False,,
dispatch,4531.3333333333385,AGV_07,TOTE_0640,station_3,KIT_0006_01,{'PART_04': 100},5760.0,0.31490435368724856,0.2993713450292399,0.006874999999999998,0.008658008658008658,0.0,0.4153846153846154,0.6,0.3,0.1,0.03,0.1,0.2,0.1,0.006,2.0,1200.0,0.14740415067388757,,,,
kitting_started,4532.666666666669,AGV_02,TOTE_0863,station_4,KIT_0007_01,,,,,,,,,,,,,,,,,,,,,,,
dispatch,4533.333333333335,AGV_01,TOTE_0551,station_4,KIT_0007_01,{'PART_08': 12},5760.0,0.3102474248533972,0.29941520467836263,0.009634615384615384,0.0011976047904191619,0.0,0.38461538461538464,0.6,0.3,0.1,0.03,0.1,0.2,0.1,0.006,2.0,1200.0,0.14768691645049983,,,,
kitting_completed,4536.666666666671,AGV_03,TOTE_0896,station_2,KIT_0008_02,,,,,,,,,,,,,,,,,,,,{'PART_05': 15},False,,
dispatch,4542.6666666666715,AGV_06,TOTE_0889,station_2,KIT_0008_02,{'PART_05': 15},5760.0,0.32175358267463544,0.2996198830409358,0.021538461538461538,0.0005952380952380953,0.0,0.441025641025641,0.6,0.3,0.1,0.03,0.1,0.2,0.1,0.006,2.0,1200.0,0.14894958550221715,,,,
dispatch,4546.000000000002,AGV_10,TOTE_0593,station_3,KIT_0006_01,{'PART_07': 5},5760.0,0.30644667801019143,0.2996929824561404,0.006279761904761905,0.0004739336492890996,0.0,0.4307692307692308,0.6,0.3,0.1,0.03,0.1,0.2,0.1,0.006,2.0,1200.0,0.14079108372919175,,,,
kitting_started,4552.000000000003,AGV_04,TOTE_0557,station_2,KIT_0008_02,,,,,,,,,,,,,,,,,,,,,,,
kitting_completed,4552.666666666669,AGV_02,TOTE_0863,station_4,KIT_0007_01,,,,,,,,,,,,,,,,,,,,"{'PART_01': 10, 'PART_05': 15}",False,,
kitting_started,4555.333333333335,AGV_05,TOTE_0893,station_1,KIT_0008_01,,,,,,,,,,,,,,,,,,,,,,,
dispatch,4556.666666666671,AGV_09,TOTE_0886,station_1,KIT_0008_01,{'PART_05': 15},5760.0,0.31205421234393244,0.29992690058479543,0.010957264957264956,0.001170046801872075,0.0,0.4358974358974359,0.6,0.3,0.1,0.03,0.1,0.2,0.1,0.006,2.0,1200.0,0.14364278381661585,,,,
kitting_completed,4562.000000000003,AGV_04,TOTE_0557,station_2,KIT_0008_02,,,,,,,,,,,,,,,,,,,,{'PART_02': 20},False,,
kitting_started,4563.333333333335,AGV_01,TOTE_0551,station_4,KIT_0007_01,,,,,,,,,,,,,,,,,,,,,,,
kitting_started,4563.3333333333385,AGV_07,TOTE_0640,station_3,KIT_0006_01,,,,,,,,,,,,,,,,,,,,,,,
dispatch,4564.666666666669,AGV_08,TOTE_0607,station_4,KIT_0007_01,"{'PART_01': 10, 'PART_03': 50, 'PART_05': 15}",5760.0,0.31778115040410126,0.3006861620591129,0.009519230769230768,0.007575757575757576,0.0,0.4358974358974359,0.6,0.3,0.1,0.03,0.1,0.2,0.1,0.006,2.0,1200.0,0.14707894665271715,,,,
kitting_completed,4565.333333333335,AGV_05,TOTE_0893,station_1,KIT_0008_01,,,,,,,,,,,,,,,,,,,,{'PART_05': 15},False,,
dispatch,4568.666666666671,AGV_03,TOTE_0878,station_2,KIT_0008_02,{'PART_05': 15},5760.0,0.32431986616735115,0.30231080736188515,0.02141025641025641,0.0005988023952095809,0.0,0.4153846153846154,0.6,0.3,0.1,0.03,0.1,0.2,0.1,0.006,2.0,1200.0,0.15305345816194912,,,,
kitting_completed,4573.333333333335,AGV_01,TOTE_0551,station_4,KIT_0007_01,,,,,,,,,,,,,,,,,,,,{'PART_08': 12},False,,
kitting_completed,4573.3333333333385,AGV_07,TOTE_0640,station_3,KIT_0006_01,,,,,,,,,,,,,,,,,,,,{'PART_04': 100},False,,
kitting_started,4578.000000000005,AGV_06,TOTE_0889,station_2,KIT_0008_02,,,,,,,,,,,,,,,,,,,,,,,
dispatch,4579.333333333336,AGV_02,TOTE_0324,station_4,KIT_0007_01,{'PART_05': 75},5760.0,0.3277909072751196,0.31079610904056726,0.00879807692307692,0.00819672131147541,0.0,0.28205128205128205,0.6,0.3,0.1,0.03,0.1,0.2,0.1,0.006,2.0,1200.0,0.16846941615994354,,,,
kitting_started,4580.666666666668,AGV_10,TOTE_0593,station_3,KIT_0006_01,,,,,,,,,,,,,,,,,,,,,,,
kitting_completed,4588.000000000005,AGV_06,TOTE_0889,station_2,KIT_0008_02,,,,,,,,,,,,,,,,,,,,{'PART_05': 15},False,,
kitting_started,4590.000000000004,AGV_09,TOTE_0886,station_1,KIT_0008_01,,,,,,,,,,,,,,,,,,,,,,,
kitting_completed,4590.666666666668,AGV_10,TOTE_0593,station_3,KIT_0006_01,,,,,,,,,,,,,,,,,,,,{'PART_07': 5},False,,
dispatch,4597.333333333336,AGV_04,TOTE_0896,station_2,KIT_0008_02,{'PART_05': 15},5760.0,0.3581314346844771,0.3362469737638716,0.021282051282051278,0.0006024096385542169,0.0,0.441025641025641,0.6,0.3,0.1,0.03,0.1,0.2,0.1,0.006,2.0,1200.0,0.17077629670812217,,,,
kitting_started,4598.000000000002,AGV_08,TOTE_0607,station_4,KIT_0007_01,,,,,,,,,,,,,,,,,,,,,,,
dispatch,4598.666666666668,AGV_05,TOTE_0658,station_3,KIT_0006_01,{'PART_04': 100},5760.0,0.35435798659216966,0.33858417706836014,0.006250000000000001,0.009523809523809525,0.0,0.4666666666666667,0.6,0.3,0.1,0.03,0.1,0.2,0.1,0.006,2.0,1200.0,0.16594812528863512,,,,
kitting_completed,4600.000000000004,AGV_09,TOTE_0886,station_1,KIT_0008_01,,,,,,,,,,,,,,,,,,,,{'PART_05': 15},False,,
kitting_started,4600.666666666671,AGV_03,TOTE_0878,station_2,KIT_0008_02,,,,,,,,,,,,,,,,,,,,,,,
dispatch,4603.333333333335,AGV_01,TOTE_0676,station_3,KIT_0006_01,{'PART_04': 100},5760.0,0.3633567164209941,0.34717563872675855,0.005654761904761905,0.010526315789473684,0.0,0.4666666666666667,0.6,0.3,0.1,0.03,0.1,0.2,0.1,0.006,2.0,1200.0,0.1713473631859298,,,,
dispatch,4605.3333333333385,AGV_07,TOTE_0883,station_1,KIT_0008_01,{'PART_05': 15},5760.0,0.3630550124679847,0.35104205366497065,0.01082905982905983,0.0011838989739542227,0.0,0.5128205128205128,0.6,0.3,0.1,0.03,0.1,0.2,0.1,0.006,2.0,1200.0,0.16655095619873955,,,,
kitting_completed,4610.666666666671,AGV_03,TOTE_0878,station_2,KIT_0008_02,,,,,,,,,,,,,,,,,,,,{'PART_05': 15},False,,
dispatch,4620.000000000005,AGV_06,TOTE_0889,station_2,KIT_0008_02,{'PART_05': 15},5760.0,0.4040195501960357,0.38225964343612895,0.02115384615384615,0.0006060606060606061,0.0,0.4153846153846154,0.6,0.3,0.1,0.03,0.1,0.2,0.1,0.006,2.0,1200.0,0.20087326857915985,,,,
dispatch,4622.000000000001,AGV_10,TOTE_0755,station_1,KIT_0008_01,{'PART_05': 15},5760.0,0.39874964574187916,0.38685070797393184,0.010700854700854702,0.0011980830670926517,0.0,0.5384615384615384,0.6,0.3,0.1,0.03,0.1,0.2,0.1,0.006,2.0,1200.0,0.18540363359897363,,,,
kitting_completed,4628.000000000002,AGV_08,TOTE_0607,station_4,KIT_0007_01,,,,,,,,,,,,,,,,,,,,"{'PART_01': 10, 'PART_03': 50, 'PART_05': 15}",False,,
kitting_started,4629.333333333335,AGV_02,TOTE_0324,station_4,KIT_0007_01,,,,,,,,,,,,,,,,,,,,,,,
kitting_started,4632.666666666669,AGV_04,TOTE_0896,station_2,KIT_0008_02,,,,,,,,,,,,,,,,,,,,,,,
dispatch,4633.333333333337,AGV_09,TOTE_0625,station_4,KIT_0007_01,"{'PART_01': 10, 'PART_03': 50}",5760.0,0.4292588427835573,0.4140390625637771,0.008076923076923079,0.007142857142857143,0.0,0.5128205128205128,0.6,0.3,0.1,0.03,0.1,0.2,0.1,0.006,2.0,1200.0,0.20627325438808308,,,,
kitting_started,4637.333333333335,AGV_05,TOTE_0658,station_3,KIT_0006_01,,,,,,,,,,,,,,,,,,,,,,,
kitting_completed,4642.666666666669,AGV_04,TOTE_0896,station_2,KIT_0008_02,,,,,,,,,,,,,,,,,,,,{'PART_05': 15},False,,
dispatch,4642.666666666671,AGV_03,TOTE_0878,station_2,KIT_0008_02,{'PART_05': 15},5760.0,0.45925529546037397,0.43761989833717196,0.02102564102564102,0.0006097560975609757,0.0,0.4153846153846154,0.6,0.3,0.1,0.03,0.1,0.2,0.1,0.006,2.0,1200.0,0.2340147157377628,,,,
kitting_completed,4647.333333333335,AGV_05,TOTE_0658,station_3,KIT_0006_01,,,,,,,,,,,,,,,,,,,,{'PART_04': 100},False,,
kitting_started,4648.666666666668,AGV_01,TOTE_0676,station_3,KIT_0006_01,,,,,,,,,,,,,,,,,,,,,,,
kitting_started,4648.6666666666715,AGV_07,TOTE_0883,station_1,KIT_0008_01,,,,,,,,,,,,,,,,,,,,,,,
kitting_started,4652.000000000005,AGV_06,TOTE_0889,station_2,KIT_0008_02,,,,,,,,,,,,,,,,,,,,,,,
kitting_completed,4658.666666666668,AGV_01,TOTE_0676,station_3,KIT_0006_01,,,,,,,,,,,,,,,,,,,,{'PART_04': 100},False,,
kitting_completed,4658.6666666666715,AGV_07,TOTE_0883,station_1,KIT_0008_01,,,,,,,,,,,,,,,,,,,,{'PART_05': 15},False,,
dispatch,4661.333333333335,AGV_08,TOTE_0694,station_3,KIT_0006_01,{'PART_04': 100},5760.0,0.5036067521880772,0.4867825224962004,0.005059523809523808,0.011764705882352941,0.0,0.441025641025641,0.6,0.3,0.1,0.03,0.1,0.2,0.1,0.006,2.0,1200.0,0.2580614872102822,,,,
kitting_started,4662.000000000001,AGV_10,TOTE_0755,station_1,KIT_0008_01,,,,,,,,,,,,,,,,,,,,,,,
kitting_completed,4662.000000000005,AGV_06,TOTE_0889,station_2,KIT_0008_02,,,,,,,,,,,,,,,,,,,,{'PART_05': 15},False,,
kitting_completed,4672.000000000001,AGV_10,TOTE_0755,station_1,KIT_0008_01,,,,,,,,,,,,,,,,,,,,{'PART_05': 15},False,,
dispatch,4674.666666666669,AGV_04,TOTE_0896,station_2,KIT_0008_02,{'PART_05': 15},5760.0,0.544194722112135,0.5226837892821838,0.020897435897435895,0.0006134969325153375,0.0,0.4153846153846154,0.6,0.3,0.1,0.03,0.1,0.2,0.1,0.006,2.0,1200.0,0.2849783717288195,,,,
kitting_started,4674.666666666671,AGV_03,TOTE_0878,station_2,KIT_0008_02,,,,,,,,,,,,,,,,,,,,,,,
kitting_completed,4679.333333333335,AGV_02,TOTE_0324,station_4,KIT_0007_01,,,,,,,,,,,,,,,,,,,,{'PART_05': 75},False,,
dispatch,4679.333333333335,AGV_05,TOTE_0015,station_4,KIT_0007_01,{'PART_01': 60},5760.0,0.5504743165623419,0.5352820088700343,0.0075,0.007692307692307693,0.0,0.358974358974359,0.6,0.3,0.1,0.03,0.1,0.2,0.1,0.006,2.0,1200.0,0.29438715403996923,,,,
kitting_started,4680.666666666668,AGV_09,TOTE_0625,station_4,KIT_0007_01,,,,,,,,,,,,,,,,,,,,,,,
kitting_completed,4684.666666666671,AGV_03,TOTE_0878,station_2,KIT_0008_02,,,,,,,,,,,,,,,,,,,,{'PART_05': 15},False,,
dispatch,4690.666666666668,AGV_01,TOTE_0712,station_3,KIT_0006_01,{'PART_04': 100},5760.0,0.5835762499063242,0.5657786308587052,0.004464285714285715,0.013333333333333334,0.0,0.4153846153846154,0.6,0.3,0.1,0.03,0.1,0.2,0.1,0.006,2.0,1200.0,0.30860728840533297,,,,
dispatch,4692.000000000005,AGV_07,TOTE_0886,station_2,KIT_0008_02,{'PART_05': 15},5760.0,0.5907356507982359,0.5693491360783878,0.02076923076923077,0.0006172839506172839,0.0,0.48205128205128206,0.6,0.3,0.1,0.03,0.1,0.2,0.1,0.006,2.0,1200.0,0.3062362622738133,,,,
dispatch,4694.000000000005,AGV_06,TOTE_0883,station_1,KIT_0008_01,{'PART_05': 15},5760.0,0.5864808425513979,0.5746955818227256,0.010572649572649574,0.0012126111560226355,0.0,0.48717948717948717,0.6,0.3,0.1,0.03,0.1,0.2,0.1,0.006,2.0,1200.0,0.30317055681289,,,,
kitting_started,4696.666666666668,AGV_08,TOTE_0694,station_3,KIT_0006_01,,,,,,,,,,,,,,,,,,,,,,,
dispatch,4699.333333333335,AGV_02,TOTE_0773,station_1,KIT_0008_01,{'PART_05': 15},5760.0,0.6005623104587446,0.5888903701059532,0.010444444444444442,0.0012274959083469722,0.0,0.5897435897435898,0.6,0.3,0.1,0.03,0.1,0.2,0.1,0.006,2.0,1200.0,0.30136302730088776,,,,
kitting_completed,4700.666666666668,AGV_09,TOTE_0625,station_4,KIT_0007_01,,,,,,,,,,,,,,,,,,,,"{'PART_01': 10, 'PART_03': 50}",False,,
kitting_completed,4706.666666666668,AGV_08,TOTE_0694,station_3,KIT_0006_01,,,,,,,,,,,,,,,,,,,,{'PART_04': 100},False,,
kitting_started,4706.666666666669,AGV_04,TOTE_0896,station_2,KIT_0008_02,,,,,,,,,,,,,,,,,,,,,,,
dispatch,4712.000000000001,AGV_10,TOTE_0684,station_4,KIT_0007_01,{'PART_03': 50},5760.0,0.6360126053605132,0.6221450839929918,0.0069230769230769216,0.006944444444444445,0.0,0.28205128205128205,0.6,0.3,0.1,0.03,0.1,0.2,0.1,0.006,2.0,1200.0,0.3534024350111797,,,,
kitting_started,4716.000000000002,AGV_05,TOTE_0015,station_4,KIT_0007_01,,,,,,,,,,,,,,,,,,,,,,,
kitting_completed,4716.666666666669,AGV_04,TOTE_0896,station_2,KIT_0008_02,,,,,,,,,,,,,,,,,,,,{'PART_05': 15},False,,
dispatch,4716.666666666671,AGV_03,TOTE_0791,station_2,KIT_0008_02,{'PART_05': 15},5760.0,0.6554631351893158,0.6342009915358677,0.02064102564102564,0.0006211180124223603,0.0,0.49230769230769234,0.6,0.3,0.1,0.03,0.1,0.2,0.1,0.006,2.0,1200.0,0.3440471118828202,,,,
kitting_started,4722.666666666668,AGV_01,TOTE_0712,station_3,KIT_0006_01,,,,,,,,,,,,,,,,,,,,,,,
kitting_started,4730.000000000004,AGV_07,TOTE_0886,station_2,KIT_0008_02,,,,,,,,,,,,,,,,,,,,,,,
kitting_completed,4732.666666666668,AGV_01,TOTE_0712,station_3,KIT_0006_01,,,,,,,,,,,,,,,,,,,,{'PART_04': 100},False,,
dispatch,4734.000000000001,AGV_09,TOTE_0730,station_3,KIT_0006_01,{'PART_04': 100},5760.0,0.6971163080856171,0.677862645081954,0.0038690476190476183,0.015384615384615385,0.0,0.441025641025641,0.6,0.3,0.1,0.03,0.1,0.2,0.1,0.006,2.0,1200.0,0.37416722074880615,,,,
kitting_started,4734.000000000005,AGV_06,TOTE_0883,station_1,KIT_0008_01,,,,,,,,,,,,,,,,,,,,,,,
dispatch,4738.666666666668,AGV_08,TOTE_0748,station_3,KIT_0006_01,{'PART_04': 100},5760.0,0.7107405402780471,0.6892849125724194,0.003273809523809522,0.018181818181818184,0.0,0.4153846153846154,0.6,0.3,0.1,0.03,0.1,0.2,0.1,0.006,2.0,1200.0,0.38490586262836674,,,,
kitting_completed,4740.000000000004,AGV_07,TOTE_0886,station_2,KIT_0008_02,,,,,,,,,,,,,,,,,,,,{'PART_05': 15},False,,
kitting_completed,4744.000000000005,AGV_06,TOTE_0883,station_1,KIT_0008_01,,,,,,,,,,,,,,,,,,,,{'PART_05': 15},False,,
kitting_started,4746.000000000002,AGV_02,TOTE_0773,station_1,KIT_0008_01,,,,,,,,,,,,,,,,,,,,,,,
dispatch,4748.666666666669,AGV_04,TOTE_0881,station_2,KIT_0008_02,{'PART_05': 15},5760.0,0.7343802413879574,0.7132424208751369,0.020512820512820513,0.0006250000000000001,0.0,0.49230769230769234,0.6,0.3,0.1,0.03,0.1,0.2,0.1,0.006,2.0,1200.0,0.3913973756020052,,,,
kitting_started,4755.333333333337,AGV_03,TOTE_0791,station_2,KIT_0008_02,,,,,,,,,,,,,,,,,,,,,,,
kitting_completed,4756.000000000002,AGV_02,TOTE_0773,station_1,KIT_0008_01,,,,,,,,,,,,,,,,,,,,{'PART_05': 15},False,,
dispatch,4764.666666666668,AGV_01,TOTE_0889,station_1,KIT_0008_01,{'PART_05': 15},5760.0,0.7615786815240014,0.7500196915863868,0.010316239316239314,0.0012427506213753107,0.0,0.5128205128205128,0.6,0.3,0.1,0.03,0.1,0.2,0.1,0.006,2.0,1200.0,0.40566515763234956,,,,
kitting_completed,4765.333333333337,AGV_03,TOTE_0791,station_2,KIT_0008_02,,,,,,,,,,,,,,,,,,,,{'PART_05': 15},False,,
kitting_started,4769.333333333334,AGV_09,TOTE_0730,station_3,KIT_0006_01,,,,,,,,,,,,,,,,,,,,,,,
dispatch,4774.666666666671,AGV_07,TOTE_0550,station_2,KIT_0008_02,{'PART_05': 15},5760.0,0.7930041065217877,0.7719905603195623,0.020384615384615386,0.000628930817610063,0.0,0.517948717948718,0.6,0.3,0.1,0.03,0.1,0.2,0.1,0.006,2.0,1200.0,0.42400759211820077,,,,
kitting_completed,4776.000000000002,AGV_05,TOTE_0015,station_4,KIT_0007_01,,,,,,,,,,,,,,,,,,,,{'PART_01': 60},False,,
kitting_started,4777.333333333335,AGV_10,TOTE_0684,station_4,KIT_0007_01,,,,,,,,,,,,,,,,,,,,,,,
dispatch,4777.333333333338,AGV_06,TOTE_0901,station_1,KIT_0008_01,{'PART_05': 15},5760.0,0.789161089683962,0.777714666234183,0.010188034188034188,0.0012583892617449664,0.0,0.4358974358974359,0.6,0.3,0.1,0.03,0.1,0.2,0.1,0.006,2.0,1200.0,0.4299069102206336,,,,
kitting_completed,4779.333333333334,AGV_09,TOTE_0730,station_3,KIT_0006_01,,,,,,,,,,,,,,,,,,,,{'PART_04': 100},False,,
kitting_started,4780.666666666667,AGV_08,TOTE_0748,station_3,KIT_0006_01,,,,,,,,,,,,,,,,,,,,,,,
kitting_completed,4787.333333333335,AGV_10,TOTE_0684,station_4,KIT_0007_01,,,,,,,,,,,,,,,,,,,,{'PART_03': 50},False,,
kitting_started,4787.333333333335,AGV_04,TOTE_0881,station_2,KIT_0008_02,,,,,,,,,,,,,,,,,,,,,,,
kitting_completed,4790.666666666667,AGV_08,TOTE_0748,station_3,KIT_0006_01,,,,,,,,,,,,,,,,,,,,{'PART_04': 100},False,,
dispatch,4796.000000000002,AGV_02,TOTE_0558,station_4,KIT_0007_01,{'PART_08': 12},5760.0,0.824409747122964,0.816176394654537,0.0064423076923076925,0.0017910447761194032,0.0,0.28205128205128205,0.6,0.3,0.1,0.03,0.1,0.2,0.1,0.006,2.0,1200.0,0.46644072006865017,,,,
dispatch,4796.000000000002,AGV_05,TOTE_0576,station_4,KIT_0007_01,{'PART_08': 12},5760.0,0.824327025938147,0.816176394654537,0.006326923076923077,0.00182370820668693,0.0,0.2564102564102564,0.6,0.3,0.1,0.03,0.1,0.2,0.1,0.006,2.0,1200.0,0.4689551899218625,,,,
kitting_completed,4797.333333333335,AGV_04,TOTE_0881,station_2,KIT_0008_02,,,,,,,,,,,,,,,,,,,,{'PART_05': 15},False,,
dispatch,4800.66666666667,AGV_03,TOTE_0899,station_2,KIT_0008_02,{'PART_05': 15},5760.0,0.8462405573051989,0.8253512356563836,0.020256410256410257,0.0006329113924050633,0.0,0.4666666666666667,0.6,0.3,0.1,0.03,0.1,0.2,0.1,0.006,2.0,1200.0,0.4610776677164526,,,,
kitting_started,4804.666666666667,AGV_01,TOTE_0889,station_1,KIT_0008_01,,,,,,,,,,,,,,,,,,,,,,,
dispatch,4807.333333333335,AGV_10,TOTE_0264,station_3,KIT_0006_01,{'PART_04': 400},5760.0,0.9297207566314055,0.8381532963139452,0.002678571428571429,0.08888888888888889,0.2,0.26153846153846155,0.6,0.3,0.1,0.03,0.1,0.2,0.1,0.006,2.0,1200.0,0.47167860782499715,,,,
dispatch,4811.333333333334,AGV_09,TOTE_0802,station_3,KIT_0006_01,{'PART_07': 5},5760.0,0.8559607197433636,0.8456631006957446,0.00029761904761904656,0.010000000000000002,0.0,0.4153846153846154,0.6,0.3,0.1,0.03,0.1,0.2,0.1,0.006,2.0,1200.0,0.4720379703075567,,,,
kitting_completed,4814.666666666667,AGV_01,TOTE_0889,station_1,KIT_0008_01,,,,,,,,,,,,,,,,,,,,{'PART_05': 15},False,,
kitting_started,4816.0,AGV_06,TOTE_0901,station_1,KIT_0008_01,,,,,,,,,,,,,,,,,,,,,,,
kitting_started,4816.666666666671,AGV_07,TOTE_0550,station_2,KIT_0008_02,,,,,,,,,,,,,,,,,,,,,,,
kitting_started,4819.333333333335,AGV_05,TOTE_0576,station_4,KIT_0007_01,,,,,,,,,,,,,,,,,,,,,,,
dispatch,4822.666666666667,AGV_08,TOTE_0874,station_1,KIT_0008_01,{'PART_05': 15},5760.0,0.8775829455263486,0.8662486899584482,0.01005982905982906,0.001274426508071368,0.0,0.5384615384615384,0.6,0.3,0.1,0.03,0.1,0.2,0.1,0.006,2.0,1200.0,0.4727036134696553,,,,
kitting_completed,4826.0,AGV_06,TOTE_0901,station_1,KIT_0008_01,,,,,,,,,,,,,,,,,,,,{'PART_05': 15},False,,
kitting_completed,4826.666666666671,AGV_07,TOTE_0550,station_2,KIT_0008_02,,,,,,,,,,,,,,,,,,,,{'PART_05': 15},False,,
kitting_completed,4829.333333333335,AGV_05,TOTE_0576,station_4,KIT_0007_01,,,,,,,,,,,,,,,,,,,,{'PART_08': 12},False,,
kitting_started,4830.666666666668,AGV_02,TOTE_0558,station_4,KIT_0007_01,,,,,,,,,,,,,,,,,,,,,,,
kitting_started,4832.666666666668,AGV_10,TOTE_0264,station_3,KIT_0006_01,,,,,,,,,,,,,,,,,,,,,,,
dispatch,4832.666666666668,AGV_04,TOTE_0594,station_4,KIT_0007_01,{'PART_08': 12},5760.0,0.8916430352969119,0.8835739116960546,0.006211538461538463,0.0018575851393188856,0.0,0.28205128205128205,0.6,0.3,0.1,0.03,0.1,0.2,0.1,0.006,2.0,1200.0,0.5067806929730189,,,,
kitting_started,4836.000000000003,AGV_03,TOTE_0899,station_2,KIT_0008_02,,,,,,,,,,,,,,,,,,,,,,,
kitting_completed,4840.666666666668,AGV_02,TOTE_0558,station_4,KIT_0007_01,,,,,,,,,,,,,,,,,,,,{'PART_08': 12},False,,
kitting_completed,4846.000000000003,AGV_03,TOTE_0899,station_2,KIT_0008_02,,,,,,,,,,,,,,,,,,,,{'PART_05': 15},False,,
dispatch,4849.333333333335,AGV_05,TOTE_0590,station_4,KIT_0007_01,{'PART_08': 12},5760.0,0.9187352723765798,0.9107463740509307,0.0060961538461538475,0.0018927444794952682,0.0,0.41025641025641024,0.6,0.3,0.1,0.03,0.1,0.2,0.1,0.006,2.0,1200.0,0.5102155224003069,,,,
dispatch,4851.333333333334,AGV_01,TOTE_0892,station_2,KIT_0008_02,{'PART_05': 15},5760.0,0.9346324107644328,0.9138672629610685,0.02012820512820513,0.0006369426751592357,0.0,0.49230769230769234,0.6,0.3,0.1,0.03,0.1,0.2,0.1,0.006,2.0,1200.0,0.5115486772278904,,,,
dispatch,4859.333333333333,AGV_06,TOTE_0901,station_1,KIT_0008_01,{'PART_05': 15},5760.0,0.9372808374836247,0.9260583357550989,0.009931623931623931,0.0012908777969018934,0.0,0.4358974358974359,0.6,0.3,0.1,0.03,0.1,0.2,0.1,0.006,2.0,1200.0,0.5187787589004312,,,,
kitting_started,4859.333333333335,AGV_04,TOTE_0594,station_4,KIT_0007_01,,,,,,,,,,,,,,,,,,,,,,,
dispatch,4860.666666666668,AGV_02,TOTE_0279,station_2,KIT_0008_02,{'PART_04': 400},5760.0,0.9651391973868133,0.9280451802927961,0.02,0.017094017094017096,0.2,0.28717948717948716,0.6,0.3,0.1,0.03,0.1,0.2,0.1,0.006,2.0,1200.0,0.4903655697141392,,,,
kitting_started,4862.666666666667,AGV_08,TOTE_0874,station_1,KIT_0008_01,,,,,,,,,,,,,,,,,,,,,,,
kitting_completed,4869.333333333335,AGV_04,TOTE_0594,station_4,KIT_0007_01,,,,,,,,,,,,,,,,,,,,{'PART_08': 12},False,,
dispatch,4869.333333333335,AGV_07,TOTE_0623,station_4,KIT_0007_01,{'PART_03': 50},5760.0,0.9546712875937289,0.9406519331539565,0.00598076923076923,0.008038585209003217,0.0,0.4358974358974359,0.6,0.3,0.1,0.03,0.1,0.2,0.1,0.006,2.0,1200.0,0.5292130289664938,,,,
kitting_completed,4872.666666666667,AGV_08,TOTE_0874,station_1,KIT_0008_01,,,,,,,,,,,,,,,,,,,,{'PART_05': 15},False,,
kitting_completed,4872.666666666668,AGV_10,TOTE_0264,station_3,KIT_0006_01,,,,,,,,,,,,,,,,,,,,{'PART_04': 400},False,,
kitting_started,4874.000000000001,AGV_09,TOTE_0802,station_3,KIT_0006_01,,,,,,,,,,,,,,,,,,,,,,,
dispatch,4881.333333333336,AGV_03,TOTE_0820,station_3,KIT_0006_01,{'PART_07': 5},5760.0,0.9686263508479352,0.957247382593967,0.0002678571428571419,0.011111111111111112,0.0,0.517948717948718,0.6,0.3,0.1,0.03,0.1,0.2,0.1,0.006,2.0,1200.0,0.5293809387138892,,,,
kitting_completed,4884.000000000001,AGV_09,TOTE_0802,station_3,KIT_0006_01,,,,,,,,,,,,,,,,,,,,{'PART_07': 5},False,,
kitting_started,4886.000000000001,AGV_05,TOTE_0590,station_4,KIT_0007_01,,,,,,,,,,,,,,,,,,,,,,,
kitting_started,4889.333333333334,AGV_02,TOTE_0279,station_2,KIT_0008_02,,,,,,,,,,,,,,,,,,,,,,,
dispatch,4889.333333333335,AGV_04,TOTE_0480,station_3,KIT_0006_01,{'PART_07': 25},5760.0,1.0305119864892736,0.9677738912511783,0.00023809523809523723,0.0625,0.2,0.26153846153846155,0.6,0.3,0.1,0.03,0.1,0.2,0.1,0.006,2.0,1200.0,0.5321533457397178,,,,
dispatch,4891.333333333335,AGV_10,TOTE_0881,station_1,KIT_0008_01,{'PART_05': 15},5760.0,0.9814512948321249,0.9703401166564306,0.009803418803418803,0.0013077593722755014,0.0,0.6410256410256411,0.6,0.3,0.1,0.03,0.1,0.2,0.1,0.006,2.0,1200.0,0.5247682127967108,,,,
kitting_started,4892.666666666666,AGV_06,TOTE_0901,station_1,KIT_0008_01,,,,,,,,,,,,,,,,,,,,,,,
kitting_completed,4896.000000000001,AGV_05,TOTE_0590,station_4,KIT_0007_01,,,,,,,,,,,,,,,,,,,,{'PART_08': 12},False,,
kitting_completed,4902.666666666666,AGV_06,TOTE_0901,station_1,KIT_0008_01,,,,,,,,,,,,,,,,,,,,{'PART_05': 15},False,,
kitting_started,4906.000000000002,AGV_07,TOTE_0623,station_4,KIT_0007_01,,,,,,,,,,,,,,,,,,,,,,,
dispatch,4912.666666666667,AGV_08,TOTE_0713,station_4,KIT_0007_01,{'PART_03': 50},5760.0,1.0103893523004266,0.9961480935591678,0.0055000000000000005,0.008741258741258742,0.0,0.4358974358974359,0.6,0.3,0.1,0.03,0.1,0.2,0.1,0.006,2.0,1200.0,0.5626438677905123,,,,
kitting_started,4914.666666666668,AGV_04,TOTE_0480,station_3,KIT_0006_01,,,,,,,,,,,,,,,,,,,,,,,
dispatch,4916.000000000001,AGV_09,TOTE_0991,station_1,KIT_0008_01,{'PART_09': 34},5760.0,1.0126096812229552,0.9999309339788368,0.009675213675213677,0.0030035335689045936,0.07999999999999999,0.5128205128205128,0.6,0.3,0.1,0.03,0.1,0.2,0.1,0.006,2.0,1200.0,0.5322837574517217,,,,
kitting_completed,4916.000000000002,AGV_07,TOTE_0623,station_4,KIT_0007_01,,,,,,,,,,,,,,,,,,,,{'PART_03': 50},False,,
dispatch,4922.666666666668,AGV_05,TOTE_0731,station_4,KIT_0007_01,{'PART_03': 50},5760.0,1.0219004129630724,1.007302638132539,0.005019230769230768,0.009578544061302683,0.0,0.41025641025641024,0.6,0.3,0.1,0.03,0.1,0.2,0.1,0.006,2.0,1200.0,0.5721146067522025,,,,
kitting_completed,4929.333333333334,AGV_02,TOTE_0279,station_2,KIT_0008_02,,,,,,,,,,,,,,,,,,,,{'PART_04': 400},False,,
kitting_started,4930.666666666667,AGV_01,TOTE_0892,station_2,KIT_0008_02,,,,,,,,,,,,,,,,,,,,,,,
dispatch,4935.999999999999,AGV_06,TOTE_0297,station_2,KIT_0008_02,{'PART_04': 400},5760.0,1.0584948892948467,1.0212951360126192,0.01658119658119658,0.020618556701030927,0.2,0.3641025641025641,0.6,0.3,0.1,0.03,0.1,0.2,0.1,0.006,2.0,1200.0,0.5386866771666516,,,,
kitting_completed,4940.666666666667,AGV_01,TOTE_0892,station_2,KIT_0008_02,,,,,,,,,,,,,,,,,,,,{'PART_05': 15},False,,
kitting_started,4944.666666666668,AGV_10,TOTE_0881,station_1,KIT_0008_01,,,,,,,,,,,,,,,,,,,,,,,
dispatch,4946.000000000002,AGV_07,TOTE_0315,station_2,KIT_0008_02,{'PART_04': 400},5760.0,1.070296720376436,1.0311603012400168,0.013162393162393161,0.025974025974025972,0.2,0.28717948717948716,0.6,0.3,0.1,0.03,0.1,0.2,0.1,0.006,2.0,1200.0,0.5534600835079129,,,,
kitting_started,4949.333333333334,AGV_08,TOTE_0713,station_4,KIT_0007_01,,,,,,,,,,,,,,,,,,,,,,,
kitting_completed,4954.666666666668,AGV_10,TOTE_0881,station_1,KIT_0008_01,,,,,,,,,,,,,,,,,,,,{'PART_05': 15},False,,
dispatch,4954.666666666668,AGV_02,TOTE_0258,station_1,KIT_0008_01,{'PART_04': 400},5760.0,1.085108616905297,1.0392941290252355,0.009384615384615384,0.03642987249544626,0.2,0.2564102564102564,0.6,0.3,0.1,0.03,0.1,0.2,0.1,0.006,2.0,1200.0,0.5654241445021525,,,,
kitting_completed,4959.333333333334,AGV_08,TOTE_0713,station_4,KIT_0007_01,,,,,,,,,,,,,,,,,,,,{'PART_03': 50},False,,
kitting_started,4959.333333333334,AGV_09,TOTE_0991,station_1,KIT_0008_01,,,,,,,,,,,,,,,,,,,,,,,
kitting_started,4960.666666666667,AGV_05,TOTE_0731,station_4,KIT_0007_01,,,,,,,,,,,,,,,,,,,,,,,
kitting_completed,4964.666666666668,AGV_04,TOTE_0480,station_3,KIT_0006_01,,,,,,,,,,,,,,,,,,,,{'PART_07': 25},False,,
kitting_started,4966.000000000001,AGV_03,TOTE_0820,station_3,KIT_0006_01,,,,,,,,,,,,,,,,,,,,,,,
kitting_completed,4970.666666666667,AGV_05,TOTE_0731,station_4,KIT_0007_01,,,,,,,,,,,,,,,,,,,,{'PART_03': 50},False,,
kitting_started,4974.666666666665,AGV_06,TOTE_0297,station_2,KIT_0008_02,,,,,,,,,,,,,,,,,,,,,,,
dispatch,4976.0,AGV_01,TOTE_0479,station_3,KIT_0006_01,{'PART_07': 15},5760.0,1.1578569526885414,1.0577676669742555,8.928571428571396e-05,0.1,0.0,0.3641025641025641,0.6,0.3,0.1,0.03,0.1,0.2,0.1,0.006,2.0,1200.0,0.6583039152028684,,,,
kitting_completed,4976.000000000001,AGV_03,TOTE_0820,station_3,KIT_0006_01,,,,,,,,,,,,,,,,,,,,{'PART_07': 5},False,,
kitting_completed,4979.333333333334,AGV_09,TOTE_0991,station_1,KIT_0008_01,,,,,,,,,,,,,,,,,,,,{'PART_09': 34},False,,
kitting_started,4980.666666666667,AGV_02,TOTE_0258,station_1,KIT_0008_01,,,,,,,,,,,,,,,,,,,,,,,
dispatch,4983.333333333335,AGV_04,TOTE_0566,station_4,KIT_0007_01,{'PART_08': 12},5760.0,1.0707192329109523,1.0636383984911348,0.004538461538461539,0.0025423728813559325,0.0,0.5128205128205128,0.6,0.3,0.1,0.03,0.1,0.2,0.1,0.006,2.0,1200.0,0.59114948846452,,,,
dispatch,4989.333333333334,AGV_08,TOTE_0486,station_4,KIT_0007_01,{'PART_08': 60},5760.0,1.0857357182695082,1.0682691630855619,0.004423076923076924,0.013043478260869566,0.0,0.3333333333333333,0.6,0.3,0.1,0.03,0.1,0.2,0.1,0.006,2.0,1200.0,0.6181080976283716,,,,
dispatch,4994.666666666668,AGV_10,TOTE_0510,station_1,KIT_0008_01,{'PART_09': 200},5760.0,1.1068780406461582,1.0722589335514066,0.005965811965811966,0.028653295128939826,0.2,0.38461538461538464,0.6,0.3,0.1,0.03,0.1,0.2,0.1,0.006,2.0,1200.0,0.5656652859261565,,,,
kitting_started,5008.0,AGV_01,TOTE_0479,station_3,KIT_0006_01,,,,,,,,,,,,,,,,,,,,,,,
kitting_completed,5014.666666666665,AGV_06,TOTE_0297,station_2,KIT_0008_02,,,,,,,,,,,,,,,,,,,,{'PART_04': 400},False,,
dispatch,5014.666666666665,AGV_05,TOTE_0282,station_2,KIT_0008_02,{'PART_04': 400},5760.0,1.1310451068878438,1.0862137978460082,0.009743589743589742,0.03508771929824561,0.2,0.3128205128205128,0.6,0.3,0.1,0.03,0.1,0.2,0.1,0.006,2.0,1200.0,0.587345012850655,,,,
kitting_started,5015.999999999998,AGV_07,TOTE_0315,station_2,KIT_0008_02,,,,,,,,,,,,,,,,,,,,,,,
kitting_completed,5020.666666666667,AGV_02,TOTE_0258,station_1,KIT_0008_01,,,,,,,,,,,,,,,,,,,,{'PART_04': 400},False,,
dispatch,5020.666666666667,AGV_03,TOTE_0507,station_1,KIT_0008_01,{'PART_09': 128},5760.0,1.1200653651028343,1.090106143601444,0.004256410256410258,0.025702811244979917,0.15999999999999998,0.3333333333333333,0.6,0.3,0.1,0.03,0.1,0.2,0.1,0.006,2.0,1200.0,0.5907058857283671,,,,
kitting_started,5022.666666666667,AGV_08,TOTE_0486,station_4,KIT_0007_01,,,,,,,,,,,,,,,,,,,,,,,
kitting_started,5034.666666666668,AGV_10,TOTE_0510,station_1,KIT_0008_01,,,,,,,,,,,,,,,,,,,,,,,
kitting_completed,5038.0,AGV_01,TOTE_0479,station_3,KIT_0006_01,,,,,,,,,,,,,,,,,,,,{'PART_07': 15},True,,
kitting_completed,5055.999999999998,AGV_07,TOTE_0315,station_2,KIT_0008_02,,,,,,,,,,,,,,,,,,,,{'PART_04': 400},False,,
dispatch,5055.999999999998,AGV_06,TOTE_0513,station_2,KIT_0008_02,{'PART_09': 200},5760.0,1.143898842239184,1.1105470288873707,0.0063247863247863235,0.02702702702702703,0.2,0.21025641025641026,0.6,0.3,0.1,0.03,0.1,0.2,0.1,0.006,2.0,1200.0,0.6053136643178694,,,,
kitting_started,5057.333333333331,AGV_05,TOTE_0282,station_2,KIT_0008_02,,,,,,,,,,,,,,,,,,,,,,,
kitting_completed,5072.666666666667,AGV_08,TOTE_0486,station_4,KIT_0007_01,,,,,,,,,,,,,,,,,,,,{'PART_08': 60},False,,
dispatch,5072.666666666667,AGV_09,TOTE_0643,station_4,KIT_0007_01,{'PART_03': 50},5760.0,1.1352042196969607,1.118858065850807,0.0038461538461538455,0.0125,0.0,0.5128205128205128,0.6,0.3,0.1,0.03,0.1,0.2,0.1,0.006,2.0,1200.0,0.6298404805361251,,,,
kitting_started,5074.0,AGV_04,TOTE_0566,station_4,KIT_0007_01,,,,,,,,,,,,,,,,,,,,,,,
kitting_completed,5084.0,AGV_04,TOTE_0566,station_4,KIT_0007_01,,,,,,,,,,,,,,,,,,,,{'PART_08': 12},False,,
dispatch,5084.0,AGV_01,TOTE_0661,station_4,KIT_0007_01,{'PART_03': 50},5760.0,1.141725702241233,1.124074603340134,0.0033653846153846164,0.014285714285714285,0.0,0.5128205128205128,0.6,0.3,0.1,0.03,0.1,0.2,0.1,0.006,2.0,1200.0,0.6337533700626885,,,,
kitting_completed,5084.666666666668,AGV_10,TOTE_0510,station_1,KIT_0008_01,,,,,,,,,,,,,,,,,,,,{'PART_09': 200},False,,
dispatch,5084.666666666668,AGV_07,TOTE_0261,station_1,KIT_0008_01,{'PART_04': 200},5760.0,1.1815874950640648,1.1243710478476174,0.003162393162393163,0.05405405405405406,0.2,0.28205128205128205,0.6,0.3,0.1,0.03,0.1,0.2,0.1,0.006,2.0,1200.0,0.6207473688333106,,,,
kitting_started,5086.000000000001,AGV_03,TOTE_0507,station_1,KIT_0008_01,,,,,,,,,,,,,,,,,,,,,,,
kitting_completed,5097.333333333331,AGV_05,TOTE_0282,station_2,KIT_0008_02,,,,,,,,,,,,,,,,,,,,{'PART_04': 400},False,,
dispatch,5097.333333333331,AGV_02,TOTE_0516,station_2,KIT_0008_02,{'PART_09': 200},5760.0,1.171445736354856,1.1297933147024344,0.004615384615384616,0.037037037037037035,0.2,0.3128205128205128,0.6,0.3,0.1,0.03,0.1,0.2,0.1,0.006,2.0,1200.0,0.6115853905308624,,,,
kit_replacement,5098.0,,,station_3,,,,,,,,,,,,,,,,,,,,,,,KIT_0006_01,KIT_0009_01
dispatch,5098.0,AGV_08,TOTE_0531,station_3,KIT_0009_01,{'PART_10': 107},5760.0,1.1653518639860252,1.1300679133687412,0.03,0.005283950617283951,-0.37599999999999983,0.3384615384615385,0.6,0.3,0.1,0.03,0.1,0.2,0.1,0.006,2.0,1200.0,0.7781649645454611,,,,
kitting_started,5098.666666666664,AGV_06,TOTE_0513,station_2,KIT_0008_02,,,,,,,,,,,,,,,,,,,,,,,
dispatch,5104.666666666668,AGV_10,TOTE_0704,station_3,KIT_0009_01,"{'PART_01': 10, 'PART_10': 25}",5760.0,1.1629963537677939,1.1327567214347307,0.028414814814814813,0.0018248175182481751,0.0,0.5435897435897435,0.6,0.3,0.1,0.03,0.1,0.2,0.1,0.006,2.0,1200.0,0.643438837901702,,,,
kitting_started,5119.333333333333,AGV_09,TOTE_0643,station_4,KIT_0007_01,,,,,,,,,,,,,,,,,,,,,,,
kitting_completed,5129.333333333333,AGV_09,TOTE_0643,station_4,KIT_0007_01,,,,,,,,,,,,,,,,,,,,{'PART_03': 50},False,,
dispatch,5129.333333333333,AGV_04,TOTE_0679,station_4,KIT_0007_01,{'PART_03': 50},5760.0,1.1614037266471944,1.1418524445959124,0.0028846153846153843,0.016666666666666666,0.0,0.5384615384615384,0.6,0.3,0.1,0.03,0.1,0.2,0.1,0.006,2.0,1200.0,0.6429960821421628,,,,
kitting_started,5130.0,AGV_08,TOTE_0531,station_3,KIT_0009_01,,,,,,,,,,,,,,,,,,,,,,,
kitting_started,5130.666666666666,AGV_01,TOTE_0661,station_4,KIT_0007_01,,,,,,,,,,,,,,,,,,,,,,,
kitting_completed,5136.000000000001,AGV_03,TOTE_0507,station_1,KIT_0008_01,,,,,,,,,,,,,,,,,,,,{'PART_09': 128},False,,
dispatch,5136.000000000001,AGV_05,TOTE_0615,station_1,KIT_0008_01,{'PART_04': 100},5760.0,1.2043723896001035,1.1440958687353473,0.0014529914529914521,0.05882352941176471,0.2,0.3076923076923077,0.6,0.3,0.1,0.03,0.1,0.2,0.1,0.006,2.0,1200.0,0.6318542029908313,,,,
kitting_started,5137.333333333334,AGV_07,TOTE_0261,station_1,KIT_0008_01,,,,,,,,,,,,,,,,,,,,,,,
kitting_completed,5140.666666666666,AGV_01,TOTE_0661,station_4,KIT_0007_01,,,,,,,,,,,,,,,,,,,,{'PART_03': 50},False,,
kitting_completed,5148.666666666664,AGV_06,TOTE_0513,station_2,KIT_0008_02,,,,,,,,,,,,,,,,,,,,{'PART_09': 200},False,,
kitting_started,5149.999999999997,AGV_02,TOTE_0516,station_2,KIT_0008_02,,,,,,,,,,,,,,,,,,,,,,,
dispatch,5156.000000000001,AGV_03,TOTE_0507,station_2,KIT_0008_02,{'PART_09': 72},5760.0,1.1744100559911799,1.1503276024969615,0.0029059829059829042,0.021176470588235297,0.040000000000000036,0.30256410256410254,0.6,0.3,0.1,0.03,0.1,0.2,0.1,0.006,2.0,1200.0,0.6623896233382977,,,,
kitting_completed,5157.333333333334,AGV_07,TOTE_0261,station_1,KIT_0008_01,,,,,,,,,,,,,,,,,,,,{'PART_04': 200},False,,
dispatch,5162.666666666666,AGV_09,TOTE_0697,station_4,KIT_0007_01,{'PART_03': 50},5760.0,1.1746525729536166,1.1522487267997703,0.0024038461538461553,0.020000000000000004,0.0,0.4358974358974359,0.6,0.3,0.1,0.03,0.1,0.2,0.1,0.006,2.0,1200.0,0.6612018001824264,,,,
kitting_started,5166.000000000001,AGV_05,TOTE_0615,station_1,KIT_0008_01,,,,,,,,,,,,,,,,,,,,,,,
dispatch,5167.333333333331,AGV_06,TOTE_0276,station_1,KIT_0008_01,{'PART_04': 50},5760.0,1.2255766069019498,1.1535497448750878,0.0005982905982905984,0.07142857142857144,0.4,0.2564102564102564,0.6,0.3,0.1,0.03,0.1,0.2,0.1,0.006,2.0,1200.0,0.5897049385001442,,,,
kitting_started,5175.999999999999,AGV_04,TOTE_0679,station_4,KIT_0007_01,,,,,,,,,,,,,,,,,,,,,,,
kitting_completed,5176.000000000001,AGV_05,TOTE_0615,station_1,KIT_0008_01,,,,,,,,,,,,,,,,,,,,{'PART_04': 100},False,,
dispatch,5176.000000000001,AGV_01,TOTE_0114,station_1,KIT_0008_01,{'PART_02': 10},5760.0,1.20604477279581,1.1558738326248696,0.00017094017094017143,0.05,0.4,0.41025641025641024,0.6,0.3,0.1,0.03,0.1,0.2,0.1,0.006,2.0,1200.0,0.562601222651845,,,,
kitting_completed,5185.999999999999,AGV_04,TOTE_0679,station_4,KIT_0007_01,,,,,,,,,,,,,,,,,,,,{'PART_03': 50},False,,
dispatch,5185.999999999999,AGV_07,TOTE_0195,station_4,KIT_0007_01,{'PART_03': 200},5760.0,1.2603362039030785,1.1584131269800015,0.0019230769230769227,0.1,0.2,0.28205128205128205,0.6,0.3,0.1,0.03,0.1,0.2,0.1,0.006,2.0,1200.0,0.6679965941367189,,,,
kitting_completed,5190.0,AGV_08,TOTE_0531,station_3,KIT_0009_01,,,,,,,,,,,,,,,,,,,,{'PART_10': 107},False,,
kitting_started,5190.666666666664,AGV_06,TOTE_0276,station_1,KIT_0008_01,,,,,,,,,,,,,,,,,,,,,,,
kitting_started,5191.333333333333,AGV_10,TOTE_0704,station_3,KIT_0009_01,,,,,,,,,,,,,,,,,,,,,,,
kitting_started,5195.999999999999,AGV_09,TOTE_0697,station_4,KIT_0007_01,,,,,,,,,,,,,,,,,,,,,,,
dispatch,5196.000000000001,AGV_05,TOTE_0722,station_3,KIT_0009_01,"{'PART_01': 10, 'PART_10': 25}",5760.0,1.1905630158544669,1.160807983498691,0.027896296296296298,0.001858736059479554,0.0,0.517948717948718,0.6,0.3,0.1,0.03,0.1,0.2,0.1,0.006,2.0,1200.0,0.6625429377178083,,,,
kitting_completed,5199.999999999997,AGV_02,TOTE_0516,station_2,KIT_0008_02,,,,,,,,,,,,,,,,,,,,{'PART_09': 200},False,,
kitting_started,5201.33333333333,AGV_03,TOTE_0507,station_2,KIT_0008_02,,,,,,,,,,,,,,,,,,,,,,,
kitting_completed,5205.999999999999,AGV_09,TOTE_0697,station_4,KIT_0007_01,,,,,,,,,,,,,,,,,,,,{'PART_03': 50},False,,
kitting_completed,5210.666666666664,AGV_06,TOTE_0276,station_1,KIT_0008_01,,,,,,,,,,,,,,,,,,,,{'PART_04': 50},False,,
kitting_completed,5211.333333333333,AGV_10,TOTE_0704,station_3,KIT_0009_01,,,,,,,,,,,,,,,,,,,,"{'PART_01': 10, 'PART_10': 25}",False,,
dispatch,5212.0,AGV_08,TOTE_0802,station_3,KIT_0009_01,"{'PART_01': 10, 'PART_02': 20, 'PART_05': 15, 'PART_10': 25}",5760.0,1.1955248449250062,1.1643591883593496,0.02737777777777778,0.003787878787878788,0.0,0.5435897435897435,0.6,0.3,0.1,0.03,0.1,0.2,0.1,0.006,2.0,1200.0,0.6629559325960293,,,,
kitting_started,5212.666666666666,AGV_07,TOTE_0195,station_4,KIT_0007_01,,,,,,,,,,,,,,,,,,,,,,,
dispatch,5219.333333333332,AGV_04,TOTE_0606,station_2,KIT_0008_02,{'PART_04': 100},5760.0,1.2054825851879432,1.165878554061524,0.002290598290598291,0.0373134328358209,0.2,0.38974358974358975,0.6,0.3,0.1,0.03,0.1,0.2,0.1,0.006,2.0,1200.0,0.6243151921384069,,,,
kitting_started,5219.333333333334,AGV_01,TOTE_0114,station_1,KIT_0008_01,,,,,,,,,,,,,,,,,,,,,,,
dispatch,5221.999999999997,AGV_02,TOTE_0348,station_1,KIT_0008_01,{'PART_05': 10},5760.0,1.2665004729508227,1.1664150028653526,8.547008547008405e-05,0.1,0.5333333333333335,0.28205128205128205,0.6,0.3,0.1,0.03,0.1,0.2,0.1,0.006,2.0,1200.0,0.5716951555653653,,,,
kitting_completed,5231.33333333333,AGV_03,TOTE_0507,station_2,KIT_0008_02,,,,,,,,,,,,,,,,,,,,{'PART_09': 72},False,,
dispatch,5231.33333333333,AGV_06,TOTE_0276,station_2,KIT_0008_02,{'PART_04': 50},5760.0,1.1994254304020933,1.1682276282042912,0.0014358974358974375,0.029761904761904764,-0.4,0.2512820512820513,0.6,0.3,0.1,0.03,0.1,0.2,0.1,0.006,2.0,1200.0,0.8145270531130508,,,,
kitting_started,5238.000000000001,AGV_05,TOTE_0722,station_3,KIT_0009_01,,,,,,,,,,,,,,,,,,,,,,,
kitting_completed,5239.333333333334,AGV_01,TOTE_0114,station_1,KIT_0008_01,,,,,,,,,,,,,,,,,,,,{'PART_02': 10},False,,
kitting_started,5248.666666666664,AGV_02,TOTE_0348,station_1,KIT_0008_01,,,,,,,,,,,,,,,,,,,,,,,
kitting_started,5252.666666666663,AGV_06,TOTE_0276,station_2,KIT_0008_02,,,,,,,,,,,,,,,,,,,,,,,
kitting_completed,5252.666666666666,AGV_07,TOTE_0195,station_4,KIT_0007_01,,,,,,,,,,,,,,,,,,,,{'PART_03': 200},True,,
kitting_completed,5258.000000000001,AGV_05,TOTE_0722,station_3,KIT_0009_01,,,,,,,,,,,,,,,,,,,,"{'PART_01': 10, 'PART_10': 25}",False,,
dispatch,5258.000000000001,AGV_09,TOTE_0676,station_3,KIT_0009_01,"{'PART_01': 10, 'PART_02': 20, 'PART_05': 15}",5760.0,1.2017610768946845,1.1728894025206478,0.02634074074074074,0.0025309336332958385,0.0,0.441025641025641,0.6,0.3,0.1,0.03,0.1,0.2,0.1,0.006,2.0,1200.0,0.6769540820342466,,,,
kitting_started,5260.666666666667,AGV_08,TOTE_0802,station_3,KIT_0009_01,,,,,,,,,,,,,,,,,,,,,,,
kitting_completed,5268.666666666664,AGV_02,TOTE_0348,station_1,KIT_0008_01,,,,,,,,,,,,,,,,,,,,{'PART_05': 10},True,,
kitting_completed,5272.666666666663,AGV_06,TOTE_0276,station_2,KIT_0008_02,,,,,,,,,,,,,,,,,,,,{'PART_04': 50},False,,
dispatch,5272.666666666663,AGV_01,TOTE_0114,station_2,KIT_0008_02,{'PART_02': 10},5760.0,1.18464030731324,1.1751571840335067,0.0010085470085470071,0.00847457627118644,-0.2,0.2512820512820513,0.6,0.3,0.1,0.03,0.1,0.2,0.1,0.006,2.0,1200.0,0.7456559792597388,,,,
kitting_started,5273.999999999996,AGV_04,TOTE_0606,station_2,KIT_0008_02,,,,,,,,,,,,,,,,,,,,,,,
kitting_completed,5283.999999999996,AGV_04,TOTE_0606,station_2,KIT_0008_02,,,,,,,,,,,,,,,,,,,,{'PART_04': 100},False,,
dispatch,5283.999999999996,AGV_07,TOTE_0675,station_2,KIT_0008_02,{'PART_09': 40},5760.0,1.2147397759157526,1.1767796619556385,0.0009230769230769231,0.037037037037037035,0.2,0.26153846153846155,0.6,0.3,0.1,0.03,0.1,0.2,0.1,0.006,2.0,1200.0,0.6426900193956053,,,,
kitting_started,5293.999999999996,AGV_01,TOTE_0114,station_2,KIT_0008_02,,,,,,,,,,,,,,,,,,,,,,,
kitting_completed,5300.666666666667,AGV_08,TOTE_0802,station_3,KIT_0009_01,,,,,,,,,,,,,,,,,,,,"{'PART_01': 10, 'PART_02': 20, 'PART_05': 15, 'PART_10': 25}",False,,
dispatch,5300.666666666667,AGV_06,TOTE_0348,station_3,KIT_0009_01,{'PART_05': 80},5760.0,1.2092666501283746,1.1789763036942311,0.025674074074074075,0.004616272360069245,-0.33333333333333354,0.3128205128205128,0.6,0.3,0.1,0.03,0.1,0.2,0.1,0.006,2.0,1200.0,0.7942779387949735,,,,
kitting_started,5302.0,AGV_09,TOTE_0676,station_3,KIT_0009_01,,,,,,,,,,,,,,,,,,,,,,,
kit_replacement,5312.666666666666,,,station_4,,,,,,,,,,,,,,,,,,,,,,,KIT_0007_01,KIT_0009_02
dispatch,5312.666666666666,AGV_04,TOTE_0575,station_4,KIT_0009_02,{'PART_02': 20},5760.0,1.2114164246227528,1.180428770301765,0.03,0.0009876543209876543,0.0,0.5128205128205128,0.6,0.3,0.1,0.03,0.1,0.2,0.1,0.006,2.0,1200.0,0.6755678034916003,,,,
dispatch,5312.666666666666,AGV_02,TOTE_0794,station_4,KIT_0009_02,"{'PART_01': 10, 'PART_10': 25}",5760.0,1.2118781099156932,1.180428770301765,0.029703703703703704,0.001745635910224439,0.0,0.5384615384615384,0.6,0.3,0.1,0.03,0.1,0.2,0.1,0.006,2.0,1200.0,0.673280712103262,,,,
kitting_completed,5313.999999999996,AGV_01,TOTE_0114,station_2,KIT_0008_02,,,,,,,,,,,,,,,,,,,,{'PART_02': 10},False,,
dispatch,5313.999999999996,AGV_03,TOTE_0711,station_2,KIT_0008_02,{'PART_09': 40},5760.0,1.2399885912154345,1.1805838652224732,0.0005811965811965802,0.05882352941176471,0.2,0.26153846153846155,0.6,0.3,0.1,0.03,0.1,0.2,0.1,0.006,2.0,1200.0,0.6578393085754144,,,,
kitting_started,5315.333333333329,AGV_07,TOTE_0675,station_2,KIT_0008_02,,,,,,,,,,,,,,,,,,,,,,,
kitting_completed,5325.333333333329,AGV_07,TOTE_0675,station_2,KIT_0008_02,,,,,,,,,,,,,,,,,,,,{'PART_09': 40},False,,
dispatch,5325.333333333329,AGV_10,TOTE_0729,station_2,KIT_0008_02,{'PART_09': 18},5760.0,1.2463788013482797,1.1818537708232493,0.00023931623931624068,0.0642857142857143,0.36,0.3128205128205128,0.6,0.3,0.1,0.03,0.1,0.2,0.1,0.006,2.0,1200.0,0.6085452295269165,,,,
kit_replacement,5328.666666666664,,,station_1,,,,,,,,,,,,,,,,,,,,,,,KIT_0008_01,KIT_0010_01
dispatch,5328.666666666664,AGV_05,TOTE_0740,station_1,KIT_0010_01,"{'PART_01': 10, 'PART_03': 50}",5760.0,1.214484024053557,1.1822112967808298,0.03,0.002272727272727273,0.0,0.3333333333333333,0.6,0.3,0.1,0.03,0.1,0.2,0.1,0.006,2.0,1200.0,0.6953570810988009,,,,
kitting_completed,5332.0,AGV_09,TOTE_0676,station_3,KIT_0009_01,,,,,,,,,,,,,,,,,,,,"{'PART_01': 10, 'PART_02': 20, 'PART_05': 15}",False,,
dispatch,5332.666666666667,AGV_08,TOTE_0820,station_3,KIT_0009_01,"{'PART_01': 10, 'PART_02': 20, 'PART_05': 15, 'PART_10': 25}",5760.0,1.2113547014794286,1.182631087847648,0.024488888888888886,0.004234724742891712,0.0,0.4153846153846154,0.6,0.3,0.1,0.03,0.1,0.2,0.1,0.006,2.0,1200.0,0.6852743593491956,,,,
kitting_started,5333.333333333333,AGV_06,TOTE_0348,station_3,KIT_0009_01,,,,,,,,,,,,,,,,,,,,,,,
dispatch,5335.333333333329,AGV_01,TOTE_0599,station_1,KIT_0010_01,{'PART_03': 50},5760.0,1.2141616235459212,1.1829054572316153,0.029318181818181816,0.001937984496124031,0.0,0.38461538461538464,0.6,0.3,0.1,0.03,0.1,0.2,0.1,0.006,2.0,1200.0,0.6900354356660142,,,,
kitting_started,5339.333333333329,AGV_03,TOTE_0711,station_2,KIT_0008_02,,,,,,,,,,,,,,,,,,,,,,,
kitting_completed,5349.333333333329,AGV_03,TOTE_0711,station_2,KIT_0008_02,,,,,,,,,,,,,,,,,,,,{'PART_09': 40},False,,
dispatch,5349.333333333329,AGV_07,TOTE_0333,station_2,KIT_0008_02,{'PART_05': 10},5760.0,1.2843621422635723,1.1842766721781022,8.547008547008405e-05,0.1,0.5333333333333334,0.21025641025641026,0.6,0.3,0.1,0.03,0.1,0.2,0.1,0.006,2.0,1200.0,0.5895916443325022,,,,
kitting_started,5352.666666666665,AGV_04,TOTE_0575,station_4,KIT_0009_02,,,,,,,,,,,,,,,,,,,,,,,
kitting_started,5355.33333333333,AGV_05,TOTE_0740,station_1,KIT_0010_01,,,,,,,,,,,,,,,,,,,,,,,
kitting_started,5357.3333333333285,AGV_10,TOTE_0729,station_2,KIT_0008_02,,,,,,,,,,,,,,,,,,,,,,,
kitting_completed,5362.666666666665,AGV_04,TOTE_0575,station_4,KIT_0009_02,,,,,,,,,,,,,,,,,,,,{'PART_02': 20},False,,
kitting_started,5363.999999999998,AGV_02,TOTE_0794,station_4,KIT_0009_02,,,,,,,,,,,,,,,,,,,,,,,
dispatch,5364.0,AGV_09,TOTE_0805,station_4,KIT_0009_02,"{'PART_01': 10, 'PART_02': 20, 'PART_05': 15, 'PART_10': 25}",5760.0,1.2183343317799809,1.18559584710241,0.029185185185185186,0.0035532994923857873,0.0,0.46153846153846156,0.6,0.3,0.1,0.03,0.1,0.2,0.1,0.006,2.0,1200.0,0.6848467529141424,,,,
kitting_completed,5375.33333333333,AGV_05,TOTE_0740,station_1,KIT_0010_01,,,,,,,,,,,,,,,,,,,,"{'PART_01': 10, 'PART_03': 50}",False,,
dispatch,5375.33333333333,AGV_03,TOTE_0560,station_1,KIT_0010_01,{'PART_06': 30},5760.0,1.216474971722583,1.1865392009715947,0.02875,0.0011857707509881424,0.0,0.4358974358974359,0.6,0.3,0.1,0.03,0.1,0.2,0.1,0.006,2.0,1200.0,0.6862952394438062,,,,
kitting_started,5376.666666666663,AGV_01,TOTE_0599,station_1,KIT_0010_01,,,,,,,,,,,,,,,,,,,,,,,
kitting_completed,5377.3333333333285,AGV_10,TOTE_0729,station_2,KIT_0008_02,,,,,,,,,,,,,,,,,,,,{'PART_09': 18},False,,
kitting_started,5378.6666666666615,AGV_07,TOTE_0333,station_2,KIT_0008_02,,,,,,,,,,,,,,,,,,,,,,,
kitting_completed,5383.999999999998,AGV_02,TOTE_0794,station_4,KIT_0009_02,,,,,,,,,,,,,,,,,,,,"{'PART_01': 10, 'PART_10': 25}",False,,
kitting_completed,5386.666666666663,AGV_01,TOTE_0599,station_1,KIT_0010_01,,,,,,,,,,,,,,,,,,,,{'PART_03': 50},False,,
dispatch,5389.333333333332,AGV_04,TOTE_0578,station_1,KIT_0010_01,{'PART_06': 30},5760.0,1.2172290549832232,1.1876199640741323,0.028409090909090908,0.0012000000000000001,0.0,0.46153846153846156,0.6,0.3,0.1,0.03,0.1,0.2,0.1,0.006,2.0,1200.0,0.6841835868360877,,,,
dispatch,5395.999999999995,AGV_10,TOTE_0823,station_4,KIT_0009_02,"{'PART_01': 10, 'PART_02': 20, 'PART_05': 15, 'PART_10': 25}",5760.0,1.2199361358909924,1.1881037772165284,0.028148148148148144,0.0036842105263157894,0.0,0.5897435897435898,0.6,0.3,0.1,0.03,0.1,0.2,0.1,0.006,2.0,1200.0,0.6729873225602364,,,,
kitting_completed,5398.6666666666615,AGV_07,TOTE_0333,station_2,KIT_0008_02,,,,,,,,,,,,,,,,,,,,{'PART_05': 10},True,,
kitting_started,5400.666666666666,AGV_09,TOTE_0805,station_4,KIT_0009_02,,,,,,,,,,,,,,,,,,,,,,,
kitting_completed,5403.333333333333,AGV_06,TOTE_0348,station_3,KIT_0009_01,,,,,,,,,,,,,,,,,,,,{'PART_05': 80},False,,
dispatch,5403.333333333333,AGV_05,TOTE_0812,station_3,KIT_0009_01,"{'PART_01': 10, 'PART_10': 25}",5760.0,1.214277076029339,1.1886142323897424,0.023451851851851852,0.0022109917877447885,0.0,0.4666666666666667,0.6,0.3,0.1,0.03,0.1,0.2,0.1,0.006,2.0,1200.0,0.6818995789509368,,,,
kitting_started,5404.666666666666,AGV_08,TOTE_0820,station_3,KIT_0009_01,,,,,,,,,,,,,,,,,,,,,,,
kitting_started,5415.333333333329,AGV_03,TOTE_0560,station_1,KIT_0010_01,,,,,,,,,,,,,,,,,,,,,,,
kitting_completed,5425.333333333329,AGV_03,TOTE_0560,station_1,KIT_0010_01,,,,,,,,,,,,,,,,,,,,{'PART_06': 30},False,,
dispatch,5425.333333333329,AGV_01,TOTE_0866,station_1,KIT_0010_01,"{'PART_01': 10, 'PART_02': 20}",5760.0,1.219301014615844,1.1900182578988767,0.028068181818181815,0.0012145748987854252,0.0,0.3333333333333333,0.6,0.3,0.1,0.03,0.1,0.2,0.1,0.006,2.0,1200.0,0.698247275436173,,,,
kitting_started,5432.666666666665,AGV_04,TOTE_0578,station_1,KIT_0010_01,,,,,,,,,,,,,,,,,,,,,,,
kitting_completed,5440.666666666666,AGV_09,TOTE_0805,station_4,KIT_0009_02,,,,,,,,,,,,,,,,,,,,"{'PART_01': 10, 'PART_02': 20, 'PART_05': 15, 'PART_10': 25}",False,,
dispatch,5440.666666666666,AGV_07,TOTE_0333,station_4,KIT_0009_02,{'PART_05': 5},5760.0,1.2182777055909384,1.1908933704361115,0.02711111111111111,0.000273224043715847,-0.3333333333333334,0.3333333333333333,0.6,0.3,0.1,0.03,0.1,0.2,0.1,0.006,2.0,1200.0,0.7976332900212296,,,,
kitting_completed,5442.666666666665,AGV_04,TOTE_0578,station_1,KIT_0010_01,,,,,,,,,,,,,,,,,,,,{'PART_06': 30},False,,
dispatch,5442.666666666665,AGV_02,TOTE_0758,station_1,KIT_0010_01,{'PART_01': 10},5760.0,1.2191388328329185,1.1910017240400719,0.027727272727272725,0.00040983606557377055,0.0,0.3333333333333333,0.6,0.3,0.1,0.03,0.1,0.2,0.1,0.006,2.0,1200.0,0.6981499663664177,,,,
kitting_completed,5444.666666666666,AGV_08,TOTE_0820,station_3,KIT_0009_01,,,,,,,,,,,,,,,,,,,,"{'PART_01': 10, 'PART_02': 20, 'PART_05': 15, 'PART_10': 25}",False,,
dispatch,5444.666666666666,AGV_06,TOTE_0686,station_3,KIT_0009_01,{'PART_02': 20},5760.0,1.215334114639901,1.1911087916424852,0.022933333333333333,0.0012919896640826874,0.0,0.5435897435897435,0.6,0.3,0.1,0.03,0.1,0.2,0.1,0.006,2.0,1200.0,0.6748414944249663,,,,
kitting_started,5445.999999999999,AGV_05,TOTE_0812,station_3,KIT_0009_01,,,,,,,,,,,,,,,,,,,,,,,
kitting_started,5449.3333333333285,AGV_10,TOTE_0823,station_4,KIT_0009_02,,,,,,,,,,,,,,,,,,,,,,,
kitting_started,5455.3333333333285,AGV_01,TOTE_0866,station_1,KIT_0010_01,,,,,,,,,,,,,,,,,,,,,,,
kit_replacement,5458.6666666666615,,,station_2,,,,,,,,,,,,,,,,,,,,,,,KIT_0008_02,KIT_0011_01
dispatch,5458.6666666666615,AGV_03,TOTE_0584,station_2,KIT_0011_01,{'PART_08': 12},8640.0,0.30394609870416317,0.27336917562724006,0.03,0.000576923076923077,0.0,0.3641025641025641,0.6,0.3,0.1,0.03,0.1,0.2,0.1,0.006,2.0,1200.0,0.14595740281224148,,,,
kitting_completed,5465.999999999999,AGV_05,TOTE_0812,station_3,KIT_0009_01,,,,,,,,,,,,,,,,,,,,"{'PART_01': 10, 'PART_10': 25}",False,,
dispatch,5469.333333333332,AGV_04,TOTE_0614,station_3,KIT_0009_01,{'PART_01': 10},5760.0,1.215620814276827,1.19232932697801,0.022637037037037035,0.0006544502617801048,0.0,0.4666666666666667,0.6,0.3,0.1,0.03,0.1,0.2,0.1,0.006,2.0,1200.0,0.6827058218994295,,,,
dispatch,5473.999999999999,AGV_09,TOTE_0565,station_2,KIT_0011_01,"{'PART_01': 10, 'PART_03': 50, 'PART_05': 15, 'PART_08': 12}",8640.0,0.3076091551436438,0.2735752688172043,0.029826923076923077,0.0042069632495164416,0.0,0.4666666666666667,0.6,0.3,0.1,0.03,0.1,0.2,0.1,0.006,2.0,1200.0,0.13789882641951962,,,,
kitting_completed,5475.3333333333285,AGV_01,TOTE_0866,station_1,KIT_0010_01,,,,,,,,,,,,,,,,,,,,"{'PART_01': 10, 'PART_02': 20}",False,,
kitting_started,5476.6666666666615,AGV_02,TOTE_0758,station_1,KIT_0010_01,,,,,,,,,,,,,,,,,,,,,,,
dispatch,5476.666666666666,AGV_08,TOTE_0776,station_1,KIT_0010_01,{'PART_01': 10},5760.0,1.2206840019388572,1.192658842941476,0.02761363636363636,0.000411522633744856,0.0,0.46153846153846156,0.6,0.3,0.1,0.03,0.1,0.2,0.1,0.006,2.0,1200.0,0.6862565550094681,,,,
kitting_completed,5486.6666666666615,AGV_02,TOTE_0758,station_1,KIT_0010_01,,,,,,,,,,,,,,,,,,,,{'PART_01': 10},False,,
kitting_completed,5489.3333333333285,AGV_10,TOTE_0823,station_4,KIT_0009_02,,,,,,,,,,,,,,,,,,,,"{'PART_01': 10, 'PART_02': 20, 'PART_05': 15, 'PART_10': 25}",False,,
kitting_started,5489.999999999999,AGV_06,TOTE_0686,station_3,KIT_0009_01,,,,,,,,,,,,,,,,,,,,,,,
kitting_started,5490.6666666666615,AGV_03,TOTE_0584,station_2,KIT_0011_01,,,,,,,,,,,,,,,,,,,,,,,
kitting_started,5490.6666666666615,AGV_07,TOTE_0333,station_4,KIT_0009_02,,,,,,,,,,,,,,,,,,,,,,,
kitting_completed,5499.999999999999,AGV_06,TOTE_0686,station_3,KIT_0009_01,,,,,,,,,,,,,,,,,,,,{'PART_02': 20},False,,
kitting_completed,5500.6666666666615,AGV_03,TOTE_0584,station_2,KIT_0011_01,,,,,,,,,,,,,,,,,,,,{'PART_08': 12},False,,
dispatch,5501.333333333332,AGV_05,TOTE_0577,station_1,KIT_0010_01,"{'PART_01': 10, 'PART_02': 20, 'PART_03': 50, 'PART_06': 30}",5760.0,1.2257124288822836,1.193666974336829,0.027499999999999997,0.004545454545454546,0.0,0.48717948717948717,0.6,0.3,0.1,0.03,0.1,0.2,0.1,0.006,2.0,1200.0,0.6867095086114213,,,,
dispatch,5501.999999999995,AGV_01,TOTE_0632,station_3,KIT_0009_01,{'PART_01': 10},5760.0,1.2168398618064153,1.1936922113892,0.022488888888888888,0.0006587615283267457,0.0,0.4666666666666667,0.6,0.3,0.1,0.03,0.1,0.2,0.1,0.006,2.0,1200.0,0.6834372504171825,,,,
kitting_started,5504.666666666665,AGV_04,TOTE_0614,station_3,KIT_0009_01,,,,,,,,,,,,,,,,,,,,,,,
kitting_completed,5510.6666666666615,AGV_07,TOTE_0333,station_4,KIT_0009_02,,,,,,,,,,,,,,,,,,,,{'PART_05': 5},False,,
kitting_started,5512.666666666666,AGV_09,TOTE_0565,station_2,KIT_0011_01,,,,,,,,,,,,,,,,,,,,,,,
dispatch,5513.3333333333285,AGV_02,TOTE_0650,station_4,KIT_0009_02,{'PART_01': 10},5760.0,1.2216911834715407,1.1941062012290242,0.027037037037037037,0.0005479452054794521,0.0,0.5384615384615384,0.6,0.3,0.1,0.03,0.1,0.2,0.1,0.006,2.0,1200.0,0.6791685562367705,,,,
kitting_completed,5514.666666666665,AGV_04,TOTE_0614,station_3,KIT_0009_01,,,,,,,,,,,,,,,,,,,,{'PART_01': 10},False,,
kitting_started,5519.999999999999,AGV_08,TOTE_0776,station_1,KIT_0010_01,,,,,,,,,,,,,,,,,,,,,,,
dispatch,5522.6666666666615,AGV_10,TOTE_0553,station_4,KIT_0009_02,"{'PART_01': 10, 'PART_02': 20, 'PART_05': 15}",5760.0,1.2237949118204832,1.194426684088619,0.026888888888888886,0.0024793388429752068,0.0,0.4358974358974359,0.6,0.3,0.1,0.03,0.1,0.2,0.1,0.006,2.0,1200.0,0.6906872035025463,,,,
dispatch,5525.9999999999945,AGV_03,TOTE_0568,station_3,KIT_0009_01,"{'PART_01': 10, 'PART_02': 20, 'PART_05': 15}",5760.0,1.2198617007700414,1.194536875148664,0.02234074074074074,0.002984084880636605,0.0,0.49230769230769234,0.6,0.3,0.1,0.03,0.1,0.2,0.1,0.006,2.0,1200.0,0.6826862512312556,,,,
kitting_completed,5529.999999999999,AGV_08,TOTE_0776,station_1,KIT_0010_01,,,,,,,,,,,,,,,,,,,,{'PART_01': 10},False,,
dispatch,5535.333333333332,AGV_06,TOTE_0866,station_1,KIT_0010_01,"{'PART_01': 10, 'PART_02': 20}",5760.0,1.2223826747295148,1.1948339734308133,0.02625,0.001298701298701299,0.0,0.3333333333333333,0.6,0.3,0.1,0.03,0.1,0.2,0.1,0.006,2.0,1200.0,0.7000962715043755,,,,
kitting_started,5537.3333333333285,AGV_01,TOTE_0632,station_3,KIT_0009_01,,,,,,,,,,,,,,,,,,,,,,,
dispatch,5537.3333333333285,AGV_07,TOTE_0583,station_2,KIT_0011_01,"{'PART_01': 10, 'PART_03': 50, 'PART_05': 15, 'PART_08': 12}",8640.0,0.3073903600349585,0.274426523297491,0.028572115384615387,0.004391721352852095,0.0,0.517948717948718,0.6,0.3,0.1,0.03,0.1,0.2,0.1,0.006,2.0,1200.0,0.1326393442261033,,,,
kitting_started,5541.333333333332,AGV_05,TOTE_0577,station_1,KIT_0010_01,,,,,,,,,,,,,,,,,,,,,,,
kitting_completed,5547.3333333333285,AGV_01,TOTE_0632,station_3,KIT_0009_01,,,,,,,,,,,,,,,,,,,,{'PART_01': 10},False,,
dispatch,5549.999999999998,AGV_04,TOTE_0586,station_3,KIT_0009_01,"{'PART_01': 10, 'PART_02': 20, 'PART_05': 15}",5760.0,1.2200185270212498,1.1952685814502515,0.02167407407407407,0.0030758714969241286,0.0,0.5435897435897435,0.6,0.3,0.1,0.03,0.1,0.2,0.1,0.006,2.0,1200.0,0.6776521418537755,,,,
kitting_completed,5552.666666666666,AGV_09,TOTE_0565,station_2,KIT_0011_01,,,,,,,,,,,,,,,,,,,,"{'PART_01': 10, 'PART_03': 50, 'PART_05': 15, 'PART_08': 12}",False,,
kitting_started,5553.3333333333285,AGV_02,TOTE_0650,station_4,KIT_0009_02,,,,,,,,,,,,,,,,,,,,,,,
dispatch,5556.666666666666,AGV_08,TOTE_0596,station_2,KIT_0011_01,{'PART_08': 12},8640.0,0.3026372673460719,0.2746863799283154,0.02731730769230769,0.0006335797254487857,0.0,0.40512820512820513,0.6,0.3,0.1,0.03,0.1,0.2,0.1,0.006,2.0,1200.0,0.1410695398948226,,,,
kitting_completed,5563.3333333333285,AGV_02,TOTE_0650,station_4,KIT_0009_02,,,,,,,,,,,,,,,,,,,,{'PART_01': 10},False,,
kitting_started,5564.6666666666615,AGV_10,TOTE_0553,station_4,KIT_0009_02,,,,,,,,,,,,,,,,,,,,,,,
kitting_started,5567.9999999999945,AGV_03,TOTE_0568,station_3,KIT_0009_01,,,,,,,,,,,,,,,,,,,,,,,
kitting_completed,5581.333333333332,AGV_05,TOTE_0577,station_1,KIT_0010_01,,,,,,,,,,,,,,,,,,,,"{'PART_01': 10, 'PART_02': 20, 'PART_03': 50, 'PART_06': 30}",False,,
kitting_started,5582.6666666666615,AGV_07,TOTE_0583,station_2,KIT_0011_01,,,,,,,,,,,,,,,,,,,,,,,
dispatch,5582.6666666666615,AGV_01,TOTE_0595,station_1,KIT_0010_01,"{'PART_01': 10, 'PART_02': 20, 'PART_03': 50}",5760.0,1.2255276666985382,1.1961098038596227,0.02590909090909091,0.0035087719298245615,0.0,0.48717948717948717,0.6,0.3,0.1,0.03,0.1,0.2,0.1,0.006,2.0,1200.0,0.6865986513011741,,,,
kitting_started,5582.666666666665,AGV_06,TOTE_0866,station_1,KIT_0010_01,,,,,,,,,,,,,,,,,,,,,,,
dispatch,5584.666666666666,AGV_09,TOTE_0643,station_4,KIT_0009_02,"{'PART_01': 10, 'PART_02': 20, 'PART_05': 15}",5760.0,1.224920752686594,1.196156157583016,0.026222222222222223,0.0025423728813559325,0.0,0.48717948717948717,0.6,0.3,0.1,0.03,0.1,0.2,0.1,0.006,2.0,1200.0,0.6862345028940076,,,,
kitting_completed,5594.6666666666615,AGV_10,TOTE_0553,station_4,KIT_0009_02,,,,,,,,,,,,,,,,,,,,"{'PART_01': 10, 'PART_02': 20, 'PART_05': 15}",False,,
kitting_completed,5597.9999999999945,AGV_03,TOTE_0568,station_3,KIT_0009_01,,,,,,,,,,,,,,,,,,,,"{'PART_01': 10, 'PART_02': 20, 'PART_05': 15}",False,,
kitting_started,5599.333333333328,AGV_04,TOTE_0586,station_3,KIT_0009_01,,,,,,,,,,,,,,,,,,,,,,,
kitting_completed,5602.666666666665,AGV_06,TOTE_0866,station_1,KIT_0010_01,,,,,,,,,,,,,,,,,,,,"{'PART_01': 10, 'PART_02': 20}",False,,
dispatch,5603.3333333333285,AGV_02,TOTE_0613,station_1,KIT_0010_01,"{'PART_01': 10, 'PART_02': 20, 'PART_03': 50}",5760.0,1.2251994087768703,1.1965630451405067,0.025,0.0036363636363636364,0.0,0.48717948717948717,0.6,0.3,0.1,0.03,0.1,0.2,0.1,0.006,2.0,1200.0,0.6864016965481734,,,,
dispatch,5614.666666666665,AGV_05,TOTE_0604,station_3,KIT_0009_01,"{'PART_01': 10, 'PART_02': 20, 'PART_05': 15}",5760.0,1.2209696781969608,1.1967887870095817,0.02100740740740741,0.0031734837799717915,0.0,0.49230769230769234,0.6,0.3,0.1,0.03,0.1,0.2,0.1,0.006,2.0,1200.0,0.6833510376874072,,,,
kitting_completed,5622.6666666666615,AGV_07,TOTE_0583,station_2,KIT_0011_01,,,,,,,,,,,,,,,,,,,,"{'PART_01': 10, 'PART_03': 50, 'PART_05': 15, 'PART_08': 12}",False,,
kitting_started,5622.6666666666615,AGV_01,TOTE_0595,station_1,KIT_0010_01,,,,,,,,,,,,,,,,,,,,,,,
kitting_started,5623.9999999999945,AGV_08,TOTE_0596,station_2,KIT_0011_01,,,,,,,,,,,,,,,,,,,,,,,
kitting_started,5624.666666666666,AGV_09,TOTE_0643,station_4,KIT_0009_02,,,,,,,,,,,,,,,,,,,,,,,
dispatch,5627.9999999999945,AGV_10,TOTE_0661,station_4,KIT_0009_02,"{'PART_01': 10, 'PART_02': 20, 'PART_05': 15}",5760.0,1.225199724346298,1.1970354731385686,0.025555555555555554,0.0026086956521739132,0.0,0.4358974358974359,0.6,0.3,0.1,0.03,0.1,0.2,0.1,0.006,2.0,1200.0,0.6915300910180352,,,,
kitting_completed,5629.333333333328,AGV_04,TOTE_0586,station_3,KIT_0009_01,,,,,,,,,,,,,,,,,,,,"{'PART_01': 10, 'PART_02': 20, 'PART_05': 15}",False,,
dispatch,5629.333333333332,AGV_06,TOTE_0622,station_3,KIT_0009_01,"{'PART_01': 10, 'PART_02': 20, 'PART_05': 15}",5760.0,1.220677310690556,1.197059075412306,0.02034074074074074,0.0032774945375091042,0.0,0.5435897435897435,0.6,0.3,0.1,0.03,0.1,0.2,0.1,0.006,2.0,1200.0,0.6780474120553592,,,,
dispatch,5629.9999999999945,AGV_03,TOTE_0601,station_2,KIT_0011_01,"{'PART_01': 10, 'PART_03': 50, 'PART_05': 15}",8640.0,0.3068013959903979,0.27567204301075265,0.027144230769230768,0.003985122210414453,0.0,0.441025641025641,0.6,0.3,0.1,0.03,0.1,0.2,0.1,0.006,2.0,1200.0,0.13997827349167463,,,,
kitting_completed,5633.9999999999945,AGV_08,TOTE_0596,station_2,KIT_0011_01,,,,,,,,,,,,,,,,,,,,{'PART_08': 12},False,,
kitting_completed,5652.6666666666615,AGV_01,TOTE_0595,station_1,KIT_0010_01,,,,,,,,,,,,,,,,,,,,"{'PART_01': 10, 'PART_02': 20, 'PART_03': 50}",False,,
kitting_started,5653.9999999999945,AGV_02,TOTE_0613,station_1,KIT_0010_01,,,,,,,,,,,,,,,,,,,,,,,
dispatch,5654.6666666666615,AGV_07,TOTE_0616,station_1,KIT_0010_01,"{'PART_01': 10, 'PART_02': 20, 'PART_03': 50}",5760.0,1.225337982754886,1.1974734887583165,0.02409090909090909,0.0037735849056603774,0.0,0.46153846153846156,0.6,0.3,0.1,0.03,0.1,0.2,0.1,0.006,2.0,1200.0,0.6890489434990854,,,,
kitting_completed,5654.666666666666,AGV_09,TOTE_0643,station_4,KIT_0009_02,,,,,,,,,,,,,,,,,,,,"{'PART_01': 10, 'PART_02': 20, 'PART_05': 15}",False,,
kitting_started,5656.666666666665,AGV_05,TOTE_0604,station_3,KIT_0009_01,,,,,,,,,,,,,,,,,,,,,,,
kitting_started,5661.333333333328,AGV_10,TOTE_0661,station_4,KIT_0009_02,,,,,,,,,,,,,,,,,,,,,,,
dispatch,5661.333333333328,AGV_04,TOTE_0679,station_4,KIT_0009_02,"{'PART_01': 10, 'PART_02': 20, 'PART_05': 15}",5760.0,1.2251399481054288,1.1975724877879683,0.024888888888888887,0.0026785714285714286,0.0,0.46153846153846156,0.6,0.3,0.1,0.03,0.1,0.2,0.1,0.006,2.0,1200.0,0.6889301227094111,,,,
kitting_started,5665.333333333328,AGV_03,TOTE_0601,station_2,KIT_0011_01,,,,,,,,,,,,,,,,,,,,,,,
dispatch,5665.333333333328,AGV_08,TOTE_0619,station_2,KIT_0011_01,"{'PART_01': 10, 'PART_03': 50, 'PART_05': 15}",8640.0,0.3063599791382774,0.2761469534050179,0.0260625,0.004150525733259546,0.0,0.517948717948718,0.6,0.3,0.1,0.03,0.1,0.2,0.1,0.006,2.0,1200.0,0.13202111568809463,,,,
kitting_completed,5683.9999999999945,AGV_02,TOTE_0613,station_1,KIT_0010_01,,,,,,,,,,,,,,,,,,,,"{'PART_01': 10, 'PART_02': 20, 'PART_03': 50}",False,,
dispatch,5685.9999999999945,AGV_01,TOTE_0631,station_1,KIT_0010_01,"{'PART_01': 10, 'PART_02': 20, 'PART_03': 50}",5760.0,1.2250096302763127,1.1979062434670436,0.023181818181818182,0.00392156862745098,0.0,0.4358974358974359,0.6,0.3,0.1,0.03,0.1,0.2,0.1,0.006,2.0,1200.0,0.6914160345760441,,,,
kitting_completed,5686.666666666665,AGV_05,TOTE_0604,station_3,KIT_0009_01,,,,,,,,,,,,,,,,,,,,"{'PART_01': 10, 'PART_02': 20, 'PART_05': 15}",False,,
kitting_started,5687.999999999998,AGV_06,TOTE_0622,station_3,KIT_0009_01,,,,,,,,,,,,,,,,,,,,,,,
dispatch,5687.999999999999,AGV_09,TOTE_0640,station_3,KIT_0009_01,"{'PART_01': 10, 'PART_02': 20, 'PART_05': 15}",5760.0,1.2209938323182572,1.1979312040273156,0.019674074074074073,0.00338855421686747,0.0,0.441025641025641,0.6,0.3,0.1,0.03,0.1,0.2,0.1,0.006,2.0,1200.0,0.6884937352883902,,,,
kitting_completed,5691.333333333328,AGV_10,TOTE_0661,station_4,KIT_0009_02,,,,,,,,,,,,,,,,,,,,"{'PART_01': 10, 'PART_02': 20, 'PART_05': 15}",False,,
kitting_started,5691.333333333328,AGV_07,TOTE_0616,station_1,KIT_0010_01,,,,,,,,,,,,,,,,,,,,,,,
kitting_completed,5695.333333333328,AGV_03,TOTE_0601,station_2,KIT_0011_01,,,,,,,,,,,,,,,,,,,,"{'PART_01': 10, 'PART_03': 50, 'PART_05': 15}",False,,
kitting_started,5697.999999999994,AGV_04,TOTE_0679,station_4,KIT_0009_02,,,,,,,,,,,,,,,,,,,,,,,
kitting_started,5710.666666666661,AGV_08,TOTE_0619,station_2,KIT_0011_01,,,,,,,,,,,,,,,,,,,,,,,
dispatch,5717.333333333328,AGV_02,TOTE_0697,station_4,KIT_0009_02,"{'PART_01': 10, 'PART_02': 20, 'PART_05': 15}",5760.0,1.2252394252099126,1.1982649094097089,0.02422222222222222,0.0027522935779816515,0.0,0.5384615384615384,0.6,0.3,0.1,0.03,0.1,0.2,0.1,0.006,2.0,1200.0,0.6812975012797936,,,,
kitting_completed,5717.999999999998,AGV_06,TOTE_0622,station_3,KIT_0009_01,,,,,,,,,,,,,,,,,,,,"{'PART_01': 10, 'PART_02': 20, 'PART_05': 15}",False,,
dispatch,5718.666666666665,AGV_05,TOTE_0658,station_3,KIT_0009_01,"{'PART_01': 10, 'PART_02': 20, 'PART_05': 15}",5760.0,1.2207935400706764,1.1982787281426144,0.019007407407407407,0.0035074045206547155,0.0,0.4153846153846154,0.6,0.3,0.1,0.03,0.1,0.2,0.1,0.006,2.0,1200.0,0.6909376625039443,,,,
kitting_completed,5721.333333333328,AGV_07,TOTE_0616,station_1,KIT_0010_01,,,,,,,,,,,,,,,,,,,,"{'PART_01': 10, 'PART_02': 20, 'PART_03': 50}",False,,
kitting_started,5722.666666666661,AGV_01,TOTE_0631,station_1,KIT_0010_01,,,,,,,,,,,,,,,,,,,,,,,
kitting_started,5723.333333333332,AGV_09,TOTE_0640,station_3,KIT_0009_01,,,,,,,,,,,,,,,,,,,,,,,
dispatch,5724.666666666661,AGV_10,TOTE_0634,station_1,KIT_0010_01,"{'PART_01': 10, 'PART_02': 20, 'PART_03': 50}",5760.0,1.2246939236374248,1.1983395637116363,0.02227272727272727,0.004081632653061224,0.0,0.5128205128205128,0.6,0.3,0.1,0.03,0.1,0.2,0.1,0.006,2.0,1200.0,0.6835343029004035,,,,
dispatch,5727.333333333328,AGV_03,TOTE_0637,station_2,KIT_0011_01,"{'PART_01': 10, 'PART_03': 50, 'PART_05': 15}",8640.0,0.3062913100106909,0.2769802867383512,0.02498076923076923,0.004330254041570439,0.0,0.4153846153846154,0.6,0.3,0.1,0.03,0.1,0.2,0.1,0.006,2.0,1200.0,0.14223632446795298,,,,
kitting_completed,5727.999999999994,AGV_04,TOTE_0679,station_4,KIT_0009_02,,,,,,,,,,,,,,,,,,,,"{'PART_01': 10, 'PART_02': 20, 'PART_05': 15}",False,,
kitting_completed,5740.666666666661,AGV_08,TOTE_0619,station_2,KIT_0011_01,,,,,,,,,,,,,,,,,,,,"{'PART_01': 10, 'PART_03': 50, 'PART_05': 15}",False,,
dispatch,5749.999999999998,AGV_06,TOTE_0715,station_4,KIT_0009_02,"{'PART_01': 10, 'PART_02': 20, 'PART_05': 15}",5760.0,1.2249593560714591,1.1985736118366583,0.023555555555555555,0.0028301886792452833,0.0,0.46153846153846156,0.6,0.3,0.1,0.03,0.1,0.2,0.1,0.006,2.0,1200.0,0.6888217674890293,,,,
kitting_completed,5752.666666666661,AGV_01,TOTE_0631,station_1,KIT_0010_01,,,,,,,,,,,,,,,,,,,,"{'PART_01': 10, 'PART_02': 20, 'PART_03': 50}",False,,
kitting_completed,5753.333333333332,AGV_09,TOTE_0640,station_3,KIT_0009_01,,,,,,,,,,,,,,,,,,,,"{'PART_01': 10, 'PART_02': 20, 'PART_05': 15}",False,,
dispatch,5754.666666666661,AGV_07,TOTE_0120,station_3,KIT_0009_01,{'PART_02': 100},5760.0,1.2250312667244572,1.198612981557222,0.01834074074074074,0.008077544426494346,0.0,0.3641025641025641,0.6,0.3,0.1,0.03,0.1,0.2,0.1,0.006,2.0,1200.0,0.6986085036244178,,,,
kitting_started,5754.666666666665,AGV_05,TOTE_0658,station_3,KIT_0009_01,,,,,,,,,,,,,,,,,,,,,,,
kitting_started,5759.333333333328,AGV_03,TOTE_0637,station_2,KIT_0011_01,,,,,,,,,,,,,,,,,,,,,,,
dispatch,5761.333333333327,AGV_04,TOTE_0652,station_1,KIT_0010_01,"{'PART_01': 10, 'PART_02': 20, 'PART_03': 50}",5760.0,1.2242863026930204,1.1986673471804479,0.021363636363636362,0.00425531914893617,0.0,0.5128205128205128,0.6,0.3,0.1,0.03,0.1,0.2,0.1,0.006,2.0,1200.0,0.683289730333761,,,,
kitting_started,5763.999999999994,AGV_02,TOTE_0697,station_4,KIT_0009_02,,,,,,,,,,,,,,,,,,,,,,,
kitting_started,5767.999999999994,AGV_10,TOTE_0634,station_1,KIT_0010_01,,,,,,,,,,,,,,,,,,,,,,,
dispatch,5772.666666666661,AGV_08,TOTE_0655,station_2,KIT_0011_01,"{'PART_01': 10, 'PART_03': 50, 'PART_05': 15}",8640.0,0.3060148964594316,0.277589605734767,0.023899038461538458,0.004526252263126132,0.0,0.4153846153846154,0.6,0.3,0.1,0.03,0.1,0.2,0.1,0.006,2.0,1200.0,0.14207047633719738,,,,
kitting_completed,5784.666666666665,AGV_05,TOTE_0658,station_3,KIT_0009_01,,,,,,,,,,,,,,,,,,,,"{'PART_01': 10, 'PART_02': 20, 'PART_05': 15}",False,,
dispatch,5785.333333333332,AGV_09,TOTE_0694,station_3,KIT_0009_01,"{'PART_01': 10, 'PART_05': 15}",5760.0,1.2179021107355725,1.198846014920953,0.016859259259259258,0.0021968365553602814,0.0,0.4153846153846154,0.6,0.3,0.1,0.03,0.1,0.2,0.1,0.006,2.0,1200.0,0.689202804902882,,,,
kitting_completed,5789.333333333328,AGV_03,TOTE_0637,station_2,KIT_0011_01,,,,,,,,,,,,,,,,,,,,"{'PART_01': 10, 'PART_03': 50, 'PART_05': 15}",False,,
dispatch,5789.333333333328,AGV_01,TOTE_0673,station_2,KIT_0011_01,"{'PART_01': 10, 'PART_03': 50, 'PART_05': 15}",8640.0,0.3053717621508443,0.27781362007168453,0.02281730769230769,0.004740834386852086,0.0,0.4666666666666667,0.6,0.3,0.1,0.03,0.1,0.2,0.1,0.006,2.0,1200.0,0.1365563906238399,,,,
kitting_started,5793.333333333327,AGV_07,TOTE_0120,station_3,KIT_0009_01,,,,,,,,,,,,,,,,,,,,,,,
kitting_completed,5793.999999999994,AGV_02,TOTE_0697,station_4,KIT_0009_02,,,,,,,,,,,,,,,,,,,,"{'PART_01': 10, 'PART_02': 20, 'PART_05': 15}",False,,
kitting_started,5795.333333333327,AGV_06,TOTE_0715,station_4,KIT_0009_02,,,,,,,,,,,,,,,,,,,,,,,
kitting_completed,5797.999999999994,AGV_10,TOTE_0634,station_1,KIT_0010_01,,,,,,,,,,,,,,,,,,,,"{'PART_01': 10, 'PART_02': 20, 'PART_03': 50}",False,,
kitting_started,5804.66666666666,AGV_04,TOTE_0652,station_1,KIT_0010_01,,,,,,,,,,,,,,,,,,,,,,,
kitting_started,5804.666666666661,AGV_08,TOTE_0655,station_2,KIT_0011_01,,,,,,,,,,,,,,,,,,,,,,,
dispatch,5816.666666666665,AGV_05,TOTE_0733,station_4,KIT_0009_02,"{'PART_01': 10, 'PART_02': 20, 'PART_05': 15}",5760.0,1.2248452486739647,1.1990437384258525,0.02288888888888889,0.002912621359223301,0.0,0.46153846153846156,0.6,0.3,0.1,0.03,0.1,0.2,0.1,0.006,2.0,1200.0,0.6887533030505326,,,,
dispatch,5821.333333333328,AGV_03,TOTE_0670,station_1,KIT_0010_01,"{'PART_01': 10, 'PART_02': 20, 'PART_03': 50}",5760.0,1.2239691254450695,1.1990701355460796,0.020454545454545454,0.0044444444444444444,0.0,0.46153846153846156,0.6,0.3,0.1,0.03,0.1,0.2,0.1,0.006,2.0,1200.0,0.6882276291131955,,,,
kitting_completed,5825.333333333327,AGV_06,TOTE_0715,station_4,KIT_0009_02,,,,,,,,,,,,,,,,,,,,"{'PART_01': 10, 'PART_02': 20, 'PART_05': 15}",False,,
dispatch,5827.333333333327,AGV_02,TOTE_0123,station_4,KIT_0009_02,{'PART_02': 100},5760.0,1.2279918959725304,1.1991030070836417,0.02222222222222222,0.006666666666666667,0.0,0.3333333333333333,0.6,0.3,0.1,0.03,0.1,0.2,0.1,0.006,2.0,1200.0,0.7034618042501849,,,,
kitting_completed,5834.66666666666,AGV_04,TOTE_0652,station_1,KIT_0010_01,,,,,,,,,,,,,,,,,,,,"{'PART_01': 10, 'PART_02': 20, 'PART_03': 50}",False,,
dispatch,5834.66666666666,AGV_10,TOTE_0688,station_1,KIT_0010_01,"{'PART_01': 10, 'PART_02': 20, 'PART_03': 50}",5760.0,1.2233382272038162,1.199141609867664,0.019545454545454543,0.004651162790697674,0.0,0.4358974358974359,0.6,0.3,0.1,0.03,0.1,0.2,0.1,0.006,2.0,1200.0,0.6904131927325462,,,,
kitting_completed,5834.666666666661,AGV_08,TOTE_0655,station_2,KIT_0011_01,,,,,,,,,,,,,,,,,,,,"{'PART_01': 10, 'PART_03': 50, 'PART_05': 15}",False,,
kitting_started,5835.999999999994,AGV_01,TOTE_0673,station_2,KIT_0011_01,,,,,,,,,,,,,,,,,,,,,,,
kitting_completed,5843.333333333327,AGV_07,TOTE_0120,station_3,KIT_0009_01,,,,,,,,,,,,,,,,,,,,{'PART_02': 100},False,,
kitting_started,5844.66666666666,AGV_09,TOTE_0694,station_3,KIT_0009_01,,,,,,,,,,,,,,,,,,,,,,,
kitting_started,5853.333333333331,AGV_05,TOTE_0733,station_4,KIT_0009_02,,,,,,,,,,,,,,,,,,,,,,,
kitting_started,5857.999999999994,AGV_03,TOTE_0670,station_1,KIT_0010_01,,,,,,,,,,,,,,,,,,,,,,,
dispatch,5858.66666666666,AGV_06,TOTE_0712,station_3,KIT_0009_01,"{'PART_01': 10, 'PART_05': 15}",5760.0,1.2179917771021294,1.1992567067217759,0.01648888888888889,0.0022461814914645105,0.0,0.441025641025641,0.6,0.3,0.1,0.03,0.1,0.2,0.1,0.006,2.0,1200.0,0.6866925021587135,,,,
dispatch,5861.999999999994,AGV_07,TOTE_0691,station_2,KIT_0011_01,"{'PART_01': 10, 'PART_03': 50, 'PART_05': 15}",8640.0,0.30550267455348973,0.27879032258064507,0.02173557692307692,0.004976775049767751,0.0,0.5435897435897435,0.6,0.3,0.1,0.03,0.1,0.2,0.1,0.006,2.0,1200.0,0.12894263037311948,,,,
kitting_completed,5864.66666666666,AGV_09,TOTE_0694,station_3,KIT_0009_01,,,,,,,,,,,,,,,,,,,,"{'PART_01': 10, 'PART_05': 15}",False,,
kitting_completed,5865.999999999994,AGV_01,TOTE_0673,station_2,KIT_0011_01,,,,,,,,,,,,,,,,,,,,"{'PART_01': 10, 'PART_03': 50, 'PART_05': 15}",False,,
dispatch,5866.666666666661,AGV_08,TOTE_0730,station_3,KIT_0009_01,"{'PART_01': 10, 'PART_05': 15}",5760.0,1.2177078478407686,1.1992915352046032,0.016118518518518518,0.002297794117647059,0.0,0.441025641025641,0.6,0.3,0.1,0.03,0.1,0.2,0.1,0.006,2.0,1200.0,0.6865221446018971,,,,
dispatch,5867.999999999993,AGV_04,TOTE_0709,station_2,KIT_0011_01,"{'PART_01': 10, 'PART_03': 50, 'PART_05': 15}",8640.0,0.3047622440633793,0.2788709677419354,0.020653846153846155,0.005237430167597766,0.0,0.441025641025641,0.6,0.3,0.1,0.03,0.1,0.2,0.1,0.006,2.0,1200.0,0.13875478233546348,,,,
kitting_completed,5883.333333333331,AGV_05,TOTE_0733,station_4,KIT_0009_02,,,,,,,,,,,,,,,,,,,,"{'PART_01': 10, 'PART_02': 20, 'PART_05': 15}",False,,
kitting_started,5884.666666666664,AGV_02,TOTE_0123,station_4,KIT_0009_02,,,,,,,,,,,,,,,,,,,,,,,
kitting_completed,5887.999999999994,AGV_03,TOTE_0670,station_1,KIT_0010_01,,,,,,,,,,,,,,,,,,,,"{'PART_01': 10, 'PART_02': 20, 'PART_03': 50}",False,,
kitting_started,5889.333333333327,AGV_10,TOTE_0688,station_1,KIT_0010_01,,,,,,,,,,,,,,,,,,,,,,,
kitting_started,5893.999999999993,AGV_06,TOTE_0712,station_3,KIT_0009_01,,,,,,,,,,,,,,,,,,,,,,,
dispatch,5896.66666666666,AGV_09,TOTE_0683,station_4,KIT_0009_02,{'PART_10': 25},5760.0,1.2219346762957364,1.1994082212692814,0.02074074074074074,0.0017857142857142857,0.0,0.4358974358974359,0.6,0.3,0.1,0.03,0.1,0.2,0.1,0.006,2.0,1200.0,0.6895710621876983,,,,
dispatch,5897.999999999994,AGV_01,TOTE_0706,station_1,KIT_0010_01,"{'PART_01': 10, 'PART_02': 20, 'PART_03': 50}",5760.0,1.2229273482602578,1.1994129358434065,0.018636363636363635,0.004878048780487806,0.0,0.46153846153846156,0.6,0.3,0.1,0.03,0.1,0.2,0.1,0.006,2.0,1200.0,0.6876025628023086,,,,
kitting_started,5903.333333333326,AGV_04,TOTE_0709,station_2,KIT_0011_01,,,,,,,,,,,,,,,,,,,,,,,
kitting_completed,5913.999999999993,AGV_06,TOTE_0712,station_3,KIT_0009_01,,,,,,,,,,,,,,,,,,,,"{'PART_01': 10, 'PART_05': 15}",False,,
kitting_started,5915.333333333326,AGV_08,TOTE_0730,station_3,KIT_0009_01,,,,,,,,,,,,,,,,,,,,,,,
dispatch,5916.666666666664,AGV_05,TOTE_0748,station_3,KIT_0009_01,"{'PART_01': 10, 'PART_05': 15}",5760.0,1.2175751121692098,1.1994751295902057,0.015748148148148147,0.002351834430856068,0.0,0.441025641025641,0.6,0.3,0.1,0.03,0.1,0.2,0.1,0.006,2.0,1200.0,0.6864425031989617,,,,
kitting_completed,5919.333333333327,AGV_10,TOTE_0688,station_1,KIT_0010_01,,,,,,,,,,,,,,,,,,,,"{'PART_01': 10, 'PART_02': 20, 'PART_03': 50}",False,,
dispatch,5921.333333333327,AGV_03,TOTE_0724,station_1,KIT_0010_01,"{'PART_01': 10, 'PART_02': 20, 'PART_03': 50}",5760.0,1.222345097919687,1.1994896200642091,0.017727272727272723,0.005128205128205128,0.0,0.4358974358974359,0.6,0.3,0.1,0.03,0.1,0.2,0.1,0.006,2.0,1200.0,0.6898173151620687,,,,
kitting_completed,5933.333333333326,AGV_04,TOTE_0709,station_2,KIT_0011_01,,,,,,,,,,,,,,,,,,,,"{'PART_01': 10, 'PART_03': 50, 'PART_05': 15}",False,,
kitting_started,5934.666666666659,AGV_07,TOTE_0691,station_2,KIT_0011_01,,,,,,,,,,,,,,,,,,,,,,,
kitting_started,5934.66666666666,AGV_01,TOTE_0706,station_1,KIT_0010_01,,,,,,,,,,,,,,,,,,,,,,,
kitting_completed,5934.666666666664,AGV_02,TOTE_0123,station_4,KIT_0009_02,,,,,,,,,,,,,,,,,,,,{'PART_02': 100},False,,
kitting_completed,5935.333333333326,AGV_08,TOTE_0730,station_3,KIT_0009_01,,,,,,,,,,,,,,,,,,,,"{'PART_01': 10, 'PART_05': 15}",False,,
kitting_started,5936.666666666659,AGV_09,TOTE_0683,station_4,KIT_0009_02,,,,,,,,,,,,,,,,,,,,,,,
dispatch,5945.999999999993,AGV_06,TOTE_0701,station_4,KIT_0009_02,{'PART_10': 25},5760.0,1.2217483760642658,1.1995598238757137,0.02037037037037037,0.0018181818181818182,0.0,0.4358974358974359,0.6,0.3,0.1,0.03,0.1,0.2,0.1,0.006,2.0,1200.0,0.6894592820488159,,,,
kitting_completed,5946.666666666659,AGV_09,TOTE_0683,station_4,KIT_0009_02,,,,,,,,,,,,,,,,,,,,{'PART_10': 25},False,,
kitting_started,5951.999999999997,AGV_05,TOTE_0748,station_3,KIT_0009_01,,,,,,,,,,,,,,,,,,,,,,,
dispatch,5952.66666666666,AGV_10,TOTE_0719,station_4,KIT_0009_02,{'PART_10': 25},5760.0,1.2214289332521773,1.1995770814003255,0.02,0.001851851851851852,0.0,0.48717948717948717,0.6,0.3,0.1,0.03,0.1,0.2,0.1,0.006,2.0,1200.0,0.6841394112333575,,,,
dispatch,5954.666666666664,AGV_02,TOTE_0737,station_3,KIT_0009_01,{'PART_10': 25},5760.0,1.217368381128894,1.1995821255091124,0.015377777777777777,0.002408477842003854,0.0,0.48205128205128206,0.6,0.3,0.1,0.03,0.1,0.2,0.1,0.006,2.0,1200.0,0.6822159004722081,,,,
kitting_completed,5964.666666666659,AGV_07,TOTE_0691,station_2,KIT_0011_01,,,,,,,,,,,,,,,,,,,,"{'PART_01': 10, 'PART_03': 50, 'PART_05': 15}",False,,
kitting_completed,5964.66666666666,AGV_01,TOTE_0706,station_1,KIT_0010_01,,,,,,,,,,,,,,,,,,,,"{'PART_01': 10, 'PART_02': 20, 'PART_03': 50}",False,,
dispatch,5965.333333333326,AGV_04,TOTE_0562,station_1,KIT_0010_01,"{'PART_01': 10, 'PART_02': 20, 'PART_06': 30}",5760.0,1.22048026468929,1.199608028817054,0.016818181818181815,0.004054054054054054,0.0,0.46153846153846156,0.6,0.3,0.1,0.03,0.1,0.2,0.1,0.006,2.0,1200.0,0.6861343126597279,,,,
kitting_started,5965.999999999993,AGV_03,TOTE_0724,station_1,KIT_0010_01,,,,,,,,,,,,,,,,,,,,,,,
dispatch,5967.333333333326,AGV_08,TOTE_0727,station_2,KIT_0011_01,"{'PART_01': 10, 'PART_03': 50, 'PART_05': 15}",8640.0,0.30530510614274453,0.2802060931899641,0.019572115384615386,0.00552689756816507,0.0,0.441025641025641,0.6,0.3,0.1,0.03,0.1,0.2,0.1,0.006,2.0,1200.0,0.1390804995830826,,,,
kitting_completed,5971.999999999997,AGV_05,TOTE_0748,station_3,KIT_0009_01,,,,,,,,,,,,,,,,,,,,"{'PART_01': 10, 'PART_05': 15}",False,,
dispatch,5973.333333333326,AGV_09,TOTE_0766,station_3,KIT_0009_01,"{'PART_01': 10, 'PART_05': 15}",5760.0,1.2171017216005278,1.1996263971151342,0.015007407407407409,0.00246791707798618,0.0,0.517948717948718,0.6,0.3,0.1,0.03,0.1,0.2,0.1,0.006,2.0,1200.0,0.6784661611654448,,,,
kitting_started,5985.999999999992,AGV_06,TOTE_0701,station_4,KIT_0009_02,,,,,,,,,,,,,,,,,,,,,,,
kitting_completed,5995.999999999992,AGV_06,TOTE_0701,station_4,KIT_0009_02,,,,,,,,,,,,,,,,,,,,{'PART_10': 25},False,,
kitting_completed,5995.999999999993,AGV_03,TOTE_0724,station_1,KIT_0010_01,,,,,,,,,,,,,,,,,,,,"{'PART_01': 10, 'PART_02': 20, 'PART_03': 50}",False,,
kitting_started,5995.999999999997,AGV_02,TOTE_0737,station_3,KIT_0009_01,,,,,,,,,,,,,,,,,,,,,,,
dispatch,5996.666666666659,AGV_07,TOTE_0580,station_1,KIT_0010_01,"{'PART_01': 10, 'PART_02': 20, 'PART_06': 30}",5760.0,1.220036916599891,1.1996752008508513,0.016136363636363636,0.004225352112676057,0.0,0.46153846153846156,0.6,0.3,0.1,0.03,0.1,0.2,0.1,0.006,2.0,1200.0,0.6858683038060884,,,,
dispatch,5997.999999999993,AGV_01,TOTE_0751,station_4,KIT_0009_02,"{'PART_01': 10, 'PART_05': 15}",5760.0,1.2211942107289142,1.1996777886464542,0.01962962962962963,0.0018867924528301887,0.0,0.5128205128205128,0.6,0.3,0.1,0.03,0.1,0.2,0.1,0.006,2.0,1200.0,0.6814344751552972,,,,
kitting_started,5999.333333333326,AGV_10,TOTE_0719,station_4,KIT_0009_02,,,,,,,,,,,,,,,,,,,,,,,
kitting_started,6001.999999999992,AGV_04,TOTE_0562,station_1,KIT_0010_01,,,,,,,,,,,,,,,,,,,,,,,
kitting_started,6002.666666666659,AGV_08,TOTE_0727,station_2,KIT_0011_01,,,,,,,,,,,,,,,,,,,,,,,
dispatch,6003.999999999997,AGV_05,TOTE_0763,station_2,KIT_0011_01,"{'PART_01': 10, 'PART_05': 15}",8640.0,0.30113938734968754,0.2806989247311828,0.018490384615384617,0.0019500780031201249,0.0,0.441025641025641,0.6,0.3,0.1,0.03,0.1,0.2,0.1,0.006,2.0,1200.0,0.13658106830724842,,,,
kitting_completed,6005.999999999997,AGV_02,TOTE_0737,station_3,KIT_0009_01,,,,,,,,,,,,,,,,,,,,{'PART_10': 25},False,,
kitting_completed,6009.333333333326,AGV_10,TOTE_0719,station_4,KIT_0009_02,,,,,,,,,,,,,,,,,,,,{'PART_10': 25},False,,
kitting_started,6018.666666666659,AGV_09,TOTE_0766,station_3,KIT_0009_01,,,,,,,,,,,,,,,,,,,,,,,
dispatch,6022.666666666659,AGV_06,TOTE_0664,station_4,KIT_0009_02,"{'PART_01': 10, 'PART_05': 15, 'PART_10': 25}",5760.0,1.222827524586358,1.1997221114809449,0.019259259259259257,0.0038461538461538464,0.0,0.48717948717948717,0.6,0.3,0.1,0.03,0.1,0.2,0.1,0.006,2.0,1200.0,0.684978566033866,,,,
dispatch,6029.333333333326,AGV_03,TOTE_0784,station_3,KIT_0009_01,"{'PART_01': 10, 'PART_05': 15}",5760.0,1.2169004082469028,1.1997330068373961,0.014637037037037037,0.0025303643724696357,0.0,0.4666666666666667,0.6,0.3,0.1,0.03,0.1,0.2,0.1,0.006,2.0,1200.0,0.683473578281475,,,,
kitting_completed,6031.999999999992,AGV_04,TOTE_0562,station_1,KIT_0010_01,,,,,,,,,,,,,,,,,,,,"{'PART_01': 10, 'PART_02': 20, 'PART_06': 30}",False,,
kitting_completed,6032.666666666659,AGV_08,TOTE_0727,station_2,KIT_0011_01,,,,,,,,,,,,,,,,,,,,"{'PART_01': 10, 'PART_03': 50, 'PART_05': 15}",False,,
kitting_started,6033.333333333325,AGV_07,TOTE_0580,station_1,KIT_0010_01,,,,,,,,,,,,,,,,,,,,,,,
dispatch,6035.999999999993,AGV_10,TOTE_0809,station_1,KIT_0010_01,{'PART_01': 10},5760.0,1.215933314615143,1.1997434750429505,0.015454545454545453,0.0007352941176470588,0.0,0.5384615384615384,0.6,0.3,0.1,0.03,0.1,0.2,0.1,0.006,2.0,1200.0,0.6757138349229319,,,,
dispatch,6037.33333333333,AGV_02,TOTE_0781,station_2,KIT_0011_01,"{'PART_01': 10, 'PART_05': 15}",8640.0,0.3012656234680495,0.2811469534050179,0.01812980769230769,0.001988862370723946,0.0,0.5435897435897435,0.6,0.3,0.1,0.03,0.1,0.2,0.1,0.006,2.0,1200.0,0.12640039972185535,,,,
kitting_completed,6038.666666666659,AGV_09,TOTE_0766,station_3,KIT_0009_01,,,,,,,,,,,,,,,,,,,,"{'PART_01': 10, 'PART_05': 15}",False,,
kitting_started,6039.33333333333,AGV_05,TOTE_0763,station_2,KIT_0011_01,,,,,,,,,,,,,,,,,,,,,,,
kitting_started,6041.333333333326,AGV_01,TOTE_0751,station_4,KIT_0009_02,,,,,,,,,,,,,,,,,,,,,,,
kitting_completed,6059.33333333333,AGV_05,TOTE_0763,station_2,KIT_0011_01,,,,,,,,,,,,,,,,,,,,"{'PART_01': 10, 'PART_05': 15}",False,,
kitting_completed,6061.333333333326,AGV_01,TOTE_0751,station_4,KIT_0009_02,,,,,,,,,,,,,,,,,,,,"{'PART_01': 10, 'PART_05': 15}",False,,
kitting_started,6062.666666666659,AGV_06,TOTE_0664,station_4,KIT_0009_02,,,,,,,,,,,,,,,,,,,,,,,
kitting_completed,6063.333333333325,AGV_07,TOTE_0580,station_1,KIT_0010_01,,,,,,,,,,,,,,,,,,,,"{'PART_01': 10, 'PART_02': 20, 'PART_06': 30}",False,,
dispatch,6064.666666666659,AGV_08,TOTE_0838,station_3,KIT_0009_01,"{'PART_01': 10, 'PART_05': 15}",5760.0,1.2166467295609598,1.19978400889637,0.014266666666666665,0.002596053997923157,0.0,0.441025641025641,0.6,0.3,0.1,0.03,0.1,0.2,0.1,0.006,2.0,1200.0,0.6858854736340118,,,,
dispatch,6065.333333333325,AGV_04,TOTE_0598,station_1,KIT_0010_01,"{'PART_01': 10, 'PART_02': 20}",5760.0,1.2173480023967567,1.1997848710836254,0.01534090909090909,0.0022222222222222222,0.0,0.4358974358974359,0.6,0.3,0.1,0.03,0.1,0.2,0.1,0.006,2.0,1200.0,0.6868190578483104,,,,
kitting_started,6067.999999999993,AGV_03,TOTE_0784,station_3,KIT_0009_01,,,,,,,,,,,,,,,,,,,,,,,
dispatch,6070.666666666659,AGV_09,TOTE_0769,station_4,KIT_0009_02,"{'PART_01': 10, 'PART_05': 15}",5760.0,1.2203101643548488,1.1997916458363302,0.01851851851851852,0.002,0.0,0.46153846153846156,0.6,0.3,0.1,0.03,0.1,0.2,0.1,0.006,2.0,1200.0,0.6860322524590632,,,,
kitting_started,6075.999999999993,AGV_10,TOTE_0809,station_1,KIT_0010_01,,,,,,,,,,,,,,,,,,,,,,,
kitting_completed,6085.999999999993,AGV_10,TOTE_0809,station_1,KIT_0010_01,,,,,,,,,,,,,,,,,,,,{'PART_01': 10},False,,
kitting_started,6085.999999999997,AGV_02,TOTE_0781,station_2,KIT_0011_01,,,,,,,,,,,,,,,,,,,,,,,
kitting_completed,6087.999999999993,AGV_03,TOTE_0784,station_3,KIT_0009_01,,,,,,,,,,,,,,,,,,,,"{'PART_01': 10, 'PART_05': 15}",False,,
dispatch,6091.33333333333,AGV_05,TOTE_0856,station_3,KIT_0009_01,"{'PART_01': 10, 'PART_05': 15}",5760.0,1.2163774843884716,1.1998159428896167,0.013896296296296295,0.0026652452025586353,0.0,0.441025641025641,0.6,0.3,0.1,0.03,0.1,0.2,0.1,0.006,2.0,1200.0,0.6857239265305188,,,,
kitting_completed,6092.666666666659,AGV_06,TOTE_0664,station_4,KIT_0009_02,,,,,,,,,,,,,,,,,,,,"{'PART_01': 10, 'PART_05': 15, 'PART_10': 25}",False,,
dispatch,6094.666666666659,AGV_01,TOTE_0787,station_4,KIT_0009_02,"{'PART_01': 10, 'PART_05': 15}",5760.0,1.220008551756603,1.1998195872819242,0.01814814814814815,0.002040816326530612,0.0,0.4358974358974359,0.6,0.3,0.1,0.03,0.1,0.2,0.1,0.006,2.0,1200.0,0.6884153874642183,,,,
dispatch,6096.666666666658,AGV_07,TOTE_0742,station_1,KIT_0010_01,"{'PART_01': 10, 'PART_02': 20}",5760.0,1.2170944664627843,1.1998217391900572,0.015,0.002272727272727273,0.0,0.4358974358974359,0.6,0.3,0.1,0.03,0.1,0.2,0.1,0.006,2.0,1200.0,0.686666936287927,,,,
kitting_started,6098.666666666658,AGV_04,TOTE_0598,station_1,KIT_0010_01,,,,,,,,,,,,,,,,,,,,,,,
kitting_started,6099.999999999992,AGV_08,TOTE_0838,station_3,KIT_0009_01,,,,,,,,,,,,,,,,,,,,,,,
kitting_completed,6105.999999999997,AGV_02,TOTE_0781,station_2,KIT_0011_01,,,,,,,,,,,,,,,,,,,,"{'PART_01': 10, 'PART_05': 15}",False,,
kitting_started,6107.333333333325,AGV_09,TOTE_0769,station_4,KIT_0009_02,,,,,,,,,,,,,,,,,,,,,,,
kitting_completed,6118.666666666658,AGV_04,TOTE_0598,station_1,KIT_0010_01,,,,,,,,,,,,,,,,,,,,"{'PART_01': 10, 'PART_02': 20}",False,,
kitting_completed,6119.999999999992,AGV_08,TOTE_0838,station_3,KIT_0009_01,,,,,,,,,,,,,,,,,,,,"{'PART_01': 10, 'PART_05': 15}",False,,
dispatch,6119.999999999993,AGV_03,TOTE_0550,station_3,KIT_0009_01,{'PART_01': 10},5760.0,1.2144662426720578,1.199845026494215,0.013525925925925924,0.001095290251916758,0.0,0.4153846153846154,0.6,0.3,0.1,0.03,0.1,0.2,0.1,0.006,2.0,1200.0,0.6871412840647732,,,,
dispatch,6125.999999999992,AGV_06,TOTE_0760,station_1,KIT_0010_01,"{'PART_01': 10, 'PART_02': 20}",5760.0,1.2168351783887628,1.199850506084323,0.014659090909090908,0.002325581395348837,0.0,0.5384615384615384,0.6,0.3,0.1,0.03,0.1,0.2,0.1,0.006,2.0,1200.0,0.6762549531871037,,,,
dispatch,6125.999999999993,AGV_10,TOTE_0799,station_2,KIT_0011_01,"{'PART_01': 10, 'PART_05': 15}",8640.0,0.3021371612258708,0.28233870967741925,0.01776923076923077,0.0020292207792207795,0.0,0.5435897435897435,0.6,0.3,0.1,0.03,0.1,0.2,0.1,0.006,2.0,1200.0,0.12692332237654813,,,,
kitting_started,6126.666666666663,AGV_05,TOTE_0856,station_3,KIT_0009_01,,,,,,,,,,,,,,,,,,,,,,,
kitting_completed,6127.333333333325,AGV_09,TOTE_0769,station_4,KIT_0009_02,,,,,,,,,,,,,,,,,,,,"{'PART_01': 10, 'PART_05': 15}",False,,
kitting_started,6128.666666666658,AGV_01,TOTE_0787,station_4,KIT_0009_02,,,,,,,,,,,,,,,,,,,,,,,
kitting_started,6129.999999999991,AGV_07,TOTE_0742,station_1,KIT_0010_01,,,,,,,,,,,,,,,,,,,,,,,
dispatch,6137.999999999997,AGV_02,TOTE_0841,station_4,KIT_0009_02,"{'PART_01': 10, 'PART_05': 15}",5760.0,1.2197220020025064,1.1998608908913952,0.017777777777777778,0.0020833333333333333,0.0,0.48717948717948717,0.6,0.3,0.1,0.03,0.1,0.2,0.1,0.006,2.0,1200.0,0.683115252483555,,,,
kitting_completed,6146.666666666663,AGV_05,TOTE_0856,station_3,KIT_0009_01,,,,,,,,,,,,,,,,,,,,"{'PART_01': 10, 'PART_05': 15}",False,,
kitting_completed,6148.666666666658,AGV_01,TOTE_0787,station_4,KIT_0009_02,,,,,,,,,,,,,,,,,,,,"{'PART_01': 10, 'PART_05': 15}",False,,
kitting_completed,6149.999999999991,AGV_07,TOTE_0742,station_1,KIT_0010_01,,,,,,,,,,,,,,,,,,,,"{'PART_01': 10, 'PART_02': 20}",False,,
dispatch,6151.999999999991,AGV_04,TOTE_0778,station_1,KIT_0010_01,"{'PART_01': 10, 'PART_02': 20}",5760.0,1.216571232538451,1.1998720983393167,0.014318181818181818,0.002380952380952381,0.0,0.4358974358974359,0.6,0.3,0.1,0.03,0.1,0.2,0.1,0.006,2.0,1200.0,0.686352995933327,,,,
dispatch,6151.999999999992,AGV_08,TOTE_0838,station_3,KIT_0009_01,"{'PART_01': 10, 'PART_05': 15}",5760.0,1.2160184253972717,1.1998720983393167,0.013377777777777778,0.0027685492801771874,0.0,0.4153846153846154,0.6,0.3,0.1,0.03,0.1,0.2,0.1,0.006,2.0,1200.0,0.6880725936999015,,,,
kitting_started,6151.999999999993,AGV_03,TOTE_0550,station_3,KIT_0009_01,,,,,,,,,,,,,,,,,,,,,,,
dispatch,6160.666666666658,AGV_09,TOTE_0859,station_4,KIT_0009_02,"{'PART_01': 10, 'PART_05': 15}",5760.0,1.2194136460246674,1.199878579042792,0.017407407407407406,0.002127659574468085,0.0,0.4358974358974359,0.6,0.3,0.1,0.03,0.1,0.2,0.1,0.006,2.0,1200.0,0.6880584440250569,,,,
kitting_completed,6161.999999999993,AGV_03,TOTE_0550,station_3,KIT_0009_01,,,,,,,,,,,,,,,,,,,,{'PART_01': 10},False,,
kitting_started,6172.666666666658,AGV_06,TOTE_0760,station_1,KIT_0010_01,,,,,,,,,,,,,,,,,,,,,,,
kitting_started,6174.66666666666,AGV_10,TOTE_0799,station_2,KIT_0011_01,,,,,,,,,,,,,,,,,,,,,,,
kitting_started,6177.999999999997,AGV_02,TOTE_0841,station_4,KIT_0009_02,,,,,,,,,,,,,,,,,,,,,,,
dispatch,6178.666666666663,AGV_05,TOTE_0856,station_3,KIT_0009_01,"{'PART_01': 10, 'PART_05': 15}",5760.0,1.2157457966391043,1.199891008821674,0.013007407407407407,0.0028473804100227792,0.0,0.4153846153846154,0.6,0.3,0.1,0.03,0.1,0.2,0.1,0.006,2.0,1200.0,0.687909016445001,,,,
dispatch,6181.999999999991,AGV_01,TOTE_0817,station_2,KIT_0011_01,"{'PART_01': 10, 'PART_05': 15}",8640.0,0.3025713027312416,0.28309139784946225,0.017408653846153848,0.002071251035625518,0.0,0.4666666666666667,0.6,0.3,0.1,0.03,0.1,0.2,0.1,0.006,2.0,1200.0,0.1348761149720783,,,,
kitting_started,6183.999999999992,AGV_08,TOTE_0838,station_3,KIT_0009_01,,,,,,,,,,,,,,,,,,,,,,,
kitting_completed,6192.666666666658,AGV_06,TOTE_0760,station_1,KIT_0010_01,,,,,,,,,,,,,,,,,,,,"{'PART_01': 10, 'PART_02': 20}",False,,
dispatch,6192.666666666658,AGV_07,TOTE_0796,station_1,KIT_0010_01,"{'PART_01': 10, 'PART_02': 20}",5760.0,1.2163160869770737,1.1998997898595571,0.013977272727272727,0.002439024390243903,0.0,0.4358974358974359,0.6,0.3,0.1,0.03,0.1,0.2,0.1,0.006,2.0,1200.0,0.6861999085965007,,,,
kitting_started,6193.999999999991,AGV_04,TOTE_0778,station_1,KIT_0010_01,,,,,,,,,,,,,,,,,,,,,,,
kitting_completed,6194.66666666666,AGV_10,TOTE_0799,station_2,KIT_0011_01,,,,,,,,,,,,,,,,,,,,"{'PART_01': 10, 'PART_05': 15}",False,,
dispatch,6194.66666666666,AGV_03,TOTE_0835,station_2,KIT_0011_01,"{'PART_01': 10, 'PART_05': 15}",8640.0,0.30242478489025476,0.2832616487455196,0.017048076923076923,0.0021150592216582064,0.0,0.441025641025641,0.6,0.3,0.1,0.03,0.1,0.2,0.1,0.006,2.0,1200.0,0.13735230683158875,,,,
kitting_completed,6197.999999999997,AGV_02,TOTE_0841,station_4,KIT_0009_02,,,,,,,,,,,,,,,,,,,,"{'PART_01': 10, 'PART_05': 15}",False,,
kitting_started,6199.33333333333,AGV_09,TOTE_0859,station_4,KIT_0009_02,,,,,,,,,,,,,,,,,,,,,,,
kitting_completed,6203.999999999992,AGV_08,TOTE_0838,station_3,KIT_0009_01,,,,,,,,,,,,,,,,,,,,"{'PART_01': 10, 'PART_05': 15}",False,,
kitting_started,6210.666666666663,AGV_05,TOTE_0856,station_3,KIT_0009_01,,,,,,,,,,,,,,,,,,,,,,,
kitting_completed,6213.999999999991,AGV_04,TOTE_0778,station_1,KIT_0010_01,,,,,,,,,,,,,,,,,,,,"{'PART_01': 10, 'PART_02': 20}",False,,
kitting_completed,6219.33333333333,AGV_09,TOTE_0859,station_4,KIT_0009_02,,,,,,,,,,,,,,,,,,,,"{'PART_01': 10, 'PART_05': 15}",False,,
kitting_started,6220.666666666658,AGV_01,TOTE_0817,station_2,KIT_0011_01,,,,,,,,,,,,,,,,,,,,,,,
kitting_started,6225.999999999991,AGV_07,TOTE_0796,station_1,KIT_0010_01,,,,,,,,,,,,,,,,,,,,,,,
dispatch,6225.999999999991,AGV_06,TOTE_0814,station_1,KIT_0010_01,"{'PART_01': 10, 'PART_02': 20}",5760.0,1.2160543180986034,1.1999179544622398,0.013636363636363637,0.0025000000000000005,0.0,0.4358974358974359,0.6,0.3,0.1,0.03,0.1,0.2,0.1,0.006,2.0,1200.0,0.6860428472694184,,,,
dispatch,6226.66666666666,AGV_10,TOTE_0799,station_3,KIT_0009_01,{'PART_10': 25},5760.0,1.215486151374892,1.1999182819814658,0.012637037037037037,0.0029308323563892145,0.0,0.4666666666666667,0.6,0.3,0.1,0.03,0.1,0.2,0.1,0.006,2.0,1200.0,0.6826250241582685,,,,
kitting_completed,6230.666666666663,AGV_05,TOTE_0856,station_3,KIT_0009_01,,,,,,,,,,,,,,,,,,,,"{'PART_01': 10, 'PART_05': 15}",False,,
dispatch,6231.33333333333,AGV_02,TOTE_0841,station_4,KIT_0009_02,"{'PART_01': 10, 'PART_05': 15}",5760.0,1.2191314883801283,1.199920538299613,0.017037037037037038,0.002173913043478261,0.0,0.4358974358974359,0.6,0.3,0.1,0.03,0.1,0.2,0.1,0.006,2.0,1200.0,0.6878891494383335,,,,
dispatch,6235.999999999992,AGV_08,TOTE_0625,station_4,KIT_0009_02,{'PART_05': 15},5760.0,1.2179227323198438,1.1999227323198438,0.016666666666666666,0.0013333333333333335,0.0,0.46153846153846156,0.6,0.3,0.1,0.03,0.1,0.2,0.1,0.006,2.0,1200.0,0.6845997932380601,,,,
kitting_completed,6240.666666666658,AGV_01,TOTE_0817,station_2,KIT_0011_01,,,,,,,,,,,,,,,,,,,,"{'PART_01': 10, 'PART_05': 15}",False,,
kitting_started,6241.999999999991,AGV_03,TOTE_0835,station_2,KIT_0011_01,,,,,,,,,,,,,,,,,,,,,,,
kitting_completed,6245.999999999991,AGV_07,TOTE_0796,station_1,KIT_0010_01,,,,,,,,,,,,,,,,,,,,"{'PART_01': 10, 'PART_02': 20}",False,,
dispatch,6247.333333333324,AGV_04,TOTE_0649,station_1,KIT_0010_01,"{'PART_01': 10, 'PART_02': 20, 'PART_03': 50}",5760.0,1.2200608731417453,1.199927811758684,0.013295454545454546,0.0068376068376068385,0.0,0.46153846153846156,0.6,0.3,0.1,0.03,0.1,0.2,0.1,0.006,2.0,1200.0,0.685882677731201,,,,
dispatch,6252.666666666663,AGV_09,TOTE_0859,station_3,KIT_0009_01,"{'PART_01': 10, 'PART_05': 15}",5760.0,1.215216075507147,1.199930085168983,0.012266666666666665,0.0030193236714975845,0.0,0.4564102564102564,0.6,0.3,0.1,0.03,0.1,0.2,0.1,0.006,2.0,1200.0,0.6834886196632626,,,,
kitting_started,6259.333333333324,AGV_06,TOTE_0814,station_1,KIT_0010_01,,,,,,,,,,,,,,,,,,,,,,,
kitting_completed,6261.999999999991,AGV_03,TOTE_0835,station_2,KIT_0011_01,,,,,,,,,,,,,,,,,,,,"{'PART_01': 10, 'PART_05': 15}",False,,
kitting_started,6261.999999999993,AGV_10,TOTE_0799,station_3,KIT_0009_01,,,,,,,,,,,,,,,,,,,,,,,
dispatch,6262.666666666663,AGV_05,TOTE_0853,station_2,KIT_0011_01,"{'PART_01': 10, 'PART_05': 15}",8640.0,0.30302388782787026,0.28417562724014334,0.0166875,0.00216076058772688,0.0,0.441025641025641,0.6,0.3,0.1,0.03,0.1,0.2,0.1,0.006,2.0,1200.0,0.13771176859415804,,,,
kitting_started,6264.666666666663,AGV_02,TOTE_0841,station_4,KIT_0009_02,,,,,,,,,,,,,,,,,,,,,,,
kitting_completed,6271.999999999993,AGV_10,TOTE_0799,station_3,KIT_0009_01,,,,,,,,,,,,,,,,,,,,{'PART_10': 25},False,,
dispatch,6272.666666666658,AGV_01,TOTE_0817,station_3,KIT_0009_01,{'PART_10': 25},5760.0,1.2149476122987881,1.1999379909713586,0.011896296296296297,0.0031133250311332506,0.0,0.4666666666666667,0.6,0.3,0.1,0.03,0.1,0.2,0.1,0.006,2.0,1200.0,0.6823019007126062,,,,
kitting_completed,6279.333333333324,AGV_06,TOTE_0814,station_1,KIT_0010_01,,,,,,,,,,,,,,,,,,,,"{'PART_01': 10, 'PART_02': 20}",False,,
dispatch,6279.333333333324,AGV_07,TOTE_0667,station_1,KIT_0010_01,"{'PART_01': 10, 'PART_02': 20, 'PART_03': 50}",5760.0,1.219666235517558,1.19994042233991,0.012386363636363635,0.007339449541284404,0.0,0.46153846153846156,0.6,0.3,0.1,0.03,0.1,0.2,0.1,0.006,2.0,1200.0,0.6856458951566886,,,,
kitting_started,6283.99999999999,AGV_04,TOTE_0649,station_1,KIT_0010_01,,,,,,,,,,,,,,,,,,,,,,,
kitting_completed,6284.666666666663,AGV_02,TOTE_0841,station_4,KIT_0009_02,,,,,,,,,,,,,,,,,,,,"{'PART_01': 10, 'PART_05': 15}",False,,
kitting_started,6285.999999999996,AGV_08,TOTE_0625,station_4,KIT_0009_02,,,,,,,,,,,,,,,,,,,,,,,
kitting_started,6287.333333333329,AGV_09,TOTE_0859,station_3,KIT_0009_01,,,,,,,,,,,,,,,,,,,,,,,
dispatch,6293.999999999991,AGV_03,TOTE_0808,station_4,KIT_0009_02,"{'PART_01': 10, 'PART_05': 15, 'PART_10': 25}",5760.0,1.2208943899826483,1.1999454410336994,0.016444444444444446,0.0045045045045045045,0.0,0.5128205128205128,0.6,0.3,0.1,0.03,0.1,0.2,0.1,0.006,2.0,1200.0,0.6812545827075377,,,,
kitting_completed,6295.999999999996,AGV_08,TOTE_0625,station_4,KIT_0009_02,,,,,,,,,,,,,,,,,,,,{'PART_05': 15},False,,
kitting_started,6297.999999999996,AGV_05,TOTE_0853,station_2,KIT_0011_01,,,,,,,,,,,,,,,,,,,,,,,
dispatch,6307.333333333326,AGV_10,TOTE_0826,station_4,KIT_0009_02,"{'PART_01': 10, 'PART_05': 15, 'PART_10': 25}",5760.0,1.2203703205034593,1.19994963566768,0.015703703703703702,0.004716981132075472,0.0,0.5128205128205128,0.6,0.3,0.1,0.03,0.1,0.2,0.1,0.006,2.0,1200.0,0.6809401410200242,,,,
kitting_completed,6307.333333333329,AGV_09,TOTE_0859,station_3,KIT_0009_01,,,,,,,,,,,,,,,,,,,,"{'PART_01': 10, 'PART_05': 15}",False,,
kitting_started,6308.666666666662,AGV_01,TOTE_0817,station_3,KIT_0009_01,,,,,,,,,,,,,,,,,,,,,,,
dispatch,6312.666666666657,AGV_06,TOTE_0835,station_3,KIT_0009_01,"{'PART_01': 10, 'PART_05': 15}",5760.0,1.2146905153263345,1.199951221791154,0.011525925925925924,0.003213367609254499,0.0,0.49230769230769234,0.6,0.3,0.1,0.03,0.1,0.2,0.1,0.006,2.0,1200.0,0.6795835399650315,,,,
kitting_completed,6313.99999999999,AGV_04,TOTE_0649,station_1,KIT_0010_01,,,,,,,,,,,,,,,,,,,,"{'PART_01': 10, 'PART_02': 20, 'PART_03': 50}",False,,
kitting_started,6315.99999999999,AGV_07,TOTE_0667,station_1,KIT_0010_01,,,,,,,,,,,,,,,,,,,,,,,
kitting_completed,6317.999999999996,AGV_05,TOTE_0853,station_2,KIT_0011_01,,,,,,,,,,,,,,,,,,,,"{'PART_01': 10, 'PART_05': 15}",False,,
dispatch,6317.999999999996,AGV_02,TOTE_0685,station_1,KIT_0010_01,"{'PART_01': 10, 'PART_02': 20, 'PART_03': 50}",5760.0,1.2193508227699918,1.1999527579635112,0.011477272727272727,0.007920792079207921,0.0,0.5384615384615384,0.6,0.3,0.1,0.03,0.1,0.2,0.1,0.006,2.0,1200.0,0.6777643398158412,,,,
kitting_completed,6318.666666666662,AGV_01,TOTE_0817,station_3,KIT_0009_01,,,,,,,,,,,,,,,,,,,,{'PART_10': 25},False,,
dispatch,6329.333333333329,AGV_08,TOTE_0871,station_3,KIT_0009_01,"{'PART_01': 10, 'PART_05': 15}",5760.0,1.2144314722709457,1.1999558635945402,0.011155555555555556,0.0033200531208499337,0.0,0.517948717948718,0.6,0.3,0.1,0.03,0.1,0.2,0.1,0.006,2.0,1200.0,0.6768640115676956,,,,
kitting_started,6337.333333333324,AGV_03,TOTE_0808,station_4,KIT_0009_02,,,,,,,,,,,,,,,,,,,,,,,
dispatch,6341.999999999996,AGV_09,TOTE_0694,station_2,KIT_0011_01,{'PART_03': 50},8640.0,0.30598581969153604,0.28524193548387095,0.01632692307692308,0.00441696113074205,0.0,0.49230769230769234,0.6,0.3,0.1,0.03,0.1,0.2,0.1,0.006,2.0,1200.0,0.13436072258415238,,,,
kitting_completed,6345.99999999999,AGV_07,TOTE_0667,station_1,KIT_0010_01,,,,,,,,,,,,,,,,,,,,"{'PART_01': 10, 'PART_02': 20, 'PART_03': 50}",False,,
dispatch,6347.333333333323,AGV_04,TOTE_0703,station_1,KIT_0010_01,"{'PART_01': 10, 'PART_02': 20, 'PART_03': 50}",5760.0,1.2191307142505425,1.1999603818947264,0.010568181818181819,0.00860215053763441,0.0,0.4358974358974359,0.6,0.3,0.1,0.03,0.1,0.2,0.1,0.006,2.0,1200.0,0.687888684960582,,,,
dispatch,6349.999999999996,AGV_05,TOTE_0853,station_2,KIT_0011_01,"{'PART_01': 10, 'PART_05': 15}",8640.0,0.3032657676407228,0.28534946236559133,0.015605769230769229,0.0023105360443622922,0.0,0.4153846153846154,0.6,0.3,0.1,0.03,0.1,0.2,0.1,0.006,2.0,1200.0,0.14042099904597213,,,,
kitting_started,6351.333333333323,AGV_06,TOTE_0835,station_3,KIT_0009_01,,,,,,,,,,,,,,,,,,,,,,,
kitting_started,6364.666666666662,AGV_02,TOTE_0685,station_1,KIT_0010_01,,,,,,,,,,,,,,,,,,,,,,,
kitting_completed,6367.333333333324,AGV_03,TOTE_0808,station_4,KIT_0009_02,,,,,,,,,,,,,,,,,,,,"{'PART_01': 10, 'PART_05': 15, 'PART_10': 25}",False,,
dispatch,6367.333333333324,AGV_01,TOTE_0556,station_4,KIT_0009_02,"{'PART_01': 10, 'PART_05': 15}",5760.0,1.217403072336756,1.1999648618490404,0.014962962962962963,0.0024752475247524757,0.0,0.5128205128205128,0.6,0.3,0.1,0.03,0.1,0.2,0.1,0.006,2.0,1200.0,0.6791597921200022,,,,
kitting_started,6368.666666666657,AGV_10,TOTE_0826,station_4,KIT_0009_02,,,,,,,,,,,,,,,,,,,,,,,
kitting_completed,6371.333333333323,AGV_06,TOTE_0835,station_3,KIT_0009_01,,,,,,,,,,,,,,,,,,,,"{'PART_01': 10, 'PART_05': 15}",False,,
kitting_started,6372.666666666656,AGV_08,TOTE_0871,station_3,KIT_0009_01,,,,,,,,,,,,,,,,,,,,,,,
dispatch,6379.333333333323,AGV_07,TOTE_0796,station_3,KIT_0009_01,"{'PART_05': 15, 'PART_10': 25}",5760.0,1.21624699352243,1.1999673028427393,0.010785185185185184,0.005494505494505495,0.0,0.5435897435897435,0.6,0.3,0.1,0.03,0.1,0.2,0.1,0.006,2.0,1200.0,0.6753892217544837,,,,
kitting_started,6380.666666666662,AGV_09,TOTE_0694,station_2,KIT_0011_01,,,,,,,,,,,,,,,,,,,,,,,
kitting_completed,6390.666666666662,AGV_09,TOTE_0694,station_2,KIT_0011_01,,,,,,,,,,,,,,,,,,,,{'PART_03': 50},False,,
kitting_started,6391.999999999995,AGV_05,TOTE_0853,station_2,KIT_0011_01,,,,,,,,,,,,,,,,,,,,,,,
kitting_completed,6392.666666666656,AGV_08,TOTE_0871,station_3,KIT_0009_01,,,,,,,,,,,,,,,,,,,,"{'PART_01': 10, 'PART_05': 15}",False,,
kitting_completed,6394.666666666662,AGV_02,TOTE_0685,station_1,KIT_0010_01,,,,,,,,,,,,,,,,,,,,"{'PART_01': 10, 'PART_02': 20, 'PART_03': 50}",False,,
kitting_started,6395.999999999995,AGV_04,TOTE_0703,station_1,KIT_0010_01,,,,,,,,,,,,,,,,,,,,,,,
kitting_completed,6398.666666666657,AGV_10,TOTE_0826,station_4,KIT_0009_02,,,,,,,,,,,,,,,,,,,,"{'PART_01': 10, 'PART_05': 15, 'PART_10': 25}",False,,
dispatch,6400.666666666657,AGV_03,TOTE_0150,station_1,KIT_0010_01,{'PART_02': 100},5760.0,1.2213950280557457,1.1999712312643018,0.00965909090909091,0.011764705882352941,0.0,0.4358974358974359,0.6,0.3,0.1,0.03,0.1,0.2,0.1,0.006,2.0,1200.0,0.6892472732437038,,,,
dispatch,6406.666666666656,AGV_06,TOTE_0574,station_4,KIT_0009_02,"{'PART_01': 10, 'PART_05': 15}",5760.0,1.2171029121690935,1.199972248510511,0.014592592592592591,0.002538071065989848,0.0,0.5128205128205128,0.6,0.3,0.1,0.03,0.1,0.2,0.1,0.006,2.0,1200.0,0.6789796960194048,,,,
kitting_started,6410.666666666657,AGV_01,TOTE_0556,station_4,KIT_0009_02,,,,,,,,,,,,,,,,,,,,,,,
kitting_completed,6411.999999999995,AGV_05,TOTE_0853,station_2,KIT_0011_01,,,,,,,,,,,,,,,,,,,,"{'PART_01': 10, 'PART_05': 15}",False,,
kitting_started,6421.333333333322,AGV_07,TOTE_0796,station_3,KIT_0009_01,,,,,,,,,,,,,,,,,,,,,,,
kitting_completed,6425.999999999995,AGV_04,TOTE_0703,station_1,KIT_0010_01,,,,,,,,,,,,,,,,,,,,"{'PART_01': 10, 'PART_02': 20, 'PART_03': 50}",False,,
dispatch,6425.999999999995,AGV_09,TOTE_0721,station_1,KIT_0010_01,"{'PART_01': 10, 'PART_03': 50}",5760.0,1.2164980152380631,1.1999752879653358,0.008522727272727272,0.008,0.0,0.5128205128205128,0.6,0.3,0.1,0.03,0.1,0.2,0.1,0.006,2.0,1200.0,0.6786167578607866,,,,
dispatch,6427.999999999989,AGV_08,TOTE_0871,station_3,KIT_0009_01,"{'PART_01': 10, 'PART_05': 15}",5760.0,1.213801896258407,1.1999755827355818,0.010192592592592593,0.0036337209302325585,0.0,0.4666666666666667,0.6,0.3,0.1,0.03,0.1,0.2,0.1,0.006,2.0,1200.0,0.6816144710883775,,,,
dispatch,6427.999999999995,AGV_02,TOTE_0739,station_2,KIT_0011_01,"{'PART_01': 10, 'PART_03': 50, 'PART_05': 15}",8640.0,0.3087385952232273,0.2863978494623656,0.01524519230769231,0.007095553453169347,0.0,0.5076923076923077,0.6,0.3,0.1,0.03,0.1,0.2,0.1,0.006,2.0,1200.0,0.1344739263647056,,,,
kitting_completed,6430.666666666657,AGV_01,TOTE_0556,station_4,KIT_0009_02,,,,,,,,,,,,,,,,,,,,"{'PART_01': 10, 'PART_05': 15}",False,,
dispatch,6431.99999999999,AGV_10,TOTE_0592,station_4,KIT_0009_02,"{'PART_01': 10, 'PART_05': 15}",5760.0,1.2168025506587317,1.1999761617698428,0.014222222222222223,0.002604166666666667,0.0,0.4358974358974359,0.6,0.3,0.1,0.03,0.1,0.2,0.1,0.006,2.0,1200.0,0.6864917868054954,,,,
kitting_completed,6441.333333333322,AGV_07,TOTE_0796,station_3,KIT_0009_01,,,,,,,,,,,,,,,,,,,,"{'PART_05': 15, 'PART_10': 25}",False,,
dispatch,6443.999999999995,AGV_05,TOTE_0814,station_3,KIT_0009_01,"{'PART_05': 15, 'PART_10': 25}",5760.0,1.215833222506126,1.199977817780133,0.00982222222222222,0.006033182503770739,0.0,0.5435897435897435,0.6,0.3,0.1,0.03,0.1,0.2,0.1,0.006,2.0,1200.0,0.6751409591447011,,,,
kitting_started,6447.333333333324,AGV_03,TOTE_0150,station_1,KIT_0010_01,,,,,,,,,,,,,,,,,,,,,,,
kitting_started,6449.999999999989,AGV_06,TOTE_0574,station_4,KIT_0009_02,,,,,,,,,,,,,,,,,,,,,,,
dispatch,6459.3333333333285,AGV_04,TOTE_0562,station_2,KIT_0011_01,"{'PART_05': 15, 'PART_08': 12}",8640.0,0.3037319487892627,0.2868189964157706,0.014163461538461538,0.00274949083503055,0.0,0.48205128205128206,0.6,0.3,0.1,0.03,0.1,0.2,0.1,0.006,2.0,1200.0,0.1340340410684294,,,,
kitting_started,6463.333333333322,AGV_08,TOTE_0871,station_3,KIT_0009_01,,,,,,,,,,,,,,,,,,,,,,,
kitting_started,6465.999999999995,AGV_02,TOTE_0739,station_2,KIT_0011_01,,,,,,,,,,,,,,,,,,,,,,,
kitting_completed,6469.999999999989,AGV_06,TOTE_0574,station_4,KIT_0009_02,,,,,,,,,,,,,,,,,,,,"{'PART_01': 10, 'PART_05': 15}",False,,
dispatch,6469.999999999989,AGV_01,TOTE_0610,station_4,KIT_0009_02,"{'PART_01': 10, 'PART_05': 15}",5760.0,1.2165066704243348,1.1999810217810392,0.01385185185185185,0.0026737967914438505,0.0,0.4358974358974359,0.6,0.3,0.1,0.03,0.1,0.2,0.1,0.006,2.0,1200.0,0.6863142586648573,,,,
kitting_started,6471.333333333322,AGV_10,TOTE_0592,station_4,KIT_0009_02,,,,,,,,,,,,,,,,,,,,,,,
kitting_completed,6483.333333333322,AGV_08,TOTE_0871,station_3,KIT_0009_01,,,,,,,,,,,,,,,,,,,,"{'PART_01': 10, 'PART_05': 15}",False,,
dispatch,6483.333333333322,AGV_07,TOTE_0832,station_3,KIT_0009_01,"{'PART_01': 10, 'PART_05': 15}",5760.0,1.2132249516098739,1.1999824808887514,0.00922962962962963,0.004012841091492777,0.0,0.517948717948718,0.6,0.3,0.1,0.03,0.1,0.2,0.1,0.006,2.0,1200.0,0.6761400991710524,,,,
kitting_started,6485.9999999999945,AGV_05,TOTE_0814,station_3,KIT_0009_01,,,,,,,,,,,,,,,,,,,,,,,
kitting_completed,6491.333333333322,AGV_10,TOTE_0592,station_4,KIT_0009_02,,,,,,,,,,,,,,,,,,,,"{'PART_01': 10, 'PART_05': 15}",False,,
kitting_completed,6495.999999999995,AGV_02,TOTE_0739,station_2,KIT_0011_01,,,,,,,,,,,,,,,,,,,,"{'PART_01': 10, 'PART_03': 50, 'PART_05': 15}",False,,
kitting_completed,6497.333333333324,AGV_03,TOTE_0150,station_1,KIT_0010_01,,,,,,,,,,,,,,,,,,,,{'PART_02': 100},False,,
kitting_started,6497.3333333333285,AGV_04,TOTE_0562,station_2,KIT_0011_01,,,,,,,,,,,,,,,,,,,,,,,
kitting_started,6498.666666666657,AGV_09,TOTE_0721,station_1,KIT_0010_01,,,,,,,,,,,,,,,,,,,,,,,
kitting_started,6503.333333333322,AGV_01,TOTE_0610,station_4,KIT_0009_02,,,,,,,,,,,,,,,,,,,,,,,
dispatch,6503.333333333322,AGV_06,TOTE_0024,station_1,KIT_0010_01,{'PART_01': 60},5760.0,1.2165210231984718,1.1999844619336497,0.007840909090909091,0.008695652173913044,0.0,0.4358974358974359,0.6,0.3,0.1,0.03,0.1,0.2,0.1,0.006,2.0,1200.0,0.6863228703293395,,,,
kitting_completed,6505.9999999999945,AGV_05,TOTE_0814,station_3,KIT_0009_01,,,,,,,,,,,,,,,,,,,,"{'PART_05': 15, 'PART_10': 25}",False,,
dispatch,6517.333333333324,AGV_03,TOTE_0850,station_3,KIT_0009_01,"{'PART_01': 10, 'PART_05': 15}",5760.0,1.2130255750771188,1.1999857138111705,0.008859259259259258,0.004180602006688963,0.0,0.6205128205128205,0.6,0.3,0.1,0.03,0.1,0.2,0.1,0.006,2.0,1200.0,0.6657640629949892,,,,
kitting_completed,6517.3333333333285,AGV_04,TOTE_0562,station_2,KIT_0011_01,,,,,,,,,,,,,,,,,,,,"{'PART_05': 15, 'PART_08': 12}",False,,
dispatch,6518.666666666655,AGV_08,TOTE_0628,station_4,KIT_0009_02,"{'PART_01': 10, 'PART_05': 15}",5760.0,1.2162145618730258,1.1999858276442916,0.013481481481481481,0.0027472527472527475,0.0,0.5128205128205128,0.6,0.3,0.1,0.03,0.1,0.2,0.1,0.006,2.0,1200.0,0.6784466858417642,,,,
kitting_completed,6518.666666666657,AGV_09,TOTE_0721,station_1,KIT_0010_01,,,,,,,,,,,,,,,,,,,,"{'PART_01': 10, 'PART_03': 50}",False,,
kitting_started,6521.999999999988,AGV_07,TOTE_0832,station_3,KIT_0009_01,,,,,,,,,,,,,,,,,,,,,,,
kitting_completed,6523.333333333322,AGV_01,TOTE_0610,station_4,KIT_0009_02,,,,,,,,,,,,,,,,,,,,"{'PART_01': 10, 'PART_05': 15}",False,,
dispatch,6524.666666666655,AGV_10,TOTE_0646,station_4,KIT_0009_02,"{'PART_01': 10, 'PART_05': 15}",5760.0,1.2159222986409,1.1999863287727268,0.01311111111111111,0.002824858757062147,0.0,0.4358974358974359,0.6,0.3,0.1,0.03,0.1,0.2,0.1,0.006,2.0,1200.0,0.6859636355947965,,,,
dispatch,6533.999999999995,AGV_02,TOTE_0559,station_1,KIT_0010_01,{'PART_06': 30},5760.0,1.2119080689878998,1.1999870733169042,0.007159090909090909,0.004761904761904762,0.0,0.4358974358974359,0.6,0.3,0.1,0.03,0.1,0.2,0.1,0.006,2.0,1200.0,0.6835550978029963,,,,
kitting_completed,6541.999999999988,AGV_07,TOTE_0832,station_3,KIT_0009_01,,,,,,,,,,,,,,,,,,,,"{'PART_01': 10, 'PART_05': 15}",False,,
dispatch,6544.6666666666615,AGV_05,TOTE_0868,station_3,KIT_0009_01,"{'PART_01': 10, 'PART_05': 15}",5760.0,1.2128397653380192,1.1999878747039294,0.00848888888888889,0.004363001745200698,0.0,0.517948717948718,0.6,0.3,0.1,0.03,0.1,0.2,0.1,0.006,2.0,1200.0,0.6759089874079396,,,,
kitting_started,6549.999999999989,AGV_06,TOTE_0024,station_1,KIT_0010_01,,,,,,,,,,,,,,,,,,,,,,,
dispatch,6551.99999999999,AGV_09,TOTE_0580,station_2,KIT_0011_01,"{'PART_05': 15, 'PART_08': 12}",8640.0,0.3046657797214607,0.28806451612903217,0.013774038461538463,0.0028272251308900528,0.0,0.48205128205128206,0.6,0.3,0.1,0.03,0.1,0.2,0.1,0.006,2.0,1200.0,0.1345943396277482,,,,
dispatch,6551.999999999995,AGV_04,TOTE_0598,station_2,KIT_0011_01,"{'PART_05': 15, 'PART_08': 12}",8640.0,0.3043586142722683,0.2880645161290322,0.013384615384615384,0.00290948275862069,0.0,0.4564102564102564,0.6,0.3,0.1,0.03,0.1,0.2,0.1,0.006,2.0,1200.0,0.1369741429223353,,,,
kitting_started,6557.999999999988,AGV_10,TOTE_0646,station_4,KIT_0009_02,,,,,,,,,,,,,,,,,,,,,,,
kitting_started,6569.333333333323,AGV_03,TOTE_0850,station_3,KIT_0009_01,,,,,,,,,,,,,,,,,,,,,,,
kitting_completed,6577.999999999988,AGV_10,TOTE_0646,station_4,KIT_0009_02,,,,,,,,,,,,,,,,,,,,"{'PART_01': 10, 'PART_05': 15}",False,,
dispatch,6577.999999999988,AGV_01,TOTE_0682,station_4,KIT_0009_02,"{'PART_01': 10, 'PART_05': 15}",5760.0,1.2156377901260826,1.1999900726411559,0.012740740740740742,0.0029069767441860465,0.0,0.4358974358974359,0.6,0.3,0.1,0.03,0.1,0.2,0.1,0.006,2.0,1200.0,0.6857929304859061,,,,
kitting_started,6579.333333333321,AGV_08,TOTE_0628,station_4,KIT_0009_02,,,,,,,,,,,,,,,,,,,,,,,
kitting_started,6586.6666666666615,AGV_04,TOTE_0598,station_2,KIT_0011_01,,,,,,,,,,,,,,,,,,,,,,,
kitting_completed,6589.333333333323,AGV_03,TOTE_0850,station_3,KIT_0009_01,,,,,,,,,,,,,,,,,,,,"{'PART_01': 10, 'PART_05': 15}",False,,
dispatch,6589.333333333323,AGV_07,TOTE_0832,station_3,KIT_0009_01,"{'PART_01': 10, 'PART_05': 15}",5760.0,1.2126712875734822,1.1999907252593434,0.008118518518518516,0.0045620437956204385,0.0,0.517948717948718,0.6,0.3,0.1,0.03,0.1,0.2,0.1,0.006,2.0,1200.0,0.6758079007492175,,,,
kitting_started,6590.666666666656,AGV_05,TOTE_0868,station_3,KIT_0009_01,,,,,,,,,,,,,,,,,,,,,,,
kitting_completed,6599.333333333321,AGV_08,TOTE_0628,station_4,KIT_0009_02,,,,,,,,,,,,,,,,,,,,"{'PART_01': 10, 'PART_05': 15}",False,,
kitting_completed,6606.6666666666615,AGV_04,TOTE_0598,station_2,KIT_0011_01,,,,,,,,,,,,,,,,,,,,"{'PART_05': 15, 'PART_08': 12}",False,,
kitting_started,6607.9999999999945,AGV_09,TOTE_0580,station_2,KIT_0011_01,,,,,,,,,,,,,,,,,,,,,,,
kitting_completed,6609.999999999989,AGV_06,TOTE_0024,station_1,KIT_0010_01,,,,,,,,,,,,,,,,,,,,{'PART_01': 60},False,,
kitting_completed,6610.666666666656,AGV_05,TOTE_0868,station_3,KIT_0009_01,,,,,,,,,,,,,,,,,,,,"{'PART_01': 10, 'PART_05': 15}",False,,
kitting_started,6611.333333333321,AGV_01,TOTE_0682,station_4,KIT_0009_02,,,,,,,,,,,,,,,,,,,,,,,
dispatch,6611.333333333321,AGV_10,TOTE_0700,station_4,KIT_0009_02,"{'PART_01': 10, 'PART_05': 15}",5760.0,1.215356254508373,1.1999918721619547,0.012370370370370368,0.0029940119760479044,0.0,0.4358974358974359,0.6,0.3,0.1,0.03,0.1,0.2,0.1,0.006,2.0,1200.0,0.6856240091152802,,,,
kitting_started,6611.333333333322,AGV_02,TOTE_0559,station_1,KIT_0010_01,,,,,,,,,,,,,,,,,,,,,,,
kitting_completed,6621.333333333322,AGV_02,TOTE_0559,station_1,KIT_0010_01,,,,,,,,,,,,,,,,,,,,{'PART_06': 30},False,,
kitting_started,6627.999999999989,AGV_07,TOTE_0832,station_3,KIT_0009_01,,,,,,,,,,,,,,,,,,,,,,,
dispatch,6627.99999999999,AGV_03,TOTE_0565,station_1,KIT_0010_01,{'PART_06': 30},5760.0,1.2118108274446104,1.1999926456264287,0.006818181818181819,0.005000000000000001,0.0,0.5128205128205128,0.6,0.3,0.1,0.03,0.1,0.2,0.1,0.006,2.0,1200.0,0.6758044451847149,,,,
kitting_completed,6627.9999999999945,AGV_09,TOTE_0580,station_2,KIT_0011_01,,,,,,,,,,,,,,,,,,,,"{'PART_05': 15, 'PART_08': 12}",False,,
dispatch,6629.999999999989,AGV_06,TOTE_0583,station_1,KIT_0010_01,{'PART_06': 30},5760.0,1.2117331639733409,1.1999927333513312,0.006477272727272728,0.005263157894736842,0.0,0.6153846153846154,0.6,0.3,0.1,0.03,0.1,0.2,0.1,0.006,2.0,1200.0,0.665501436845543,,,,
kitting_completed,6631.333333333321,AGV_01,TOTE_0682,station_4,KIT_0009_02,,,,,,,,,,,,,,,,,,,,"{'PART_01': 10, 'PART_05': 15}",False,,
dispatch,6632.666666666654,AGV_08,TOTE_0718,station_4,KIT_0009_02,"{'PART_01': 10, 'PART_05': 15}",5760.0,1.215079268445377,1.1999928486922906,0.012,0.0030864197530864196,0.0,0.4358974358974359,0.6,0.3,0.1,0.03,0.1,0.2,0.1,0.006,2.0,1200.0,0.6854578174774827,,,,
dispatch,6641.3333333333285,AGV_04,TOTE_0850,station_3,KIT_0009_01,"{'PART_01': 10, 'PART_05': 15}",5760.0,1.2125214739273737,1.1999932110564724,0.007748148148148148,0.004780114722753346,0.0,0.517948717948718,0.6,0.3,0.1,0.03,0.1,0.2,0.1,0.006,2.0,1200.0,0.6757180125615525,,,,
kitting_started,6644.666666666654,AGV_10,TOTE_0700,station_4,KIT_0009_02,,,,,,,,,,,,,,,,,,,,,,,
kitting_completed,6647.999999999989,AGV_07,TOTE_0832,station_3,KIT_0009_01,,,,,,,,,,,,,,,,,,,,"{'PART_01': 10, 'PART_05': 15}",False,,
dispatch,6649.333333333323,AGV_05,TOTE_0868,station_3,KIT_0009_01,"{'PART_01': 10, 'PART_05': 15}",5760.0,1.2123913873270364,1.1999935292279735,0.0073777777777777765,0.0050200803212851405,0.0,0.517948717948718,0.6,0.3,0.1,0.03,0.1,0.2,0.1,0.006,2.0,1200.0,0.6756399606013501,,,,
dispatch,6654.666666666655,AGV_02,TOTE_0616,station_2,KIT_0011_01,{'PART_05': 15},8640.0,0.3041044536222809,0.2894444444444443,0.012995192307692308,0.0016648168701442843,0.0,0.48205128205128206,0.6,0.3,0.1,0.03,0.1,0.2,0.1,0.006,2.0,1200.0,0.13425754396824033,,,,
dispatch,6662.6666666666615,AGV_09,TOTE_0634,station_2,KIT_0011_01,{'PART_05': 15},8640.0,0.3040238197373473,0.28955197132616484,0.012778846153846155,0.0016930022573363433,0.0,0.4564102564102564,0.6,0.3,0.1,0.03,0.1,0.2,0.1,0.006,2.0,1200.0,0.13677326620138275,,,,
kitting_completed,6664.666666666654,AGV_10,TOTE_0700,station_4,KIT_0009_02,,,,,,,,,,,,,,,,,,,,"{'PART_01': 10, 'PART_05': 15}",False,,
dispatch,6664.666666666654,AGV_01,TOTE_0736,station_4,KIT_0009_02,"{'PART_01': 10, 'PART_05': 15}",5760.0,1.2148084409800066,1.1999940979745807,0.011629629629629629,0.0031847133757961785,0.0,0.4358974358974359,0.6,0.3,0.1,0.03,0.1,0.2,0.1,0.006,2.0,1200.0,0.6852953209982604,,,,
kitting_started,6665.999999999987,AGV_08,TOTE_0718,station_4,KIT_0009_02,,,,,,,,,,,,,,,,,,,,,,,
kitting_started,6667.999999999989,AGV_03,TOTE_0565,station_1,KIT_0010_01,,,,,,,,,,,,,,,,,,,,,,,
kitting_completed,6677.999999999989,AGV_03,TOTE_0565,station_1,KIT_0010_01,,,,,,,,,,,,,,,,,,,,{'PART_06': 30},False,,
kitting_started,6679.9999999999945,AGV_04,TOTE_0850,station_3,KIT_0009_01,,,,,,,,,,,,,,,,,,,,,,,
kitting_started,6683.333333333322,AGV_06,TOTE_0583,station_1,KIT_0010_01,,,,,,,,,,,,,,,,,,,,,,,
kitting_completed,6685.999999999987,AGV_08,TOTE_0718,station_4,KIT_0009_02,,,,,,,,,,,,,,,,,,,,"{'PART_01': 10, 'PART_05': 15}",False,,
dispatch,6686.666666666656,AGV_07,TOTE_0754,station_4,KIT_0009_02,"{'PART_01': 10, 'PART_05': 15}",5760.0,1.2145435607555926,1.1999948278121226,0.011259259259259259,0.003289473684210526,0.0,0.5384615384615384,0.6,0.3,0.1,0.03,0.1,0.2,0.1,0.006,2.0,1200.0,0.6748799826072016,,,,
kitting_started,6692.666666666654,AGV_02,TOTE_0616,station_2,KIT_0011_01,,,,,,,,,,,,,,,,,,,,,,,
kitting_completed,6693.333333333322,AGV_06,TOTE_0583,station_1,KIT_0010_01,,,,,,,,,,,,,,,,,,,,{'PART_06': 30},False,,
kitting_started,6697.999999999987,AGV_01,TOTE_0736,station_4,KIT_0009_02,,,,,,,,,,,,,,,,,,,,,,,
dispatch,6697.999999999987,AGV_10,TOTE_0712,station_1,KIT_0010_01,{'PART_03': 50},5760.0,1.2153907907244705,1.1999951678288476,0.006136363636363638,0.009259259259259259,0.0,0.5897435897435898,0.6,0.3,0.1,0.03,0.1,0.2,0.1,0.006,2.0,1200.0,0.6702601154603233,,,,
kitting_completed,6699.9999999999945,AGV_04,TOTE_0850,station_3,KIT_0009_01,,,,,,,,,,,,,,,,,,,,"{'PART_01': 10, 'PART_05': 15}",False,,
kitting_started,6701.333333333328,AGV_05,TOTE_0868,station_3,KIT_0009_01,,,,,,,,,,,,,,,,,,,,,,,
kitting_completed,6702.666666666654,AGV_02,TOTE_0616,station_2,KIT_0011_01,,,,,,,,,,,,,,,,,,,,{'PART_05': 15},False,,
kitting_started,6703.999999999987,AGV_09,TOTE_0634,station_2,KIT_0011_01,,,,,,,,,,,,,,,,,,,,,,,
kitting_completed,6713.999999999987,AGV_09,TOTE_0634,station_2,KIT_0011_01,,,,,,,,,,,,,,,,,,,,{'PART_05': 15},False,,
dispatch,6714.666666666656,AGV_03,TOTE_0730,station_1,KIT_0010_01,{'PART_03': 50},5760.0,1.2157678911210075,1.1999956276701726,0.005568181818181817,0.010204081632653062,0.0,0.5641025641025641,0.6,0.3,0.1,0.03,0.1,0.2,0.1,0.006,2.0,1200.0,0.673050478262348,,,,
kitting_completed,6717.999999999987,AGV_01,TOTE_0736,station_4,KIT_0009_02,,,,,,,,,,,,,,,,,,,,"{'PART_01': 10, 'PART_05': 15}",False,,
dispatch,6719.33333333332,AGV_08,TOTE_0772,station_4,KIT_0009_02,"{'PART_01': 10, 'PART_05': 15}",5760.0,1.214285997830304,1.1999957483971975,0.010888888888888887,0.0034013605442176874,0.0,0.4358974358974359,0.6,0.3,0.1,0.03,0.1,0.2,0.1,0.006,2.0,1200.0,0.6849818551084388,,,,
kitting_completed,6721.333333333328,AGV_05,TOTE_0868,station_3,KIT_0009_01,,,,,,,,,,,,,,,,,,,,"{'PART_01': 10, 'PART_05': 15}",False,,
dispatch,6729.999999999989,AGV_06,TOTE_0652,station_3,KIT_0009_01,{'PART_05': 15},5760.0,1.2101746667397244,1.1999960119750233,0.0070074074074074075,0.003171247357293869,0.0,0.5435897435897435,0.6,0.3,0.1,0.03,0.1,0.2,0.1,0.006,2.0,1200.0,0.6717458256848603,,,,
kitting_started,6733.333333333322,AGV_07,TOTE_0754,station_4,KIT_0009_02,,,,,,,,,,,,,,,,,,,,,,,
dispatch,6737.333333333321,AGV_02,TOTE_0670,station_3,KIT_0009_01,{'PART_05': 15},5760.0,1.2100564779990248,1.199996183643534,0.006785185185185185,0.003275109170305677,0.0,0.517948717948718,0.6,0.3,0.1,0.03,0.1,0.2,0.1,0.006,2.0,1200.0,0.674239015004543,,,,
dispatch,6738.6666666666615,AGV_04,TOTE_0688,station_2,KIT_0011_01,{'PART_05': 15},8640.0,0.30485813514108523,0.2905734767025089,0.012562499999999999,0.001722158438576349,0.0,0.4564102564102564,0.6,0.3,0.1,0.03,0.1,0.2,0.1,0.006,2.0,1200.0,0.13727385544362547,,,,
kitting_started,6744.666666666654,AGV_10,TOTE_0712,station_1,KIT_0010_01,,,,,,,,,,,,,,,,,,,,,,,
dispatch,6748.666666666654,AGV_09,TOTE_0706,station_2,KIT_0011_01,{'PART_05': 15},8640.0,0.3048063755994113,0.29070788530465935,0.012346153846153845,0.0017523364485981308,0.0,0.4564102564102564,0.6,0.3,0.1,0.03,0.1,0.2,0.1,0.006,2.0,1200.0,0.13724279971862113,,,,
kitting_completed,6753.333333333322,AGV_07,TOTE_0754,station_4,KIT_0009_02,,,,,,,,,,,,,,,,,,,,"{'PART_01': 10, 'PART_05': 15}",False,,
dispatch,6753.333333333322,AGV_01,TOTE_0790,station_4,KIT_0009_02,"{'PART_01': 10, 'PART_05': 15}",5760.0,1.2140361782562237,1.1999965329771416,0.010518518518518519,0.003521126760563381,0.0,0.4358974358974359,0.6,0.3,0.1,0.03,0.1,0.2,0.1,0.006,2.0,1200.0,0.6848319633639907,,,,
kitting_completed,6754.666666666654,AGV_10,TOTE_0712,station_1,KIT_0010_01,,,,,,,,,,,,,,,,,,,,{'PART_03': 50},False,,
kitting_started,6754.666666666655,AGV_08,TOTE_0772,station_4,KIT_0009_02,,,,,,,,,,,,,,,,,,,,,,,
kitting_started,6757.999999999989,AGV_03,TOTE_0730,station_1,KIT_0010_01,,,,,,,,,,,,,,,,,,,,,,,
dispatch,6759.9999999999945,AGV_05,TOTE_0550,station_1,KIT_0010_01,{'PART_06': 30},5760.0,1.2118148507391084,1.1999966689209267,0.004999999999999998,0.006818181818181818,0.0,0.5897435897435898,0.6,0.3,0.1,0.03,0.1,0.2,0.1,0.006,2.0,1200.0,0.668114551469106,,,,
kitting_completed,6767.999999999989,AGV_03,TOTE_0730,station_1,KIT_0010_01,,,,,,,,,,,,,,,,,,,,{'PART_03': 50},False,,
kitting_started,6771.999999999988,AGV_06,TOTE_0652,station_3,KIT_0009_01,,,,,,,,,,,,,,,,,,,,,,,
kitting_started,6773.333333333328,AGV_04,TOTE_0688,station_2,KIT_0011_01,,,,,,,,,,,,,,,,,,,,,,,
kitting_completed,6774.666666666655,AGV_08,TOTE_0772,station_4,KIT_0009_02,,,,,,,,,,,,,,,,,,,,"{'PART_01': 10, 'PART_05': 15}",False,,
kitting_completed,6781.999999999988,AGV_06,TOTE_0652,station_3,KIT_0009_01,,,,,,,,,,,,,,,,,,,,{'PART_05': 15},False,,
kitting_started,6783.333333333321,AGV_02,TOTE_0670,station_3,KIT_0009_01,,,,,,,,,,,,,,,,,,,,,,,
kitting_completed,6783.333333333328,AGV_04,TOTE_0688,station_2,KIT_0011_01,,,,,,,,,,,,,,,,,,,,{'PART_05': 15},False,,
kitting_started,6784.666666666661,AGV_09,TOTE_0706,station_2,KIT_0011_01,,,,,,,,,,,,,,,,,,,,,,,
kitting_started,6786.666666666655,AGV_01,TOTE_0790,station_4,KIT_0009_02,,,,,,,,,,,,,,,,,,,,,,,
dispatch,6786.666666666655,AGV_07,TOTE_0844,station_4,KIT_0009_02,"{'PART_01': 10, 'PART_05': 15}",5760.0,1.2137949446259133,1.1999971614412688,0.010148148148148147,0.0036496350364963502,0.0,0.4358974358974359,0.6,0.3,0.1,0.03,0.1,0.2,0.1,0.006,2.0,1200.0,0.6846872231858044,,,,
kitting_completed,6793.333333333321,AGV_02,TOTE_0670,station_3,KIT_0009_01,,,,,,,,,,,,,,,,,,,,{'PART_05': 15},False,,
dispatch,6794.666666666654,AGV_10,TOTE_0568,station_1,KIT_0010_01,{'PART_06': 30},5760.0,1.2119734585534891,1.1999972944736665,0.004659090909090908,0.007317073170731707,0.0,0.5384615384615384,0.6,0.3,0.1,0.03,0.1,0.2,0.1,0.006,2.0,1200.0,0.6733379212859396,,,,
kitting_completed,6794.666666666661,AGV_09,TOTE_0706,station_2,KIT_0011_01,,,,,,,,,,,,,,,,,,,,{'PART_05': 15},False,,
kitting_completed,6806.666666666655,AGV_01,TOTE_0790,station_4,KIT_0009_02,,,,,,,,,,,,,,,,,,,,"{'PART_01': 10, 'PART_05': 15}",False,,
kitting_started,6806.6666666666615,AGV_05,TOTE_0550,station_1,KIT_0010_01,,,,,,,,,,,,,,,,,,,,,,,
dispatch,6807.999999999988,AGV_08,TOTE_0862,station_4,KIT_0009_02,"{'PART_01': 10, 'PART_05': 15}",5760.0,1.2135631590499287,1.199997502484272,0.009777777777777778,0.003787878787878788,0.0,0.4358974358974359,0.6,0.3,0.1,0.03,0.1,0.2,0.1,0.006,2.0,1200.0,0.6845481518402137,,,,
dispatch,6807.999999999989,AGV_03,TOTE_0724,station_3,KIT_0009_01,{'PART_05': 15},5760.0,1.2099464699619076,1.199997502484272,0.006562962962962962,0.0033860045146726866,0.0,0.5692307692307692,0.6,0.3,0.1,0.03,0.1,0.2,0.1,0.006,2.0,1200.0,0.6690448050540676,,,,
kitting_completed,6816.6666666666615,AGV_05,TOTE_0550,station_1,KIT_0010_01,,,,,,,,,,,,,,,,,,,,{'PART_06': 30},False,,
dispatch,6817.9999999999945,AGV_04,TOTE_0742,station_3,KIT_0009_01,{'PART_05': 15},5760.0,1.2098430615661073,1.1999976479281702,0.00634074074074074,0.0035046728971962616,0.0,0.517948717948718,0.6,0.3,0.1,0.03,0.1,0.2,0.1,0.006,2.0,1200.0,0.6741109651447925,,,,
kitting_started,6819.999999999988,AGV_07,TOTE_0844,station_4,KIT_0009_02,,,,,,,,,,,,,,,,,,,,,,,
dispatch,6820.666666666655,AGV_06,TOTE_0586,station_1,KIT_0010_01,{'PART_06': 30},5760.0,1.2122106039221163,1.1999976852618293,0.004318181818181817,0.007894736842105263,0.0,0.5897435897435898,0.6,0.3,0.1,0.03,0.1,0.2,0.1,0.006,2.0,1200.0,0.6683520033789108,,,,
dispatch,6829.333333333328,AGV_09,TOTE_0760,station_2,KIT_0011_01,{'PART_05': 15},8640.0,0.3057055133507873,0.29179211469534044,0.012129807692307691,0.0017835909631391202,0.0,0.4564102564102564,0.6,0.3,0.1,0.03,0.1,0.2,0.1,0.006,2.0,1200.0,0.1377822823694467,,,,
dispatch,6831.999999999988,AGV_02,TOTE_0715,station_2,KIT_0011_01,{'PART_03': 50},8640.0,0.30979468729284193,0.2918279569892472,0.01191346153846154,0.006053268765133173,0.0,0.5948717948717949,0.6,0.3,0.1,0.03,0.1,0.2,0.1,0.006,2.0,1200.0,0.12638963288852567,,,,
kitting_started,6834.666666666654,AGV_10,TOTE_0568,station_1,KIT_0010_01,,,,,,,,,,,,,,,,,,,,,,,
kitting_completed,6839.999999999988,AGV_07,TOTE_0844,station_4,KIT_0009_02,,,,,,,,,,,,,,,,,,,,"{'PART_01': 10, 'PART_05': 15}",False,,
dispatch,6839.999999999988,AGV_01,TOTE_0778,station_4,KIT_0009_02,{'PART_05': 15},5760.0,1.2117675509146821,1.1999979387828654,0.009407407407407406,0.002362204724409449,0.0,0.6923076923076923,0.6,0.3,0.1,0.03,0.1,0.2,0.1,0.006,2.0,1200.0,0.65782976131804,,,,
kitting_started,6841.333333333321,AGV_08,TOTE_0862,station_4,KIT_0009_02,,,,,,,,,,,,,,,,,,,,,,,
kitting_completed,6844.666666666654,AGV_10,TOTE_0568,station_1,KIT_0010_01,,,,,,,,,,,,,,,,,,,,{'PART_06': 30},False,,
kitting_started,6853.333333333322,AGV_03,TOTE_0724,station_3,KIT_0009_01,,,,,,,,,,,,,,,,,,,,,,,
dispatch,6856.6666666666615,AGV_05,TOTE_0459,station_1,KIT_0010_01,{'PART_06': 150},5760.0,1.2468325505179239,1.1999981349335083,0.003977272727272727,0.04285714285714286,0.0,0.41025641025641024,0.6,0.3,0.1,0.03,0.1,0.2,0.1,0.006,2.0,1200.0,0.7070738892851133,,,,
kitting_completed,6861.333333333321,AGV_08,TOTE_0862,station_4,KIT_0009_02,,,,,,,,,,,,,,,,,,,,"{'PART_01': 10, 'PART_05': 15}",False,,
kitting_completed,6863.333333333322,AGV_03,TOTE_0724,station_3,KIT_0009_01,,,,,,,,,,,,,,,,,,,,{'PART_05': 15},False,,
kitting_started,6863.999999999994,AGV_09,TOTE_0760,station_2,KIT_0011_01,,,,,,,,,,,,,,,,,,,,,,,
kitting_started,6864.666666666655,AGV_04,TOTE_0742,station_3,KIT_0009_01,,,,,,,,,,,,,,,,,,,,,,,
kitting_started,6867.333333333322,AGV_06,TOTE_0586,station_1,KIT_0010_01,,,,,,,,,,,,,,,,,,,,,,,
dispatch,6873.333333333321,AGV_07,TOTE_0844,station_4,KIT_0009_02,"{'PART_01': 10, 'PART_05': 15}",5760.0,1.2132157556676695,1.199998312417968,0.009185185185185183,0.004032258064516129,0.0,0.4358974358974359,0.6,0.3,0.1,0.03,0.1,0.2,0.1,0.006,2.0,1200.0,0.6843397098108581,,,,
kitting_completed,6873.999999999994,AGV_09,TOTE_0760,station_2,KIT_0011_01,,,,,,,,,,,,,,,,,,,,{'PART_05': 15},False,,
kitting_completed,6874.666666666655,AGV_04,TOTE_0742,station_3,KIT_0009_01,,,,,,,,,,,,,,,,,,,,{'PART_05': 15},False,,
kitting_completed,6877.333333333322,AGV_06,TOTE_0586,station_1,KIT_0010_01,,,,,,,,,,,,,,,,,,,,{'PART_06': 30},False,,
kitting_started,6880.666666666654,AGV_02,TOTE_0715,station_2,KIT_0011_01,,,,,,,,,,,,,,,,,,,,,,,
dispatch,6884.666666666654,AGV_10,TOTE_0222,station_1,KIT_0010_01,{'PART_03': 200},5760.0,1.3022711506314903,1.199998423358763,0.002272727272727274,0.1,0.2,0.38461538461538464,0.6,0.3,0.1,0.03,0.1,0.2,0.1,0.006,2.0,1200.0,0.6829011519173557,,,,
kitting_completed,6890.666666666654,AGV_02,TOTE_0715,station_2,KIT_0011_01,,,,,,,,,,,,,,,,,,,,{'PART_03': 50},False,,
dispatch,6894.666666666654,AGV_08,TOTE_0862,station_3,KIT_0009_01,"{'PART_01': 10, 'PART_05': 15}",5760.0,1.2121703024588146,1.199998515175163,0.006118518518518517,0.006053268765133173,0.0,0.5076923076923077,0.6,0.3,0.1,0.03,0.1,0.2,0.1,0.006,2.0,1200.0,0.676532950706058,,,,
kitting_started,6896.666666666654,AGV_01,TOTE_0778,station_4,KIT_0009_02,,,,,,,,,,,,,,,,,,,,,,,
kitting_started,6896.6666666666615,AGV_05,TOTE_0459,station_1,KIT_0010_01,,,,,,,,,,,,,,,,,,,,,,,
dispatch,6901.999999999989,AGV_03,TOTE_0793,station_3,KIT_0009_01,"{'PART_01': 10, 'PART_05': 15, 'PART_10': 25}",5760.0,1.2186333251772634,1.199998579090971,0.005748148148148149,0.01288659793814433,0.0,0.5948717948717949,0.6,0.3,0.1,0.03,0.1,0.2,0.1,0.006,2.0,1200.0,0.6716928156191785,,,,
kitting_completed,6906.666666666654,AGV_01,TOTE_0778,station_4,KIT_0009_02,,,,,,,,,,,,,,,,,,,,{'PART_05': 15},False,,
kitting_started,6907.999999999987,AGV_07,TOTE_0844,station_4,KIT_0009_02,,,,,,,,,,,,,,,,,,,,,,,
dispatch,6908.666666666661,AGV_09,TOTE_0811,station_4,KIT_0009_02,"{'PART_01': 10, 'PART_05': 15, 'PART_10': 25}",5760.0,1.2172168109649424,1.1999986348055898,0.008814814814814815,0.008403361344537816,0.0,0.6666666666666666,0.6,0.3,0.1,0.03,0.1,0.2,0.1,0.006,2.0,1200.0,0.6636634199122987,,,,
dispatch,6913.333333333322,AGV_04,TOTE_0733,station_2,KIT_0011_01,{'PART_03': 50},8640.0,0.3105567536147847,0.2929211469534049,0.011192307692307692,0.006443298969072165,0.0,0.5948717948717949,0.6,0.3,0.1,0.03,0.1,0.2,0.1,0.006,2.0,1200.0,0.12684687268169131,,,,
dispatch,6917.333333333322,AGV_06,TOTE_0553,station_2,KIT_0011_01,{'PART_08': 12},8640.0,0.3050989568024024,0.2929749103942651,0.010471153846153845,0.0016528925619834713,0.0,0.5435897435897435,0.6,0.3,0.1,0.03,0.1,0.2,0.1,0.006,2.0,1200.0,0.12870039972246708,,,,
kitting_completed,6927.999999999987,AGV_07,TOTE_0844,station_4,KIT_0009_02,,,,,,,,,,,,,,,,,,,,"{'PART_01': 10, 'PART_05': 15}",False,,
dispatch,6929.333333333321,AGV_02,TOTE_0577,station_4,KIT_0009_02,{'PART_05': 15},5760.0,1.2108251616667816,1.1999987940147259,0.008074074074074074,0.0027522935779816515,0.0,0.7435897435897436,0.6,0.3,0.1,0.03,0.1,0.2,0.1,0.006,2.0,1200.0,0.6521361226410946,,,,
kitting_started,6932.666666666654,AGV_08,TOTE_0862,station_3,KIT_0009_01,,,,,,,,,,,,,,,,,,,,,,,
kitting_completed,6946.6666666666615,AGV_05,TOTE_0459,station_1,KIT_0010_01,,,,,,,,,,,,,,,,,,,,{'PART_06': 150},False,,
kitting_started,6947.9999999999945,AGV_10,TOTE_0222,station_1,KIT_0010_01,,,,,,,,,,,,,,,,,,,,,,,
kitting_completed,6952.666666666654,AGV_08,TOTE_0862,station_3,KIT_0009_01,,,,,,,,,,,,,,,,,,,,"{'PART_01': 10, 'PART_05': 15}",False,,
dispatch,6952.666666666654,AGV_01,TOTE_0595,station_3,KIT_0009_01,{'PART_05': 15},5760.0,1.209444228796617,1.1999989515667244,0.005007407407407408,0.004437869822485207,0.0,0.5948717948717949,0.6,0.3,0.1,0.03,0.1,0.2,0.1,0.006,2.0,1200.0,0.6661793577907906,,,,
kitting_started,6953.999999999987,AGV_03,TOTE_0793,station_3,KIT_0009_01,,,,,,,,,,,,,,,,,,,,,,,
kitting_started,6958.66666666666,AGV_09,TOTE_0811,station_4,KIT_0009_02,,,,,,,,,,,,,,,,,,,,,,,
kitting_started,6959.333333333321,AGV_06,TOTE_0553,station_2,KIT_0011_01,,,,,,,,,,,,,,,,,,,,,,,
kitting_completed,6969.333333333321,AGV_06,TOTE_0553,station_2,KIT_0011_01,,,,,,,,,,,,,,,,,,,,{'PART_08': 12},False,,
dispatch,6969.333333333321,AGV_07,TOTE_0610,station_2,KIT_0011_01,{'PART_03': 50},8640.0,0.31097471316897296,0.29367383512544787,0.010298076923076922,0.0070028011204481795,0.0,0.5692307692307692,0.6,0.3,0.1,0.03,0.1,0.2,0.1,0.006,2.0,1200.0,0.12966175097830684,,,,
kitting_started,6970.666666666654,AGV_04,TOTE_0733,station_2,KIT_0011_01,,,,,,,,,,,,,,,,,,,,,,,
kitting_completed,6980.666666666654,AGV_04,TOTE_0733,station_2,KIT_0011_01,,,,,,,,,,,,,,,,,,,,{'PART_03': 50},False,,
dispatch,6980.666666666654,AGV_05,TOTE_0207,station_2,KIT_0011_01,{'PART_03': 200},8640.0,0.33352356987918574,0.2938261648745518,0.009576923076923077,0.030120481927710847,0.2,0.21025641025641026,0.6,0.3,0.1,0.03,0.1,0.2,0.1,0.006,2.0,1200.0,0.11908850090187043,,,,
kitting_completed,6983.999999999987,AGV_03,TOTE_0793,station_3,KIT_0009_01,,,,,,,,,,,,,,,,,,,,"{'PART_01': 10, 'PART_05': 15, 'PART_10': 25}",False,,
kitting_completed,6987.9999999999945,AGV_10,TOTE_0222,station_1,KIT_0010_01,,,,,,,,,,,,,,,,,,,,{'PART_03': 200},True,,
kitting_completed,6988.66666666666,AGV_09,TOTE_0811,station_4,KIT_0009_02,,,,,,,,,,,,,,,,,,,,"{'PART_01': 10, 'PART_05': 15, 'PART_10': 25}",False,,
kitting_started,6989.999999999993,AGV_02,TOTE_0577,station_4,KIT_0009_02,,,,,,,,,,,,,,,,,,,,,,,
dispatch,6990.666666666654,AGV_08,TOTE_0613,station_3,KIT_0009_01,{'PART_05': 15},5760.0,1.2094283133502672,1.1999991653167847,0.004785185185185186,0.004643962848297214,0.0,0.6974358974358974,0.6,0.3,0.1,0.03,0.1,0.2,0.1,0.006,2.0,1200.0,0.6559133982665706,,,,
kitting_started,6997.999999999987,AGV_01,TOTE_0595,station_3,KIT_0009_01,,,,,,,,,,,,,,,,,,,,,,,
kitting_started,6999.33333333332,AGV_05,TOTE_0207,station_2,KIT_0011_01,,,,,,,,,,,,,,,,,,,,,,,
kitting_completed,6999.999999999993,AGV_02,TOTE_0577,station_4,KIT_0009_02,,,,,,,,,,,,,,,,,,,,{'PART_05': 15},False,,
kitting_completed,7007.999999999987,AGV_01,TOTE_0595,station_3,KIT_0009_01,,,,,,,,,,,,,,,,,,,,{'PART_05': 15},False,,
dispatch,7007.999999999988,AGV_06,TOTE_0631,station_3,KIT_0009_01,{'PART_05': 15},5760.0,1.2094323405954466,1.1999992477623538,0.004562962962962963,0.004870129870129871,0.0,0.6717948717948717,0.6,0.3,0.1,0.03,0.1,0.2,0.1,0.006,2.0,1200.0,0.6584799171777808,,,,
dispatch,7007.9999999999945,AGV_10,TOTE_0528,station_4,KIT_0009_02,{'PART_10': 123},5760.0,1.2310586467840168,1.1999992477623538,0.007851851851851851,0.023207547169811323,0.13599999999999995,0.38461538461538464,0.6,0.3,0.1,0.03,0.1,0.2,0.1,0.006,2.0,1200.0,0.6593736496088717,,,,
dispatch,7019.333333333321,AGV_04,TOTE_0537,station_4,KIT_0009_02,{'PART_10': 77},5760.0,1.2249478457626395,1.199999297214091,0.006029629629629629,0.01891891891891892,0.06400000000000006,0.3333333333333333,0.6,0.3,0.1,0.03,0.1,0.2,0.1,0.006,2.0,1200.0,0.6824353741242504,,,,
kitting_started,7037.9999999999945,AGV_10,TOTE_0528,station_4,KIT_0009_02,,,,,,,,,,,,,,,,,,,,,,,
kitting_completed,7039.33333333332,AGV_05,TOTE_0207,station_2,KIT_0011_01,,,,,,,,,,,,,,,,,,,,{'PART_03': 200},False,,
dispatch,7039.33333333332,AGV_09,TOTE_0628,station_2,KIT_0011_01,{'PART_03': 50},8640.0,0.31208286510177485,0.29461469534050166,0.006692307692307692,0.010775862068965518,0.0,0.6974358974358974,0.6,0.3,0.1,0.03,0.1,0.2,0.1,0.006,2.0,1200.0,0.11750612931747517,,,,
kitting_started,7040.666666666653,AGV_07,TOTE_0610,station_2,KIT_0011_01,,,,,,,,,,,,,,,,,,,,,,,
kit_replacement,7047.9999999999945,,,station_1,,,,,,,,,,,,,,,,,,,,,,,KIT_0010_01,KIT_0011_02
dispatch,7047.9999999999945,AGV_03,TOTE_0559,station_1,KIT_0011_02,"{'PART_01': 10, 'PART_05': 15, 'PART_08': 12}",8640.0,0.32651002894954506,0.2947311827956989,0.03,0.0017788461538461539,0.0,0.4358974358974359,0.6,0.3,0.1,0.03,0.1,0.2,0.1,0.006,2.0,1200.0,0.15231627377998344,,,,
dispatch,7047.9999999999945,AGV_02,TOTE_0757,station_1,KIT_0011_02,"{'PART_01': 10, 'PART_05': 15}",8640.0,0.32542121960054843,0.2947311827956989,0.029466346153846152,0.0012236906510034264,0.0,0.4358974358974359,0.6,0.3,0.1,0.03,0.1,0.2,0.1,0.006,2.0,1200.0,0.15166298817058546,,,,
kitting_started,7049.333333333321,AGV_08,TOTE_0613,station_3,KIT_0009_01,,,,,,,,,,,,,,,,,,,,,,,
kitting_completed,7050.666666666653,AGV_07,TOTE_0610,station_2,KIT_0011_01,,,,,,,,,,,,,,,,,,,,{'PART_03': 50},False,,
dispatch,7050.666666666653,AGV_01,TOTE_0595,station_2,KIT_0011_01,{'PART_08': 12},8640.0,0.30363672966039706,0.29476702508960556,0.005971153846153845,0.002898550724637681,0.0,0.5076923076923077,0.6,0.3,0.1,0.03,0.1,0.2,0.1,0.006,2.0,1200.0,0.13141280702700747,,,,
kitting_completed,7059.333333333321,AGV_08,TOTE_0613,station_3,KIT_0009_01,,,,,,,,,,,,,,,,,,,,{'PART_05': 15},False,,
dispatch,7059.333333333321,AGV_05,TOTE_0336,station_3,KIT_0009_01,{'PART_05': 90},5760.0,1.2350569114592294,1.1999994471690005,0.0043407407407407405,0.030716723549488057,0.2,0.2358974358974359,0.6,0.3,0.1,0.03,0.1,0.2,0.1,0.006,2.0,1200.0,0.657444403285794,,,,
kitting_started,7063.333333333321,AGV_06,TOTE_0631,station_3,KIT_0009_01,,,,,,,,,,,,,,,,,,,,,,,
kitting_completed,7073.333333333321,AGV_06,TOTE_0631,station_3,KIT_0009_01,,,,,,,,,,,,,,,,,,,,{'PART_05': 15},False,,
kitting_started,7081.33333333332,AGV_05,TOTE_0336,station_3,KIT_0009_01,,,,,,,,,,,,,,,,,,,,,,,
kitting_started,7081.333333333328,AGV_03,TOTE_0559,station_1,KIT_0011_02,,,,,,,,,,,,,,,,,,,,,,,
kitting_started,7088.666666666653,AGV_01,TOTE_0595,station_2,KIT_0011_01,,,,,,,,,,,,,,,,,,,,,,,
dispatch,7092.666666666653,AGV_07,TOTE_0649,station_3,KIT_0009_01,{'PART_05': 15},5760.0,1.2103961173492306,1.199999547380247,0.0030074074074074087,0.007389162561576356,0.0,0.6974358974358974,0.6,0.3,0.1,0.03,0.1,0.2,0.1,0.006,2.0,1200.0,0.6564940806659486,,,,
kitting_completed,7097.9999999999945,AGV_10,TOTE_0528,station_4,KIT_0009_02,,,,,,,,,,,,,,,,,,,,{'PART_10': 123},False,,
kitting_completed,7098.666666666653,AGV_01,TOTE_0595,station_2,KIT_0011_01,,,,,,,,,,,,,,,,,,,,{'PART_08': 12},False,,
kitting_started,7099.333333333328,AGV_04,TOTE_0537,station_4,KIT_0009_02,,,,,,,,,,,,,,,,,,,,,,,
kitting_started,7099.999999999986,AGV_09,TOTE_0628,station_2,KIT_0011_01,,,,,,,,,,,,,,,,,,,,,,,
dispatch,7101.333333333321,AGV_08,TOTE_0667,station_4,KIT_0009_02,{'PART_05': 15},5760.0,1.2094339137493433,1.1999995703149997,0.004888888888888889,0.004545454545454546,0.0,0.6410256410256411,0.6,0.3,0.1,0.03,0.1,0.2,0.1,0.006,2.0,1200.0,0.6615577841470418,,,,
kitting_completed,7109.999999999986,AGV_09,TOTE_0628,station_2,KIT_0011_01,,,,,,,,,,,,,,,,,,,,{'PART_03': 50},False,,
kitting_completed,7111.333333333328,AGV_03,TOTE_0559,station_1,KIT_0011_02,,,,,,,,,,,,,,,,,,,,"{'PART_01': 10, 'PART_05': 15, 'PART_08': 12}",False,,
kitting_started,7112.666666666661,AGV_02,TOTE_0757,station_1,KIT_0011_02,,,,,,,,,,,,,,,,,,,,,,,
dispatch,7115.333333333321,AGV_06,TOTE_0775,station_1,KIT_0011_02,"{'PART_01': 10, 'PART_05': 15}",8640.0,0.32598082029449305,0.2956362007168457,0.02910576923076923,0.001238850346878097,0.0,0.4358974358974359,0.6,0.3,0.1,0.03,0.1,0.2,0.1,0.006,2.0,1200.0,0.15199874858695223,,,,
dispatch,7127.9999999999945,AGV_10,TOTE_0225,station_2,KIT_0011_01,{'PART_03': 200},8640.0,0.35135577231707465,0.2958064516129032,0.005798076923076922,0.04975124378109453,0.2,0.2358974358974359,0.6,0.3,0.1,0.03,0.1,0.2,0.1,0.006,2.0,1200.0,0.1272237198005012,,,,
kitting_completed,7132.666666666661,AGV_02,TOTE_0757,station_1,KIT_0011_02,,,,,,,,,,,,,,,,,,,,"{'PART_01': 10, 'PART_05': 15}",False,,
dispatch,7136.666666666653,AGV_01,TOTE_0829,station_1,KIT_0011_02,"{'PART_01': 10, 'PART_05': 15}",8640.0,0.3259225217420745,0.2959229390681002,0.02874519230769231,0.001254390366281987,0.0,0.4358974358974359,0.6,0.3,0.1,0.03,0.1,0.2,0.1,0.006,2.0,1200.0,0.15196376945550108,,,,
kitting_completed,7141.33333333332,AGV_05,TOTE_0336,station_3,KIT_0009_01,,,,,,,,,,,,,,,,,,,,{'PART_05': 90},False,,
dispatch,7144.666666666661,AGV_03,TOTE_0685,station_3,KIT_0009_01,{'PART_05': 15},5760.0,1.2107635772801308,1.1999996686906902,0.002785185185185186,0.00797872340425532,0.0,0.5692307692307692,0.6,0.3,0.1,0.03,0.1,0.2,0.1,0.006,2.0,1200.0,0.6695350694450015,,,,
kitting_started,7148.666666666654,AGV_06,TOTE_0775,station_1,KIT_0011_02,,,,,,,,,,,,,,,,,,,,,,,
kitting_completed,7149.333333333328,AGV_04,TOTE_0537,station_4,KIT_0009_02,,,,,,,,,,,,,,,,,,,,{'PART_10': 77},False,,
kitting_started,7149.999999999994,AGV_10,TOTE_0225,station_2,KIT_0011_01,,,,,,,,,,,,,,,,,,,,,,,
kitting_started,7150.666666666661,AGV_08,TOTE_0667,station_4,KIT_0009_02,,,,,,,,,,,,,,,,,,,,,,,
kitting_started,7151.33333333332,AGV_07,TOTE_0649,station_3,KIT_0009_01,,,,,,,,,,,,,,,,,,,,,,,
dispatch,7151.999999999986,AGV_09,TOTE_0703,station_4,KIT_0009_02,{'PART_05': 15},5760.0,1.2094282543808148,1.1999996829522435,0.004666666666666666,0.004761904761904762,0.0,0.7692307692307693,0.6,0.3,0.1,0.03,0.1,0.2,0.1,0.006,2.0,1200.0,0.648733875705412,,,,
dispatch,7159.999999999987,AGV_05,TOTE_0045,station_2,KIT_0011_01,{'PART_01': 70},8640.0,0.333803486024781,0.2962365591397848,0.002913461538461538,0.03465346534653465,0.2,0.2358974358974359,0.6,0.3,0.1,0.03,0.1,0.2,0.1,0.006,2.0,1200.0,0.11669234802512501,,,,
kitting_completed,7160.666666666661,AGV_08,TOTE_0667,station_4,KIT_0009_02,,,,,,,,,,,,,,,,,,,,{'PART_05': 15},False,,
kitting_completed,7161.33333333332,AGV_07,TOTE_0649,station_3,KIT_0009_01,,,,,,,,,,,,,,,,,,,,{'PART_05': 15},False,,
dispatch,7165.999999999994,AGV_02,TOTE_0721,station_3,KIT_0009_01,{'PART_05': 15},5760.0,1.2112331916905579,1.1999997084963812,0.0025629629629629635,0.008670520231213874,0.0,0.5692307692307692,0.6,0.3,0.1,0.03,0.1,0.2,0.1,0.006,2.0,1200.0,0.6698168380912577,,,,
kitting_completed,7168.666666666654,AGV_06,TOTE_0775,station_1,KIT_0011_02,,,,,,,,,,,,,,,,,,,,"{'PART_01': 10, 'PART_05': 15}",False,,
dispatch,7169.333333333328,AGV_04,TOTE_0339,station_4,KIT_0009_02,{'PART_05': 90},5760.0,1.2344441587129835,1.199999714268539,0.0044444444444444444,0.03,0.2,0.23076923076923078,0.6,0.3,0.1,0.03,0.1,0.2,0.1,0.006,2.0,1200.0,0.657589572150867,,,,
kitting_started,7169.999999999987,AGV_01,TOTE_0829,station_1,KIT_0011_02,,,,,,,,,,,,,,,,,,,,,,,
kitting_started,7186.666666666661,AGV_03,TOTE_0685,station_3,KIT_0009_01,,,,,,,,,,,,,,,,,,,,,,,
kitting_started,7189.333333333328,AGV_04,TOTE_0339,station_4,KIT_0009_02,,,,,,,,,,,,,,,,,,,,,,,
kitting_completed,7189.999999999987,AGV_01,TOTE_0829,station_1,KIT_0011_02,,,,,,,,,,,,,,,,,,,,"{'PART_01': 10, 'PART_05': 15}",False,,
kitting_completed,7189.999999999994,AGV_10,TOTE_0225,station_2,KIT_0011_01,,,,,,,,,,,,,,,,,,,,{'PART_03': 200},False,,
kitting_started,7191.333333333327,AGV_05,TOTE_0045,station_2,KIT_0011_01,,,,,,,,,,,,,,,,,,,,,,,
kitting_completed,7196.666666666661,AGV_03,TOTE_0685,station_3,KIT_0009_01,,,,,,,,,,,,,,,,,,,,{'PART_05': 15},False,,
dispatch,7201.999999999987,AGV_06,TOTE_0537,station_3,KIT_0009_01,{'PART_10': 48},5760.0,1.2327202527014236,1.1999997651252399,0.002340740740740741,0.03037974683544304,0.13599999999999995,0.4564102564102564,0.6,0.3,0.1,0.03,0.1,0.2,0.1,0.006,2.0,1200.0,0.6531911259798285,,,,
dispatch,7203.33333333332,AGV_07,TOTE_0847,station_1,KIT_0011_02,"{'PART_01': 10, 'PART_05': 15}",8640.0,0.3264739370036379,0.2968189964157705,0.028384615384615383,0.0012703252032520325,0.0,0.4358974358974359,0.6,0.3,0.1,0.03,0.1,0.2,0.1,0.006,2.0,1200.0,0.15229461861243915,,,,
dispatch,7207.333333333328,AGV_08,TOTE_0865,station_1,KIT_0011_02,"{'PART_01': 10, 'PART_05': 15}",8640.0,0.32618346841595613,0.29687275985663075,0.02802403846153846,0.0012866700977869276,0.0,0.4358974358974359,0.6,0.3,0.1,0.03,0.1,0.2,0.1,0.006,2.0,1200.0,0.15212033745983009,,,,
kitting_started,7207.999999999994,AGV_02,TOTE_0721,station_3,KIT_0009_01,,,,,,,,,,,,,,,,,,,,,,,
dispatch,7208.666666666661,AGV_10,TOTE_0063,station_2,KIT_0011_01,{'PART_01': 70},8640.0,0.35182483018773336,0.2968906810035842,0.0019038461538461538,0.05303030303030303,0.2,0.21025641025641026,0.6,0.3,0.1,0.03,0.1,0.2,0.1,0.006,2.0,1200.0,0.13006925708699899,,,,
kitting_completed,7217.999999999994,AGV_02,TOTE_0721,station_3,KIT_0009_01,,,,,,,,,,,,,,,,,,,,{'PART_05': 15},False,,
dispatch,7223.33333333332,AGV_01,TOTE_0318,station_3,KIT_0009_01,{'PART_05': 30},5760.0,1.228902150247004,1.1999997933446471,0.0016296296296296308,0.02727272727272727,0.2,0.38974358974358975,0.6,0.3,0.1,0.03,0.1,0.2,0.1,0.006,2.0,1200.0,0.6383669311738436,,,,
kitting_started,7236.666666666653,AGV_07,TOTE_0847,station_1,KIT_0011_02,,,,,,,,,,,,,,,,,,,,,,,
kitting_completed,7249.333333333328,AGV_04,TOTE_0339,station_4,KIT_0009_02,,,,,,,,,,,,,,,,,,,,{'PART_05': 90},False,,
dispatch,7249.333333333328,AGV_03,TOTE_0357,station_4,KIT_0009_02,{'PART_05': 90},5760.0,1.245968077162366,1.199999823194112,0.0031111111111111122,0.04285714285714286,0.2,0.4358974358974359,0.6,0.3,0.1,0.03,0.1,0.2,0.1,0.006,2.0,1200.0,0.643991102707676,,,,
kitting_started,7249.999999999987,AGV_06,TOTE_0537,station_3,KIT_0009_01,,,,,,,,,,,,,,,,,,,,,,,
kitting_started,7250.666666666661,AGV_09,TOTE_0703,station_4,KIT_0009_02,,,,,,,,,,,,,,,,,,,,,,,
kitting_completed,7256.666666666653,AGV_07,TOTE_0847,station_1,KIT_0011_02,,,,,,,,,,,,,,,,,,,,"{'PART_01': 10, 'PART_05': 15}",False,,
kitting_started,7257.999999999986,AGV_08,TOTE_0865,station_1,KIT_0011_02,,,,,,,,,,,,,,,,,,,,,,,
dispatch,7259.999999999994,AGV_02,TOTE_0829,station_1,KIT_0011_02,"{'PART_01': 10, 'PART_05': 15}",8640.0,0.3265475477842148,0.29758064516129024,0.02766346153846154,0.0013034410844629824,0.0,0.4358974358974359,0.6,0.3,0.1,0.03,0.1,0.2,0.1,0.006,2.0,1200.0,0.15233878508078527,,,,
kitting_completed,7260.666666666661,AGV_09,TOTE_0703,station_4,KIT_0009_02,,,,,,,,,,,,,,,,,,,,{'PART_05': 15},False,,
kitting_completed,7261.333333333327,AGV_05,TOTE_0045,station_2,KIT_0011_01,,,,,,,,,,,,,,,,,,,,{'PART_01': 70},False,,
kitting_started,7262.66666666666,AGV_10,TOTE_0063,station_2,KIT_0011_01,,,,,,,,,,,,,,,,,,,,,,,
dispatch,7269.333333333328,AGV_04,TOTE_0375,station_4,KIT_0009_02,{'PART_05': 90},5760.0,1.2767776209650215,1.1999998431872436,0.001777777777777777,0.07500000000000001,0.2,0.23076923076923078,0.6,0.3,0.1,0.03,0.1,0.2,0.1,0.006,2.0,1200.0,0.6829896495020898,,,,
kitting_completed,7277.999999999986,AGV_08,TOTE_0865,station_1,KIT_0011_02,,,,,,,,,,,,,,,,,,,,"{'PART_01': 10, 'PART_05': 15}",False,,
kitting_completed,7279.999999999987,AGV_06,TOTE_0537,station_3,KIT_0009_01,,,,,,,,,,,,,,,,,,,,{'PART_10': 48},False,,
dispatch,7279.999999999994,AGV_05,TOTE_0876,station_3,KIT_0009_01,{'PART_05': 15},5760.0,1.2199350380940355,1.1999998529088503,0.0011851851851851858,0.018750000000000003,0.2,0.2358974358974359,0.6,0.3,0.1,0.03,0.1,0.2,0.1,0.006,2.0,1200.0,0.6483712792666776,,,,
kitting_started,7281.33333333332,AGV_01,TOTE_0318,station_3,KIT_0009_01,,,,,,,,,,,,,,,,,,,,,,,
kitting_started,7289.333333333328,AGV_04,TOTE_0375,station_4,KIT_0009_02,,,,,,,,,,,,,,,,,,,,,,,
dispatch,7289.999999999986,AGV_07,TOTE_0847,station_1,KIT_0011_02,"{'PART_01': 10, 'PART_05': 15}",8640.0,0.3266074106280286,0.29798387096774176,0.027302884615384614,0.0013206550449022716,0.0,0.4358974358974359,0.6,0.3,0.1,0.03,0.1,0.2,0.1,0.006,2.0,1200.0,0.15237470278707357,,,,
kitting_started,7293.333333333327,AGV_02,TOTE_0829,station_1,KIT_0011_02,,,,,,,,,,,,,,,,,,,,,,,
kitting_completed,7301.33333333332,AGV_01,TOTE_0318,station_3,KIT_0009_01,,,,,,,,,,,,,,,,,,,,{'PART_05': 30},False,,
dispatch,7301.33333333332,AGV_06,TOTE_0894,station_3,KIT_0009_01,{'PART_05': 15},5760.0,1.2240397566212404,1.1999998705813544,0.0009629629629629632,0.023076923076923078,0.2,0.2358974358974359,0.6,0.3,0.1,0.03,0.1,0.2,0.1,0.006,2.0,1200.0,0.6508341103830007,,,,
kitting_started,7302.666666666653,AGV_05,TOTE_0876,station_3,KIT_0009_01,,,,,,,,,,,,,,,,,,,,,,,
dispatch,7307.333333333328,AGV_09,TOTE_0556,station_2,KIT_0011_01,{'PART_08': 12},8640.0,0.3184659153570443,0.2982168458781361,0.0008942307692307693,0.01935483870967742,0.0,0.6974358974358974,0.6,0.3,0.1,0.03,0.1,0.2,0.1,0.006,2.0,1200.0,0.12133595947063686,,,,
kitting_completed,7312.666666666653,AGV_05,TOTE_0876,station_3,KIT_0009_01,,,,,,,,,,,,,,,,,,,,{'PART_05': 15},False,,
dispatch,7312.666666666653,AGV_08,TOTE_0912,station_3,KIT_0009_01,{'PART_05': 15},5760.0,1.2307406198300153,1.1999998790892745,0.0007407407407407407,0.03,0.2,0.38974358974358975,0.6,0.3,0.1,0.03,0.1,0.2,0.1,0.006,2.0,1200.0,0.6394700129236501,,,,
kitting_completed,7313.333333333327,AGV_02,TOTE_0829,station_1,KIT_0011_02,,,,,,,,,,,,,,,,,,,,"{'PART_01': 10, 'PART_05': 15}",False,,
dispatch,7319.999999999987,AGV_01,TOTE_0865,station_1,KIT_0011_02,"{'PART_01': 10, 'PART_05': 15}",8640.0,0.3266677342309551,0.2983870967741934,0.026942307692307692,0.0013383297644539616,0.0,0.6153846153846154,0.6,0.3,0.1,0.03,0.1,0.2,0.1,0.006,2.0,1200.0,0.1344621790001115,,,,
kitting_started,7323.333333333319,AGV_07,TOTE_0847,station_1,KIT_0011_02,,,,,,,,,,,,,,,,,,,,,,,
kitting_started,7323.333333333319,AGV_06,TOTE_0894,station_3,KIT_0009_01,,,,,,,,,,,,,,,,,,,,,,,
kitting_completed,7332.66666666666,AGV_10,TOTE_0063,station_2,KIT_0011_01,,,,,,,,,,,,,,,,,,,,{'PART_01': 70},False,,
dispatch,7332.66666666666,AGV_05,TOTE_0498,station_2,KIT_0011_01,{'PART_08': 36},8640.0,0.3712785015164047,0.29855734767025083,0.0007211538461538468,0.072,0.2,0.26153846153846155,0.6,0.3,0.1,0.03,0.1,0.2,0.1,0.006,2.0,1200.0,0.13661325475599664,,,,
kitting_completed,7333.333333333319,AGV_06,TOTE_0894,station_3,KIT_0009_01,,,,,,,,,,,,,,,,,,,,{'PART_05': 15},False,,
kitting_completed,7343.333333333319,AGV_07,TOTE_0847,station_1,KIT_0011_02,,,,,,,,,,,,,,,,,,,,"{'PART_01': 10, 'PART_05': 15}",False,,
dispatch,7346.66666666666,AGV_02,TOTE_0012,station_3,KIT_0009_01,{'PART_01': 5},5760.0,1.2148041342060854,1.1999999014018525,0.0005185185185185181,0.014285714285714285,0.4,0.38974358974358975,0.6,0.3,0.1,0.03,0.1,0.2,0.1,0.006,2.0,1200.0,0.5699081215492923,,,,
kitting_completed,7349.333333333328,AGV_04,TOTE_0375,station_4,KIT_0009_02,,,,,,,,,,,,,,,,,,,,{'PART_05': 90},False,,
kitting_started,7350.666666666661,AGV_03,TOTE_0357,station_4,KIT_0009_02,,,,,,,,,,,,,,,,,,,,,,,
dispatch,7351.333333333327,AGV_10,TOTE_0321,station_4,KIT_0009_02,{'PART_05': 15},5760.0,1.2504443485687529,1.1999999041243083,0.00044444444444444506,0.05,0.2,0.28205128205128205,0.6,0.3,0.1,0.03,0.1,0.2,0.1,0.006,2.0,1200.0,0.6620614809361235,,,,
dispatch,7351.999999999986,AGV_06,TOTE_0646,station_1,KIT_0011_02,{'PART_03': 50},8640.0,0.3281119030572836,0.2988172043010751,0.026581730769230767,0.0027129679869777536,0.0,0.7948717948717948,0.6,0.3,0.1,0.03,0.1,0.2,0.1,0.006,2.0,1200.0,0.11737996234719067,,,,
kitting_started,7354.666666666652,AGV_08,TOTE_0912,station_3,KIT_0009_01,,,,,,,,,,,,,,,,,,,,,,,
kitting_started,7354.66666666666,AGV_05,TOTE_0498,station_2,KIT_0011_01,,,,,,,,,,,,,,,,,,,,,,,
kitting_completed,7364.666666666652,AGV_08,TOTE_0912,station_3,KIT_0009_01,,,,,,,,,,,,,,,,,,,,{'PART_05': 15},False,,
dispatch,7369.333333333328,AGV_04,TOTE_0354,station_3,KIT_0009_01,{'PART_05': 10},5760.0,1.233777691717111,1.1999999139393331,0.00044444444444444506,0.03333333333333333,0.5333333333333335,0.2358974358974359,0.6,0.3,0.1,0.03,0.1,0.2,0.1,0.006,2.0,1200.0,0.5566768714405229,,,,
kitting_started,7376.666666666653,AGV_01,TOTE_0865,station_1,KIT_0011_02,,,,,,,,,,,,,,,,,,,,,,,
kitting_completed,7384.66666666666,AGV_05,TOTE_0498,station_2,KIT_0011_01,,,,,,,,,,,,,,,,,,,,{'PART_08': 36},False,,
dispatch,7384.66666666666,AGV_08,TOTE_0492,station_2,KIT_0011_01,{'PART_08': 4},8640.0,0.32802962404978525,0.2992562724014336,0.0002019230769230762,0.02857142857142857,0.26666666666666644,0.37948717948717947,0.6,0.3,0.1,0.03,0.1,0.2,0.1,0.006,2.0,1200.0,0.07886905648115325,,,,
kitting_started,7385.999999999993,AGV_09,TOTE_0556,station_2,KIT_0011_01,,,,,,,,,,,,,,,,,,,,,,,
kitting_started,7388.666666666659,AGV_02,TOTE_0012,station_3,KIT_0009_01,,,,,,,,,,,,,,,,,,,,,,,
kitting_completed,7395.999999999993,AGV_09,TOTE_0556,station_2,KIT_0011_01,,,,,,,,,,,,,,,,,,,,{'PART_08': 12},False,,
dispatch,7395.999999999993,AGV_07,TOTE_0603,station_2,KIT_0011_01,{'PART_05': 10},8640.0,0.3995528329197683,0.29940860215053755,0.0001442307692307687,0.1,0.5333333333333334,0.3641025641025641,0.6,0.3,0.1,0.03,0.1,0.2,0.1,0.006,2.0,1200.0,0.04332144334160452,,,,
kitting_completed,7396.666666666653,AGV_01,TOTE_0865,station_1,KIT_0011_02,,,,,,,,,,,,,,,,,,,,"{'PART_01': 10, 'PART_05': 15}",False,,
dispatch,7406.66666666666,AGV_05,TOTE_0664,station_1,KIT_0011_02,{'PART_03': 50},8640.0,0.32820117066976595,0.2995519713261648,0.02586057692307692,0.002788622420524261,0.0,0.7948717948717948,0.6,0.3,0.1,0.03,0.1,0.2,0.1,0.006,2.0,1200.0,0.1174335229146801,,,,
kitting_completed,7408.666666666659,AGV_02,TOTE_0012,station_3,KIT_0009_01,,,,,,,,,,,,,,,,,,,,{'PART_01': 5},False,,
kitting_started,7409.999999999992,AGV_04,TOTE_0354,station_3,KIT_0009_01,,,,,,,,,,,,,,,,,,,,,,,
kitting_completed,7410.666666666661,AGV_03,TOTE_0357,station_4,KIT_0009_02,,,,,,,,,,,,,,,,,,,,{'PART_05': 90},False,,
kitting_started,7411.999999999994,AGV_10,TOTE_0321,station_4,KIT_0009_02,,,,,,,,,,,,,,,,,,,,,,,
kitting_started,7412.66666666666,AGV_08,TOTE_0492,station_2,KIT_0011_01,,,,,,,,,,,,,,,,,,,,,,,
kitting_started,7418.666666666652,AGV_06,TOTE_0646,station_1,KIT_0011_02,,,,,,,,,,,,,,,,,,,,,,,
kitting_completed,7421.999999999994,AGV_10,TOTE_0321,station_4,KIT_0009_02,,,,,,,,,,,,,,,,,,,,{'PART_05': 15},False,,
dispatch,7427.333333333326,AGV_02,TOTE_0012,station_4,KIT_0009_02,{'PART_01': 5},5760.0,1.2335554947882148,1.1999999392326592,0.00022222222222222253,0.03333333333333333,-0.2,0.28205128205128205,0.6,0.3,0.1,0.03,0.1,0.2,0.1,0.006,2.0,1200.0,0.7719281686678007,,,,
kitting_completed,7428.666666666652,AGV_06,TOTE_0646,station_1,KIT_0011_02,,,,,,,,,,,,,,,,,,,,{'PART_03': 50},False,,
dispatch,7429.999999999986,AGV_01,TOTE_0393,station_4,KIT_0009_02,{'PART_05': 10},5760.0,1.3001480883453482,1.1999999401972,0.00014814814814814947,0.1,0.5333333333333335,0.4358974358974359,0.6,0.3,0.1,0.03,0.1,0.2,0.1,0.006,2.0,1200.0,0.5764991094174653,,,,
kitting_completed,7429.999999999992,AGV_04,TOTE_0354,station_3,KIT_0009_01,,,,,,,,,,,,,,,,,,,,{'PART_05': 10},False,,
dispatch,7430.666666666661,AGV_03,TOTE_0534,station_3,KIT_0009_01,{'PART_10': 20},5760.0,1.3002962367322297,1.1999999404359334,0.0002962962962962956,0.1,0.6399999999999999,0.2358974358974359,0.6,0.3,0.1,0.03,0.1,0.2,0.1,0.006,2.0,1200.0,0.5645879984495942,,,,
kitting_completed,7432.66666666666,AGV_08,TOTE_0492,station_2,KIT_0011_01,,,,,,,,,,,,,,,,,,,,{'PART_08': 4},False,,
kitting_started,7434.666666666659,AGV_07,TOTE_0603,station_2,KIT_0011_01,,,,,,,,,,,,,,,,,,,,,,,
dispatch,7437.999999999993,AGV_09,TOTE_0682,station_1,KIT_0011_02,{'PART_03': 50},8640.0,0.32798115868294153,0.2999731182795698,0.025139423076923077,0.002868617326448652,0.0,0.6410256410256411,0.6,0.3,0.1,0.03,0.1,0.2,0.1,0.006,2.0,1200.0,0.1326861311072008,,,,
kitting_started,7450.666666666659,AGV_02,TOTE_0012,station_4,KIT_0009_02,,,,,,,,,,,,,,,,,,,,,,,
kitting_started,7452.66666666666,AGV_03,TOTE_0534,station_3,KIT_0009_01,,,,,,,,,,,,,,,,,,,,,,,
kitting_completed,7454.666666666659,AGV_07,TOTE_0603,station_2,KIT_0011_01,,,,,,,,,,,,,,,,,,,,{'PART_05': 10},True,,
kitting_completed,7470.666666666659,AGV_02,TOTE_0012,station_4,KIT_0009_02,,,,,,,,,,,,,,,,,,,,{'PART_01': 5},False,,
kitting_completed,7472.66666666666,AGV_03,TOTE_0534,station_3,KIT_0009_01,,,,,,,,,,,,,,,,,,,,{'PART_10': 20},True,,
kitting_started,7473.333333333326,AGV_05,TOTE_0664,station_1,KIT_0011_02,,,,,,,,,,,,,,,,,,,,,,,
kitting_started,7476.666666666653,AGV_01,TOTE_0393,station_4,KIT_0009_02,,,,,,,,,,,,,,,,,,,,,,,
kitting_completed,7483.333333333326,AGV_05,TOTE_0664,station_1,KIT_0011_02,,,,,,,,,,,,,,,,,,,,{'PART_03': 50},False,,
dispatch,7483.333333333326,AGV_10,TOTE_0603,station_1,KIT_0011_02,{'PART_05': 5},8640.0,0.37188924168462206,0.3471756387267412,0.02441826923076923,0.00029533372711163615,-0.3333333333333334,0.28205128205128205,0.6,0.3,0.1,0.03,0.1,0.2,0.1,0.006,2.0,1200.0,0.294928416805645,,,,
kitting_started,7484.666666666659,AGV_09,TOTE_0682,station_1,KIT_0011_02,,,,,,,,,,,,,,,,,,,,,,,
kitting_completed,7494.666666666659,AGV_09,TOTE_0682,station_1,KIT_0011_02,,,,,,,,,,,,,,,,,,,,{'PART_03': 50},False,,
dispatch,7494.666666666659,AGV_04,TOTE_0354,station_1,KIT_0011_02,{'PART_05': 80},8640.0,0.39946264701253165,0.3703771566734868,0.024346153846153844,0.004739336492890996,-0.33333333333333354,0.3333333333333333,0.6,0.3,0.1,0.03,0.1,0.2,0.1,0.006,2.0,1200.0,0.3063442548741857,,,,
kitting_completed,7496.666666666653,AGV_01,TOTE_0393,station_4,KIT_0009_02,,,,,,,,,,,,,,,,,,,,{'PART_05': 10},True,,
kitting_started,7513.333333333326,AGV_10,TOTE_0603,station_1,KIT_0011_02,,,,,,,,,,,,,,,,,,,,,,,
kit_replacement,7514.666666666659,,,station_2,,,,,,,,,,,,,,,,,,,,,,,KIT_0011_01,KIT_0012_01
dispatch,7514.666666666659,AGV_03,TOTE_0729,station_2,KIT_0012_01,{'PART_09': 22},8640.0,0.447758251900069,0.41735084449266163,0.03,0.0004074074074074074,-0.15999999999999998,0.21025641025641026,0.6,0.3,0.1,0.03,0.1,0.2,0.1,0.006,2.0,1200.0,0.29562931011440036,,,,
dispatch,7514.666666666659,AGV_02,TOTE_0881,station_2,KIT_0012_01,{'PART_05': 15},8640.0,0.4475075363648983,0.41735084449266163,0.029877777777777774,0.0002789140944589067,0.0,0.517948717948718,0.6,0.3,0.1,0.03,0.1,0.2,0.1,0.006,2.0,1200.0,0.21670965002406717,,,,
kit_replacement,7532.66666666666,,,station_3,,,,,,,,,,,,,,,,,,,,,,,KIT_0009_01,KIT_0013_01
dispatch,7532.66666666666,AGV_01,TOTE_0534,station_3,KIT_0013_01,{'PART_10': 105},8640.0,0.49926875062784115,0.4637131950722856,0.03,0.005555555555555556,-0.4399999999999999,0.3641025641025641,0.6,0.3,0.1,0.03,0.1,0.2,0.1,0.006,2.0,1200.0,0.3951509939664482,,,,
dispatch,7532.66666666666,AGV_07,TOTE_0393,station_3,KIT_0013_01,{'PART_05': 80},8640.0,0.49652832112270573,0.4637131950722856,0.028333333333333332,0.004481792717086835,-0.33333333333333354,0.30256410256410254,0.6,0.3,0.1,0.03,0.1,0.2,0.1,0.006,2.0,1200.0,0.3676605824172132,,,,
kitting_completed,7533.333333333326,AGV_10,TOTE_0603,station_1,KIT_0011_02,,,,,,,,,,,,,,,,,,,,{'PART_05': 5},False,,
dispatch,7533.333333333326,AGV_08,TOTE_0492,station_1,KIT_0011_02,{'PART_08': 68},8640.0,0.4928966636465495,0.4654755002328488,0.023192307692307693,0.004228855721393035,-0.06666666666666643,0.23076923076923078,0.6,0.3,0.1,0.03,0.1,0.2,0.1,0.006,2.0,1200.0,0.2926610751110065,,,,
kitting_started,7534.666666666659,AGV_04,TOTE_0354,station_1,KIT_0011_02,,,,,,,,,,,,,,,,,,,,,,,
kitting_started,7536.666666666658,AGV_03,TOTE_0729,station_2,KIT_0012_01,,,,,,,,,,,,,,,,,,,,,,,
kitting_started,7554.666666666659,AGV_01,TOTE_0534,station_3,KIT_0013_01,,,,,,,,,,,,,,,,,,,,,,,
kit_replacement,7556.666666666653,,,station_4,,,,,,,,,,,,,,,,,,,,,,,KIT_0009_02,KIT_0013_02
dispatch,7556.666666666653,AGV_09,TOTE_0556,station_4,KIT_0013_02,{'PART_02': 20},8640.0,0.5591419217810739,0.5280837207228728,0.03,0.0010582010582010583,0.0,0.4358974358974359,0.6,0.3,0.1,0.03,0.1,0.2,0.1,0.006,2.0,1200.0,0.29189540947890075,,,,
dispatch,7556.666666666653,AGV_06,TOTE_0574,station_4,KIT_0013_02,{'PART_02': 20},8640.0,0.55883577912199,0.5280837207228728,0.029682539682539682,0.0010695187165775401,0.0,0.4358974358974359,0.6,0.3,0.1,0.03,0.1,0.2,0.1,0.006,2.0,1200.0,0.2917117238834504,,,,
kitting_completed,7556.666666666658,AGV_03,TOTE_0729,station_2,KIT_0012_01,,,,,,,,,,,,,,,,,,,,{'PART_09': 22},False,,
dispatch,7556.666666666658,AGV_05,TOTE_0799,station_2,KIT_0012_01,"{'PART_02': 20, 'PART_09': 40}",8640.0,0.5589969419713571,0.528083720722885,0.029794444444444443,0.0011187768040275966,0.0,0.49230769230769234,0.6,0.3,0.1,0.03,0.1,0.2,0.1,0.006,2.0,1200.0,0.286167395952045,,,,
kitting_started,7563.333333333325,AGV_02,TOTE_0881,station_2,KIT_0012_01,,,,,,,,,,,,,,,,,,,,,,,
kitting_completed,7573.333333333325,AGV_02,TOTE_0881,station_2,KIT_0012_01,,,,,,,,,,,,,,,,,,,,{'PART_05': 15},False,,
dispatch,7573.333333333325,AGV_10,TOTE_0817,station_2,KIT_0012_01,"{'PART_02': 20, 'PART_09': 40}",8640.0,0.6035072769320512,0.5729147307841684,0.02946111111111111,0.0011314350367716388,0.0,0.517948717948718,0.6,0.3,0.1,0.03,0.1,0.2,0.1,0.006,2.0,1200.0,0.3103094943643589,,,,
kitting_started,7589.999999999986,AGV_09,TOTE_0556,station_4,KIT_0013_02,,,,,,,,,,,,,,,,,,,,,,,
kitting_started,7598.666666666658,AGV_05,TOTE_0799,station_2,KIT_0012_01,,,,,,,,,,,,,,,,,,,,,,,
kitting_completed,7599.999999999986,AGV_09,TOTE_0556,station_4,KIT_0013_02,,,,,,,,,,,,,,,,,,,,{'PART_02': 20},False,,
dispatch,7599.999999999986,AGV_03,TOTE_0571,station_4,KIT_0013_02,{'PART_02': 20},8640.0,0.6731852316082392,0.6427390711620787,0.029365079365079365,0.001081081081081081,0.0,0.5897435897435898,0.6,0.3,0.1,0.03,0.1,0.2,0.1,0.006,2.0,1200.0,0.34493677999058453,,,,
kitting_started,7601.333333333319,AGV_06,TOTE_0574,station_4,KIT_0013_02,,,,,,,,,,,,,,,,,,,,,,,
kitting_completed,7604.666666666659,AGV_04,TOTE_0354,station_1,KIT_0011_02,,,,,,,,,,,,,,,,,,,,{'PART_05': 80},False,,
kitting_started,7605.999999999992,AGV_08,TOTE_0492,station_1,KIT_0011_02,,,,,,,,,,,,,,,,,,,,,,,
dispatch,7608.666666666658,AGV_02,TOTE_0700,station_1,KIT_0011_02,{'PART_03': 50},8640.0,0.6900873192362973,0.6646290275280056,0.022211538461538463,0.0032467532467532465,0.0,0.6923076923076923,0.6,0.3,0.1,0.03,0.1,0.2,0.1,0.006,2.0,1200.0,0.3448216223110091,,,,
kitting_completed,7611.333333333319,AGV_06,TOTE_0574,station_4,KIT_0013_02,,,,,,,,,,,,,,,,,,,,{'PART_02': 20},False,,
kitting_completed,7614.666666666659,AGV_01,TOTE_0534,station_3,KIT_0013_01,,,,,,,,,,,,,,,,,,,,{'PART_10': 105},False,,
kitting_started,7615.999999999992,AGV_07,TOTE_0393,station_3,KIT_0013_01,,,,,,,,,,,,,,,,,,,,,,,
kitting_completed,7618.666666666658,AGV_05,TOTE_0799,station_2,KIT_0012_01,,,,,,,,,,,,,,,,,,,,"{'PART_02': 20, 'PART_09': 40}",False,,
kitting_started,7619.999999999991,AGV_10,TOTE_0817,station_2,KIT_0012_01,,,,,,,,,,,,,,,,,,,,,,,
dispatch,7631.333333333326,AGV_04,TOTE_0748,station_3,KIT_0013_01,{'PART_02': 20},8640.0,0.7477439087016435,0.7195073961102922,0.02706349206349206,0.0011730205278592375,0.0,0.517948717948718,0.6,0.3,0.1,0.03,0.1,0.2,0.1,0.006,2.0,1200.0,0.3968514734261143,,,,
dispatch,7633.333333333319,AGV_09,TOTE_0592,station_4,KIT_0013_02,{'PART_02': 20},8640.0,0.754311616677686,0.7241711014552035,0.029047619047619048,0.001092896174863388,0.0,0.4358974358974359,0.6,0.3,0.1,0.03,0.1,0.2,0.1,0.006,2.0,1200.0,0.408997226416868,,,,
dispatch,7633.333333333326,AGV_01,TOTE_0874,station_2,KIT_0012_01,{'PART_05': 15},8640.0,0.753584974979706,0.7241711014552183,0.029127777777777777,0.00028609574670989893,0.0,0.5692307692307692,0.6,0.3,0.1,0.03,0.1,0.2,0.1,0.006,2.0,1200.0,0.39522790806474667,,,,
kitting_completed,7639.999999999991,AGV_10,TOTE_0817,station_2,KIT_0012_01,,,,,,,,,,,,,,,,,,,,"{'PART_02': 20, 'PART_09': 40}",False,,
dispatch,7644.666666666652,AGV_06,TOTE_0892,station_2,KIT_0012_01,{'PART_05': 15},8640.0,0.7793510526337041,0.7500196915863522,0.029044444444444446,0.0002869166029074216,0.0,0.517948717948718,0.6,0.3,0.1,0.03,0.1,0.2,0.1,0.006,2.0,1200.0,0.4158157597853506,,,,
kitting_started,7653.333333333319,AGV_03,TOTE_0571,station_4,KIT_0013_02,,,,,,,,,,,,,,,,,,,,,,,
kitting_completed,7663.333333333319,AGV_03,TOTE_0571,station_4,KIT_0013_02,,,,,,,,,,,,,,,,,,,,{'PART_02': 20},False,,
dispatch,7663.333333333319,AGV_05,TOTE_0589,station_4,KIT_0013_02,{'PART_02': 20},8640.0,0.8202197664000836,0.7903846352942343,0.02873015873015873,0.0011049723756906078,0.0,0.48717948717948717,0.6,0.3,0.1,0.03,0.1,0.2,0.1,0.006,2.0,1200.0,0.44341391112210143,,,,
kitting_started,7666.666666666652,AGV_09,TOTE_0592,station_4,KIT_0013_02,,,,,,,,,,,,,,,,,,,,,,,
kitting_completed,7675.999999999992,AGV_08,TOTE_0492,station_1,KIT_0011_02,,,,,,,,,,,,,,,,,,,,{'PART_08': 68},False,,
dispatch,7675.999999999992,AGV_10,TOTE_0718,station_1,KIT_0011_02,{'PART_03': 50},8640.0,0.8410224839678884,0.8161763946545171,0.021490384615384616,0.0033557046979865775,0.0,0.717948717948718,0.6,0.3,0.1,0.03,0.1,0.2,0.1,0.006,2.0,1200.0,0.4328186185858612,,,,
kitting_completed,7676.666666666652,AGV_09,TOTE_0592,station_4,KIT_0013_02,,,,,,,,,,,,,,,,,,,,{'PART_02': 20},False,,
kitting_started,7677.333333333325,AGV_02,TOTE_0700,station_1,KIT_0011_02,,,,,,,,,,,,,,,,,,,,,,,
kitting_started,7681.999999999992,AGV_01,TOTE_0874,station_2,KIT_0012_01,,,,,,,,,,,,,,,,,,,,,,,
kitting_completed,7685.999999999992,AGV_07,TOTE_0393,station_3,KIT_0013_01,,,,,,,,,,,,,,,,,,,,{'PART_05': 80},False,,
kitting_completed,7687.333333333325,AGV_02,TOTE_0700,station_1,KIT_0011_02,,,,,,,,,,,,,,,,,,,,{'PART_03': 50},False,,
kitting_started,7687.333333333325,AGV_04,TOTE_0748,station_3,KIT_0013_01,,,,,,,,,,,,,,,,,,,,,,,
kitting_completed,7691.999999999992,AGV_01,TOTE_0874,station_2,KIT_0012_01,,,,,,,,,,,,,,,,,,,,{'PART_05': 15},False,,
kitting_started,7693.333333333325,AGV_06,TOTE_0892,station_2,KIT_0012_01,,,,,,,,,,,,,,,,,,,,,,,
dispatch,7695.999999999992,AGV_08,TOTE_0598,station_2,KIT_0012_01,{'PART_04': 100},8640.0,0.8851423394195376,0.8542629470883996,0.028961111111111108,0.001918281220026856,0.0,0.558974358974359,0.6,0.3,0.1,0.03,0.1,0.2,0.1,0.006,2.0,1200.0,0.4751879677542866,,,,
dispatch,7696.666666666652,AGV_03,TOTE_0607,station_4,KIT_0013_02,{'PART_02': 20},8640.0,0.8850073652640064,0.8554773484155537,0.02841269841269841,0.00111731843575419,0.0,0.4358974358974359,0.6,0.3,0.1,0.03,0.1,0.2,0.1,0.006,2.0,1200.0,0.4874146755686602,,,,
kitting_completed,7697.333333333325,AGV_04,TOTE_0748,station_3,KIT_0013_01,,,,,,,,,,,,,,,,,,,,{'PART_02': 20},False,,
kitting_started,7703.333333333319,AGV_05,TOTE_0589,station_4,KIT_0013_02,,,,,,,,,,,,,,,,,,,,,,,
kitting_completed,7703.333333333325,AGV_06,TOTE_0892,station_2,KIT_0012_01,,,,,,,,,,,,,,,,,,,,{'PART_05': 15},False,,
dispatch,7707.333333333325,AGV_07,TOTE_0899,station_2,KIT_0012_01,{'PART_05': 15},8640.0,0.9031296110380574,0.8744306856409216,0.028405555555555555,0.0002933698415802856,0.0,0.5435897435897435,0.6,0.3,0.1,0.03,0.1,0.2,0.1,0.006,2.0,1200.0,0.48751879226386013,,,,
dispatch,7709.999999999985,AGV_09,TOTE_0766,station_3,KIT_0013_01,{'PART_02': 20},8640.0,0.9069628226047668,0.879029847238557,0.026746031746031743,0.0011869436201780417,0.0,0.4666666666666667,0.6,0.3,0.1,0.03,0.1,0.2,0.1,0.006,2.0,1200.0,0.49751102689619336,,,,
kitting_completed,7713.333333333319,AGV_05,TOTE_0589,station_4,KIT_0013_02,,,,,,,,,,,,,,,,,,,,{'PART_02': 20},False,,
dispatch,7727.333333333325,AGV_01,TOTE_0784,station_3,KIT_0013_01,{'PART_02': 20},8640.0,0.9352256796021401,0.9075959069723675,0.026428571428571426,0.0012012012012012014,0.0,0.4153846153846154,0.6,0.3,0.1,0.03,0.1,0.2,0.1,0.006,2.0,1200.0,0.5195969462228225,,,,
dispatch,7729.333333333325,AGV_04,TOTE_0625,station_4,KIT_0013_02,{'PART_02': 20},8640.0,0.9399715556489779,0.9107463740509151,0.028095238095238093,0.0011299435028248588,0.0,0.46153846153846156,0.6,0.3,0.1,0.03,0.1,0.2,0.1,0.006,2.0,1200.0,0.5178290872355407,,,,
kitting_started,7729.999999999985,AGV_03,TOTE_0607,station_4,KIT_0013_02,,,,,,,,,,,,,,,,,,,,,,,
kitting_started,7732.666666666658,AGV_10,TOTE_0718,station_1,KIT_0011_02,,,,,,,,,,,,,,,,,,,,,,,
dispatch,7733.999999999992,AGV_02,TOTE_0736,station_1,KIT_0011_02,{'PART_03': 50},8640.0,0.9422241728963268,0.9179827199048738,0.02076923076923077,0.0034722222222222225,0.0,0.6410256410256411,0.6,0.3,0.1,0.03,0.1,0.2,0.1,0.006,2.0,1200.0,0.5012319396352319,,,,
kitting_completed,7739.999999999985,AGV_03,TOTE_0607,station_4,KIT_0013_02,,,,,,,,,,,,,,,,,,,,{'PART_02': 20},False,,
dispatch,7739.999999999985,AGV_06,TOTE_0751,station_4,KIT_0013_02,{'PART_02': 20},8640.0,0.9559739863243207,0.9270533514036858,0.027777777777777776,0.001142857142857143,0.0,0.46153846153846156,0.6,0.3,0.1,0.03,0.1,0.2,0.1,0.006,2.0,1200.0,0.5274305456407462,,,,
kitting_completed,7742.666666666658,AGV_10,TOTE_0718,station_1,KIT_0011_02,,,,,,,,,,,,,,,,,,,,{'PART_03': 50},False,,
kitting_started,7743.999999999991,AGV_08,TOTE_0598,station_2,KIT_0012_01,,,,,,,,,,,,,,,,,,,,,,,
dispatch,7746.666666666652,AGV_05,TOTE_0574,station_1,KIT_0011_02,{'PART_08': 12},8640.0,0.9577406966348216,0.9368293103592267,0.020048076923076925,0.0008633093525179857,0.0,0.6666666666666666,0.6,0.3,0.1,0.03,0.1,0.2,0.1,0.006,2.0,1200.0,0.5079777513142263,,,,
kitting_started,7748.666666666652,AGV_09,TOTE_0766,station_3,KIT_0013_01,,,,,,,,,,,,,,,,,,,,,,,
kitting_completed,7753.999999999991,AGV_08,TOTE_0598,station_2,KIT_0012_01,,,,,,,,,,,,,,,,,,,,{'PART_04': 100},False,,
kitting_started,7755.333333333324,AGV_07,TOTE_0899,station_2,KIT_0012_01,,,,,,,,,,,,,,,,,,,,,,,
kitting_completed,7758.666666666652,AGV_09,TOTE_0766,station_3,KIT_0013_01,,,,,,,,,,,,,,,,,,,,{'PART_02': 20},False,,
kitting_started,7759.999999999985,AGV_01,TOTE_0784,station_3,KIT_0013_01,,,,,,,,,,,,,,,,,,,,,,,
kitting_completed,7765.333333333324,AGV_07,TOTE_0899,station_2,KIT_0012_01,,,,,,,,,,,,,,,,,,,,{'PART_05': 15},False,,
kitting_started,7765.999999999991,AGV_04,TOTE_0625,station_4,KIT_0013_02,,,,,,,,,,,,,,,,,,,,,,,
kitting_completed,7769.999999999985,AGV_01,TOTE_0784,station_3,KIT_0013_01,,,,,,,,,,,,,,,,,,,,{'PART_02': 20},False,,
dispatch,7773.3333333333185,AGV_03,TOTE_0769,station_3,KIT_0013_01,{'PART_02': 20},8640.0,1.0002074817561748,0.9728805651739391,0.02611111111111111,0.0012158054711246201,0.0,0.4564102564102564,0.6,0.3,0.1,0.03,0.1,0.2,0.1,0.006,2.0,1200.0,0.5544834634126792,,,,
kitting_completed,7775.999999999991,AGV_04,TOTE_0625,station_4,KIT_0013_02,,,,,,,,,,,,,,,,,,,,{'PART_02': 20},False,,
kitting_started,7777.333333333324,AGV_06,TOTE_0751,station_4,KIT_0013_02,,,,,,,,,,,,,,,,,,,,,,,
kitting_started,7780.666666666658,AGV_02,TOTE_0736,station_1,KIT_0011_02,,,,,,,,,,,,,,,,,,,,,,,
kitting_completed,7787.333333333324,AGV_06,TOTE_0751,station_4,KIT_0013_02,,,,,,,,,,,,,,,,,,,,{'PART_02': 20},False,,
dispatch,7788.666666666658,AGV_08,TOTE_0796,station_2,KIT_0012_01,{'PART_09': 40},8640.0,1.020628520068261,0.9915216764258741,0.02832222222222222,0.0007846214201647705,0.0,0.4564102564102564,0.6,0.3,0.1,0.03,0.1,0.2,0.1,0.006,2.0,1200.0,0.5667360863999309,,,,
dispatch,7789.333333333325,AGV_10,TOTE_0610,station_4,KIT_0013_02,{'PART_02': 20},8640.0,1.0209157842777143,0.992299397453235,0.02746031746031746,0.0011560693641618498,0.0,0.4358974358974359,0.6,0.3,0.1,0.03,0.1,0.2,0.1,0.006,2.0,1200.0,0.568959726976885,,,,
dispatch,7790.666666666652,AGV_09,TOTE_0141,station_4,KIT_0013_02,{'PART_02': 100},8640.0,1.0268376464720905,0.9938468361128592,0.027142857142857142,0.005847953216374269,0.0,0.358974358974359,0.6,0.3,0.1,0.03,0.1,0.2,0.1,0.006,2.0,1200.0,0.5802051519858185,,,,
kitting_completed,7790.666666666658,AGV_02,TOTE_0736,station_1,KIT_0011_02,,,,,,,,,,,,,,,,,,,,{'PART_03': 50},False,,
kitting_started,7796.6666666666515,AGV_05,TOTE_0574,station_1,KIT_0011_02,,,,,,,,,,,,,,,,,,,,,,,
dispatch,7800.666666666657,AGV_07,TOTE_0899,station_2,KIT_0012_01,{'PART_05': 15},8640.0,1.033514542482287,1.005117982577186,0.0281,0.0002965599051008304,0.0,0.4666666666666667,0.6,0.3,0.1,0.03,0.1,0.2,0.1,0.006,2.0,1200.0,0.5734420588227055,,,,
dispatch,7801.999999999985,AGV_01,TOTE_0787,station_3,KIT_0013_01,{'PART_02': 20},8640.0,1.0336013758597848,1.006576955835365,0.025793650793650792,0.0012307692307692308,0.0,0.48205128205128206,0.6,0.3,0.1,0.03,0.1,0.2,0.1,0.006,2.0,1200.0,0.5719556973107427,,,,
kitting_completed,7806.6666666666515,AGV_05,TOTE_0574,station_1,KIT_0011_02,,,,,,,,,,,,,,,,,,,,{'PART_08': 12},False,,
kitting_started,7807.9999999999845,AGV_03,TOTE_0769,station_3,KIT_0013_01,,,,,,,,,,,,,,,,,,,,,,,
dispatch,7809.333333333324,AGV_04,TOTE_0592,station_1,KIT_0011_02,{'PART_08': 12},8640.0,1.0351674958147896,1.0144216685288678,0.019875,0.0008708272859216256,0.0,0.6666666666666666,0.6,0.3,0.1,0.03,0.1,0.2,0.1,0.006,2.0,1200.0,0.5544338308222071,,,,
kitting_completed,7817.9999999999845,AGV_03,TOTE_0769,station_3,KIT_0013_01,,,,,,,,,,,,,,,,,,,,{'PART_02': 20},False,,
dispatch,7820.666666666657,AGV_06,TOTE_0601,station_3,KIT_0013_01,{'PART_02': 20},8640.0,1.0526865263949936,1.0259642299998,0.025476190476190475,0.0012461059190031153,0.0,0.517948717948718,0.6,0.3,0.1,0.03,0.1,0.2,0.1,0.006,2.0,1200.0,0.5798170440421244,,,,
kitting_started,7822.666666666658,AGV_10,TOTE_0610,station_4,KIT_0013_02,,,,,,,,,,,,,,,,,,,,,,,
kitting_started,7823.333333333324,AGV_08,TOTE_0796,station_2,KIT_0012_01,,,,,,,,,,,,,,,,,,,,,,,
kitting_completed,7832.666666666658,AGV_10,TOTE_0610,station_4,KIT_0013_02,,,,,,,,,,,,,,,,,,,,{'PART_02': 20},False,,
kitting_completed,7833.333333333324,AGV_08,TOTE_0796,station_2,KIT_0012_01,,,,,,,,,,,,,,,,,,,,{'PART_09': 40},False,,
kitting_started,7833.999999999991,AGV_09,TOTE_0141,station_4,KIT_0013_02,,,,,,,,,,,,,,,,,,,,,,,
kitting_started,7835.99999999999,AGV_07,TOTE_0899,station_2,KIT_0012_01,,,,,,,,,,,,,,,,,,,,,,,
dispatch,7837.333333333325,AGV_02,TOTE_0874,station_2,KIT_0012_01,{'PART_05': 15},8640.0,1.0700357244549168,1.04172161578944,0.028016666666666665,0.000297441998810232,0.0,0.517948717948718,0.6,0.3,0.1,0.03,0.1,0.2,0.1,0.006,2.0,1200.0,0.5902265628780783,,,,
kitting_started,7839.9999999999845,AGV_01,TOTE_0787,station_3,KIT_0013_01,,,,,,,,,,,,,,,,,,,,,,,
kitting_completed,7845.99999999999,AGV_07,TOTE_0899,station_2,KIT_0012_01,,,,,,,,,,,,,,,,,,,,{'PART_05': 15},False,,
kitting_completed,7849.9999999999845,AGV_01,TOTE_0787,station_3,KIT_0013_01,,,,,,,,,,,,,,,,,,,,{'PART_02': 20},False,,
dispatch,7852.6666666666515,AGV_03,TOTE_0892,station_2,KIT_0012_01,{'PART_05': 15},8640.0,1.0832520285285,1.055020365839558,0.02793333333333333,0.0002983293556085919,0.0,0.49230769230769234,0.6,0.3,0.1,0.03,0.1,0.2,0.1,0.006,2.0,1200.0,0.6007204478863308,,,,
dispatch,7853.3333333333185,AGV_05,TOTE_0628,station_3,KIT_0013_01,{'PART_02': 20},8640.0,1.081994388795089,1.0555738289833618,0.025158730158730158,0.0012618296529968455,0.0,0.5076923076923077,0.6,0.3,0.1,0.03,0.1,0.2,0.1,0.006,2.0,1200.0,0.5984274025078226,,,,
kitting_started,7859.333333333323,AGV_04,TOTE_0592,station_1,KIT_0011_02,,,,,,,,,,,,,,,,,,,,,,,
kitting_started,7862.666666666657,AGV_06,TOTE_0601,station_3,KIT_0013_01,,,,,,,,,,,,,,,,,,,,,,,
dispatch,7865.999999999991,AGV_10,TOTE_0540,station_4,KIT_0013_02,{'PART_10': 125},8640.0,1.0990349096473846,1.0657153789365494,0.025555555555555554,0.007763975155279503,0.2,0.3333333333333333,0.6,0.3,0.1,0.03,0.1,0.2,0.1,0.006,2.0,1200.0,0.5660876124550974,,,,
dispatch,7867.999999999991,AGV_08,TOTE_0240,station_1,KIT_0011_02,{'PART_03': 200},8640.0,1.101596476728617,1.0672532652183118,0.019701923076923075,0.014641288433382138,0.2,0.3333333333333333,0.6,0.3,0.1,0.03,0.1,0.2,0.1,0.006,2.0,1200.0,0.5676245527038369,,,,
kitting_completed,7869.333333333323,AGV_04,TOTE_0592,station_1,KIT_0011_02,,,,,,,,,,,,,,,,,,,,{'PART_08': 12},False,,
kitting_completed,7872.666666666657,AGV_06,TOTE_0601,station_3,KIT_0013_01,,,,,,,,,,,,,,,,,,,,{'PART_02': 20},False,,
kitting_started,7879.333333333325,AGV_02,TOTE_0874,station_2,KIT_0012_01,,,,,,,,,,,,,,,,,,,,,,,
dispatch,7881.333333333323,AGV_07,TOTE_0646,station_3,KIT_0013_01,{'PART_02': 20},8640.0,1.1032028829647502,1.0770836578519147,0.02484126984126984,0.0012779552715654952,0.0,0.558974358974359,0.6,0.3,0.1,0.03,0.1,0.2,0.1,0.006,2.0,1200.0,0.6060242938814142,,,,
kitting_completed,7883.999999999991,AGV_09,TOTE_0141,station_4,KIT_0013_02,,,,,,,,,,,,,,,,,,,,{'PART_02': 100},False,,
dispatch,7884.6666666666515,AGV_01,TOTE_0411,station_4,KIT_0013_02,{'PART_05': 90},8640.0,1.1090620549399677,1.079430020307933,0.02357142857142857,0.0060606060606060615,0.2,0.3333333333333333,0.6,0.3,0.1,0.03,0.1,0.2,0.1,0.006,2.0,1200.0,0.5721038996306472,,,,
kitting_completed,7889.333333333325,AGV_02,TOTE_0874,station_2,KIT_0012_01,,,,,,,,,,,,,,,,,,,,{'PART_05': 15},False,,
kitting_started,7891.333333333318,AGV_03,TOTE_0892,station_2,KIT_0012_01,,,,,,,,,,,,,,,,,,,,,,,
kitting_started,7891.3333333333185,AGV_05,TOTE_0628,station_3,KIT_0013_01,,,,,,,,,,,,,,,,,,,,,,,
kitting_started,7899.333333333324,AGV_10,TOTE_0540,station_4,KIT_0013_02,,,,,,,,,,,,,,,,,,,,,,,
kitting_completed,7901.333333333318,AGV_03,TOTE_0892,station_2,KIT_0012_01,,,,,,,,,,,,,,,,,,,,{'PART_05': 15},False,,
kitting_completed,7901.3333333333185,AGV_05,TOTE_0628,station_3,KIT_0013_01,,,,,,,,,,,,,,,,,,,,{'PART_02': 20},False,,
kitting_started,7901.333333333324,AGV_08,TOTE_0240,station_1,KIT_0011_02,,,,,,,,,,,,,,,,,,,,,,,
dispatch,7903.999999999991,AGV_09,TOTE_0553,station_2,KIT_0012_01,{'PART_04': 100},8640.0,1.1220575834117996,1.0922127699268604,0.02785,0.001994813484939158,0.0,0.6205128205128205,0.6,0.3,0.1,0.03,0.1,0.2,0.1,0.006,2.0,1200.0,0.6111832679957977,,,,
dispatch,7907.99999999999,AGV_06,TOTE_0619,station_3,KIT_0013_01,{'PART_02': 20},8640.0,1.1205076185825675,1.094689310676881,0.02452380952380952,0.0012944983818770229,0.0,0.4666666666666667,0.6,0.3,0.1,0.03,0.1,0.2,0.1,0.006,2.0,1200.0,0.6256379044828738,,,,
dispatch,7915.99999999999,AGV_04,TOTE_0805,station_2,KIT_0012_01,{'PART_09': 40},8640.0,1.1275871300575928,1.0994785191160996,0.027294444444444444,0.0008141664970486466,0.0,0.5435897435897435,0.6,0.3,0.1,0.03,0.1,0.2,0.1,0.006,2.0,1200.0,0.6221933036755813,,,,
dispatch,7924.666666666658,AGV_02,TOTE_0201,station_1,KIT_0011_02,{'PART_03': 200},8640.0,1.1383988931229885,1.104428926768588,0.01681730769230769,0.017152658662092625,0.2,0.41025641025641024,0.6,0.3,0.1,0.03,0.1,0.2,0.1,0.006,2.0,1200.0,0.5820136948481521,,,,
kitting_started,7925.99999999999,AGV_07,TOTE_0646,station_3,KIT_0013_01,,,,,,,,,,,,,,,,,,,,,,,
kitting_completed,7935.99999999999,AGV_07,TOTE_0646,station_3,KIT_0013_01,,,,,,,,,,,,,,,,,,,,{'PART_02': 20},False,,
dispatch,7936.666666666651,AGV_03,TOTE_0138,station_3,KIT_0013_01,{'PART_02': 100},8640.0,1.1416585460735282,1.1108948198179989,0.024206349206349204,0.006557377049180329,0.0,0.3128205128205128,0.6,0.3,0.1,0.03,0.1,0.2,0.1,0.006,2.0,1200.0,0.6537130763620657,,,,
kitting_completed,7941.333333333324,AGV_08,TOTE_0240,station_1,KIT_0011_02,,,,,,,,,,,,,,,,,,,,{'PART_03': 200},False,,
dispatch,7941.333333333324,AGV_05,TOTE_0219,station_1,KIT_0011_02,{'PART_03': 200},8640.0,1.1479294436373608,1.1132928175822565,0.013932692307692307,0.02070393374741201,0.2,0.46153846153846156,0.6,0.3,0.1,0.03,0.1,0.2,0.1,0.006,2.0,1200.0,0.5826038200285704,,,,
kitting_started,7943.333333333323,AGV_06,TOTE_0619,station_3,KIT_0013_01,,,,,,,,,,,,,,,,,,,,,,,
kitting_completed,7949.333333333324,AGV_10,TOTE_0540,station_4,KIT_0013_02,,,,,,,,,,,,,,,,,,,,{'PART_10': 125},False,,
kitting_started,7950.666666666657,AGV_01,TOTE_0411,station_4,KIT_0013_02,,,,,,,,,,,,,,,,,,,,,,,
kitting_completed,7953.333333333323,AGV_06,TOTE_0619,station_3,KIT_0013_01,,,,,,,,,,,,,,,,,,,,{'PART_02': 20},False,,
kitting_started,7955.99999999999,AGV_09,TOTE_0553,station_2,KIT_0012_01,,,,,,,,,,,,,,,,,,,,,,,
dispatch,7961.333333333324,AGV_08,TOTE_0372,station_3,KIT_0013_01,{'PART_05': 90},8640.0,1.151812275959794,1.1228774388670621,0.02261904761904762,0.006315789473684211,0.2,0.26153846153846155,0.6,0.3,0.1,0.03,0.1,0.2,0.1,0.006,2.0,1200.0,0.6049335194220302,,,,
kitting_completed,7965.99999999999,AGV_09,TOTE_0553,station_2,KIT_0012_01,,,,,,,,,,,,,,,,,,,,{'PART_04': 100},False,,
kitting_started,7967.333333333323,AGV_04,TOTE_0805,station_2,KIT_0012_01,,,,,,,,,,,,,,,,,,,,,,,
kitting_started,7967.999999999991,AGV_02,TOTE_0201,station_1,KIT_0011_02,,,,,,,,,,,,,,,,,,,,,,,
kitting_started,7968.66666666665,AGV_03,TOTE_0138,station_3,KIT_0013_01,,,,,,,,,,,,,,,,,,,,,,,
dispatch,7969.333333333324,AGV_10,TOTE_0823,station_2,KIT_0012_01,{'PART_09': 40},8640.0,1.1543078076537105,1.1264147358521739,0.027072222222222223,0.0008208495793145907,0.0,0.6461538461538462,0.6,0.3,0.1,0.03,0.1,0.2,0.1,0.006,2.0,1200.0,0.6279692999768417,,,,
dispatch,7973.99999999999,AGV_07,TOTE_0342,station_4,KIT_0013_02,{'PART_05': 90},8640.0,1.1569988906187652,1.1284044205726822,0.022142857142857145,0.0064516129032258064,0.2,0.3333333333333333,0.6,0.3,0.1,0.03,0.1,0.2,0.1,0.006,2.0,1200.0,0.6008660010379258,,,,
kitting_completed,7977.333333333323,AGV_04,TOTE_0805,station_2,KIT_0012_01,,,,,,,,,,,,,,,,,,,,{'PART_09': 40},False,,
dispatch,7988.666666666656,AGV_06,TOTE_0814,station_2,KIT_0012_01,{'PART_09': 40},8640.0,1.1619987722929803,1.1343211290072364,0.02685,0.0008276432857438444,0.0,0.48205128205128206,0.6,0.3,0.1,0.03,0.1,0.2,0.1,0.006,2.0,1200.0,0.64899413517066,,,,
kitting_completed,8007.999999999991,AGV_02,TOTE_0201,station_1,KIT_0011_02,,,,,,,,,,,,,,,,,,,,{'PART_03': 200},False,,
dispatch,8007.999999999991,AGV_09,TOTE_0237,station_1,KIT_0011_02,{'PART_03': 200},8640.0,1.17855099636813,1.1413932588706406,0.011048076923076923,0.026109660574412538,0.2,0.4358974358974359,0.6,0.3,0.1,0.03,0.1,0.2,0.1,0.006,2.0,1200.0,0.6035408542311343,,,,
kitting_started,8009.333333333324,AGV_05,TOTE_0219,station_1,KIT_0011_02,,,,,,,,,,,,,,,,,,,,,,,
kitting_completed,8010.666666666657,AGV_01,TOTE_0411,station_4,KIT_0013_02,,,,,,,,,,,,,,,,,,,,{'PART_05': 90},False,,
kitting_started,8011.99999999999,AGV_07,TOTE_0342,station_4,KIT_0013_02,,,,,,,,,,,,,,,,,,,,,,,
dispatch,8015.99999999999,AGV_04,TOTE_0429,station_4,KIT_0013_02,{'PART_05': 90},8640.0,1.1717067061737674,1.1440958687353437,0.020714285714285713,0.006896551724137931,0.2,0.3333333333333333,0.6,0.3,0.1,0.03,0.1,0.2,0.1,0.006,2.0,1200.0,0.609690690370927,,,,
kitting_completed,8018.66666666665,AGV_03,TOTE_0138,station_3,KIT_0013_01,,,,,,,,,,,,,,,,,,,,{'PART_02': 100},False,,
kitting_started,8019.999999999983,AGV_08,TOTE_0372,station_3,KIT_0013_01,,,,,,,,,,,,,,,,,,,,,,,
kitting_started,8024.666666666657,AGV_10,TOTE_0823,station_2,KIT_0012_01,,,,,,,,,,,,,,,,,,,,,,,
dispatch,8027.999999999991,AGV_02,TOTE_0390,station_3,KIT_0013_01,{'PART_05': 90},8640.0,1.1758535954754925,1.1479215462513084,0.021190476190476187,0.006741573033707865,0.2,0.28717948717948716,0.6,0.3,0.1,0.03,0.1,0.2,0.1,0.006,2.0,1200.0,0.6167942085673468,,,,
kitting_completed,8034.666666666657,AGV_10,TOTE_0823,station_2,KIT_0012_01,,,,,,,,,,,,,,,,,,,,{'PART_09': 40},False,,
dispatch,8034.666666666657,AGV_01,TOTE_0877,station_2,KIT_0012_01,{'PART_05': 15},8640.0,1.1768750715558471,1.149934337383327,0.026627777777777778,0.0003129563947423326,0.0,0.6205128205128205,0.6,0.3,0.1,0.03,0.1,0.2,0.1,0.006,2.0,1200.0,0.6440737608822262,,,,
kitting_started,8035.99999999999,AGV_06,TOTE_0814,station_2,KIT_0012_01,,,,,,,,,,,,,,,,,,,,,,,
kitting_completed,8045.99999999999,AGV_06,TOTE_0814,station_2,KIT_0012_01,,,,,,,,,,,,,,,,,,,,{'PART_09': 40},False,,
dispatch,8045.99999999999,AGV_03,TOTE_0895,station_2,KIT_0012_01,{'PART_05': 15},8640.0,1.1800400178228732,1.1531816344918653,0.026544444444444443,0.0003139388865634157,0.0,0.6461538461538462,0.6,0.3,0.1,0.03,0.1,0.2,0.1,0.006,2.0,1200.0,0.6434086260783393,,,,
kitting_completed,8049.333333333324,AGV_05,TOTE_0219,station_1,KIT_0011_02,,,,,,,,,,,,,,,,,,,,{'PART_03': 200},False,,
kitting_started,8054.666666666658,AGV_09,TOTE_0237,station_1,KIT_0011_02,,,,,,,,,,,,,,,,,,,,,,,
dispatch,8069.333333333324,AGV_05,TOTE_0243,station_1,KIT_0011_02,{'PART_03': 100},8640.0,1.1850583620951516,1.159227056033722,0.00816346153846154,0.0176678445229682,0.0,0.3333333333333333,0.6,0.3,0.1,0.03,0.1,0.2,0.1,0.006,2.0,1200.0,0.6777016839237576,,,,
kitting_completed,8071.99999999999,AGV_07,TOTE_0342,station_4,KIT_0013_02,,,,,,,,,,,,,,,,,,,,{'PART_05': 90},False,,
kitting_started,8073.333333333323,AGV_04,TOTE_0429,station_4,KIT_0013_02,,,,,,,,,,,,,,,,,,,,,,,
dispatch,8073.333333333324,AGV_10,TOTE_0447,station_4,KIT_0013_02,{'PART_05': 90},8640.0,1.186876138642118,1.1601830169489964,0.019285714285714285,0.007407407407407408,0.2,0.3333333333333333,0.6,0.3,0.1,0.03,0.1,0.2,0.1,0.006,2.0,1200.0,0.6187923498519375,,,,
kitting_completed,8079.999999999983,AGV_08,TOTE_0372,station_3,KIT_0013_01,,,,,,,,,,,,,,,,,,,,{'PART_05': 90},False,,
dispatch,8080.666666666657,AGV_06,TOTE_0408,station_3,KIT_0013_01,{'PART_05': 90},8640.0,1.188869247296582,1.1618784268720266,0.019761904761904762,0.007228915662650603,0.2,0.3641025641025641,0.6,0.3,0.1,0.03,0.1,0.2,0.1,0.006,2.0,1200.0,0.6169112919676929,,,,
kitting_started,8081.333333333316,AGV_02,TOTE_0390,station_3,KIT_0013_01,,,,,,,,,,,,,,,,,,,,,,,
kitting_started,8086.666666666656,AGV_01,TOTE_0877,station_2,KIT_0012_01,,,,,,,,,,,,,,,,,,,,,,,
kitting_completed,8094.666666666658,AGV_09,TOTE_0237,station_1,KIT_0011_02,,,,,,,,,,,,,,,,,,,,{'PART_03': 200},False,,
dispatch,8094.666666666658,AGV_07,TOTE_0366,station_1,KIT_0011_02,{'PART_05': 90},8640.0,1.1909537383982558,1.164919279831072,0.0067211538461538455,0.019313304721030045,0.2,0.3333333333333333,0.6,0.3,0.1,0.03,0.1,0.2,0.1,0.006,2.0,1200.0,0.6212389097056202,,,,
kitting_completed,8096.666666666656,AGV_01,TOTE_0877,station_2,KIT_0012_01,,,,,,,,,,,,,,,,,,,,{'PART_05': 15},False,,
dispatch,8098.66666666665,AGV_08,TOTE_0793,station_2,KIT_0012_01,"{'PART_02': 20, 'PART_09': 40}",8640.0,1.1934639430131686,1.1657431216354188,0.026461111111111112,0.0012597102666386732,0.0,0.6871794871794872,0.6,0.3,0.1,0.03,0.1,0.2,0.1,0.006,2.0,1200.0,0.6473604170899525,,,,
kitting_started,8099.333333333324,AGV_05,TOTE_0243,station_1,KIT_0011_02,,,,,,,,,,,,,,,,,,,,,,,
kitting_started,8101.333333333323,AGV_03,TOTE_0895,station_2,KIT_0012_01,,,,,,,,,,,,,,,,,,,,,,,
kitting_completed,8111.333333333323,AGV_03,TOTE_0895,station_2,KIT_0012_01,,,,,,,,,,,,,,,,,,,,{'PART_05': 15},False,,
dispatch,8114.666666666658,AGV_09,TOTE_0811,station_2,KIT_0012_01,"{'PART_02': 20, 'PART_09': 40}",8640.0,1.1962547816852864,1.1688512224913914,0.026127777777777774,0.001275781416117372,0.0,0.6102564102564103,0.6,0.3,0.1,0.03,0.1,0.2,0.1,0.006,2.0,1200.0,0.6567272279855308,,,,
kitting_completed,8119.333333333324,AGV_05,TOTE_0243,station_1,KIT_0011_02,,,,,,,,,,,,,,,,,,,,{'PART_03': 100},False,,
kitting_started,8127.999999999991,AGV_07,TOTE_0366,station_1,KIT_0011_02,,,,,,,,,,,,,,,,,,,,,,,
kitting_completed,8133.333333333323,AGV_04,TOTE_0429,station_4,KIT_0013_02,,,,,,,,,,,,,,,,,,,,{'PART_05': 90},False,,
kitting_started,8134.666666666656,AGV_10,TOTE_0447,station_4,KIT_0013_02,,,,,,,,,,,,,,,,,,,,,,,
dispatch,8135.333333333323,AGV_01,TOTE_0033,station_4,KIT_0013_02,{'PART_01': 70},8640.0,1.1965349066467823,1.1724555415674174,0.017857142857142856,0.006222222222222223,0.2,0.3333333333333333,0.6,0.3,0.1,0.03,0.1,0.2,0.1,0.006,2.0,1200.0,0.624587610654736,,,,
kitting_completed,8141.333333333316,AGV_02,TOTE_0390,station_3,KIT_0013_01,,,,,,,,,,,,,,,,,,,,{'PART_05': 90},False,,
kitting_started,8142.666666666649,AGV_06,TOTE_0408,station_3,KIT_0013_01,,,,,,,,,,,,,,,,,,,,,,,
dispatch,8142.666666666657,AGV_05,TOTE_0426,station_3,KIT_0013_01,{'PART_05': 90},8640.0,1.1997579457685095,1.1736324046429685,0.018333333333333333,0.007792207792207792,0.2,0.2358974358974359,0.6,0.3,0.1,0.03,0.1,0.2,0.1,0.006,2.0,1200.0,0.6362650238713621,,,,
dispatch,8149.99999999999,AGV_03,TOTE_0384,station_1,KIT_0011_02,{'PART_05': 90},8640.0,1.2041185982803742,1.1747593511445311,0.005423076923076924,0.02393617021276596,0.2,0.41025641025641024,0.6,0.3,0.1,0.03,0.1,0.2,0.1,0.006,2.0,1200.0,0.6214455179425834,,,,
kitting_started,8159.999999999983,AGV_08,TOTE_0793,station_2,KIT_0012_01,,,,,,,,,,,,,,,,,,,,,,,
kitting_completed,8179.999999999983,AGV_08,TOTE_0793,station_2,KIT_0012_01,,,,,,,,,,,,,,,,,,,,"{'PART_02': 20, 'PART_09': 40}",False,,
dispatch,8179.999999999983,AGV_04,TOTE_0877,station_2,KIT_0012_01,{'PART_05': 15},8640.0,1.2050100518404496,1.1788925404134507,0.025794444444444443,0.00032306698255438296,0.0,0.6461538461538462,0.6,0.3,0.1,0.03,0.1,0.2,0.1,0.006,2.0,1200.0,0.6583906464888851,,,,
kitting_started,8181.333333333316,AGV_09,TOTE_0811,station_2,KIT_0012_01,,,,,,,,,,,,,,,,,,,,,,,
kitting_completed,8187.999999999991,AGV_07,TOTE_0366,station_1,KIT_0011_02,,,,,,,,,,,,,,,,,,,,{'PART_05': 90},False,,
dispatch,8187.999999999991,AGV_02,TOTE_0901,station_1,KIT_0011_02,{'PART_01': 10},8640.0,1.1874976766209797,1.1798761731244762,0.0041249999999999985,0.003496503496503497,0.0,0.6153846153846154,0.6,0.3,0.1,0.03,0.1,0.2,0.1,0.006,2.0,1200.0,0.6509601444341263,,,,
kitting_started,8193.333333333323,AGV_03,TOTE_0384,station_1,KIT_0011_02,,,,,,,,,,,,,,,,,,,,,,,
kitting_completed,8194.666666666657,AGV_10,TOTE_0447,station_4,KIT_0013_02,,,,,,,,,,,,,,,,,,,,{'PART_05': 90},False,,
kitting_started,8195.99999999999,AGV_01,TOTE_0033,station_4,KIT_0013_02,,,,,,,,,,,,,,,,,,,,,,,
kitting_completed,8201.333333333316,AGV_09,TOTE_0811,station_2,KIT_0012_01,,,,,,,,,,,,,,,,,,,,"{'PART_02': 20, 'PART_09': 40}",False,,
kitting_completed,8202.66666666665,AGV_06,TOTE_0408,station_3,KIT_0013_01,,,,,,,,,,,,,,,,,,,,{'PART_05': 90},False,,
kitting_started,8203.999999999984,AGV_05,TOTE_0426,station_3,KIT_0013_01,,,,,,,,,,,,,,,,,,,,,,,
dispatch,8207.99999999999,AGV_07,TOTE_0895,station_2,KIT_0012_01,{'PART_05': 15},8640.0,1.2081755819209665,1.1821403567216964,0.02571111111111111,0.000324114088159032,0.0,0.6974358974358974,0.6,0.3,0.1,0.03,0.1,0.2,0.1,0.006,2.0,1200.0,0.6551617594089901,,,,
dispatch,8214.666666666657,AGV_10,TOTE_0444,station_3,KIT_0013_01,{'PART_05': 90},8640.0,1.2081927380381554,1.1828372719080413,0.016904761904761905,0.008450704225352114,0.2,0.2358974358974359,0.6,0.3,0.1,0.03,0.1,0.2,0.1,0.006,2.0,1200.0,0.6413258992331496,,,,
dispatch,8217.999999999982,AGV_08,TOTE_0051,station_4,KIT_0013_02,{'PART_01': 70},8640.0,1.2065566161022303,1.1831755132661512,0.016746031746031745,0.006635071090047394,0.2,0.4358974358974359,0.6,0.3,0.1,0.03,0.1,0.2,0.1,0.006,2.0,1200.0,0.6203442260715947,,,,
kitting_started,8231.999999999984,AGV_04,TOTE_0877,station_2,KIT_0012_01,,,,,,,,,,,,,,,,,,,,,,,
kitting_completed,8241.999999999984,AGV_04,TOTE_0877,station_2,KIT_0012_01,,,,,,,,,,,,,,,,,,,,{'PART_05': 15},False,,
dispatch,8241.999999999984,AGV_06,TOTE_0556,station_2,KIT_0012_01,{'PART_04': 100},8640.0,1.2132182303317225,1.185422665864155,0.025627777777777777,0.0021677866897897246,0.0,0.6974358974358974,0.6,0.3,0.1,0.03,0.1,0.2,0.1,0.006,2.0,1200.0,0.6581873484554437,,,,
kitting_completed,8253.333333333323,AGV_03,TOTE_0384,station_1,KIT_0011_02,,,,,,,,,,,,,,,,,,,,{'PART_05': 90},False,,
dispatch,8253.333333333323,AGV_09,TOTE_0880,station_1,KIT_0011_02,{'PART_01': 10},8640.0,1.1939812755468475,1.1863773179102812,0.00398076923076923,0.003623188405797102,0.0,0.7692307692307693,0.6,0.3,0.1,0.03,0.1,0.2,0.1,0.006,2.0,1200.0,0.6394656884050316,,,,
kitting_started,8254.666666666657,AGV_02,TOTE_0901,station_1,KIT_0011_02,,,,,,,,,,,,,,,,,,,,,,,
kitting_completed,8263.999999999984,AGV_05,TOTE_0426,station_3,KIT_0013_01,,,,,,,,,,,,,,,,,,,,{'PART_05': 90},False,,
kitting_completed,8264.666666666657,AGV_02,TOTE_0901,station_1,KIT_0011_02,,,,,,,,,,,,,,,,,,,,{'PART_01': 10},False,,
kitting_started,8265.333333333318,AGV_10,TOTE_0444,station_3,KIT_0013_01,,,,,,,,,,,,,,,,,,,,,,,
kitting_completed,8265.99999999999,AGV_01,TOTE_0033,station_4,KIT_0013_02,,,,,,,,,,,,,,,,,,,,{'PART_01': 70},False,,
kitting_started,8267.333333333325,AGV_08,TOTE_0051,station_4,KIT_0013_02,,,,,,,,,,,,,,,,,,,,,,,
kitting_started,8269.999999999993,AGV_07,TOTE_0895,station_2,KIT_0012_01,,,,,,,,,,,,,,,,,,,,,,,
dispatch,8273.333333333323,AGV_03,TOTE_0042,station_1,KIT_0011_02,{'PART_01': 70},8640.0,1.2180648832736543,1.1879125553384315,0.003836538461538461,0.02631578947368421,0.2,0.23076923076923078,0.6,0.3,0.1,0.03,0.1,0.2,0.1,0.006,2.0,1200.0,0.6477620068872695,,,,
kitting_completed,8279.999999999993,AGV_07,TOTE_0895,station_2,KIT_0012_01,,,,,,,,,,,,,,,,,,,,{'PART_05': 15},False,,
dispatch,8280.66666666665,AGV_04,TOTE_0877,station_2,KIT_0012_01,{'PART_05': 15},8640.0,1.213835784215172,1.1884311888486998,0.025072222222222218,0.00033237314424994463,0.0,0.517948717948718,0.6,0.3,0.1,0.03,0.1,0.2,0.1,0.006,2.0,1200.0,0.6765065987342314,,,,
dispatch,8282.66666666665,AGV_05,TOTE_0030,station_3,KIT_0013_01,{'PART_01': 70},8640.0,1.2112244215977792,1.1885687439421015,0.015476190476190473,0.0071794871794871795,0.2,0.21025641025641026,0.6,0.3,0.1,0.03,0.1,0.2,0.1,0.006,2.0,1200.0,0.6457090119330264,,,,
dispatch,8285.99999999999,AGV_01,TOTE_0069,station_4,KIT_0013_02,{'PART_01': 70},8640.0,1.2115359085667,1.1887943889470076,0.015634920634920633,0.007106598984771575,0.2,0.23076923076923078,0.6,0.3,0.1,0.03,0.1,0.2,0.1,0.006,2.0,1200.0,0.6438446220630968,,,,
kitting_started,8293.333333333323,AGV_03,TOTE_0042,station_1,KIT_0011_02,,,,,,,,,,,,,,,,,,,,,,,
kitting_started,8303.999999999984,AGV_06,TOTE_0556,station_2,KIT_0012_01,,,,,,,,,,,,,,,,,,,,,,,
kitting_completed,8313.999999999984,AGV_06,TOTE_0556,station_2,KIT_0012_01,,,,,,,,,,,,,,,,,,,,{'PART_04': 100},False,,
dispatch,8313.999999999984,AGV_02,TOTE_0901,station_2,KIT_0012_01,{'PART_05': 15},8640.0,1.2158450757484474,1.190522705312204,0.024988888888888887,0.00033348154735437976,0.0,0.5076923076923077,0.6,0.3,0.1,0.03,0.1,0.2,0.1,0.006,2.0,1200.0,0.6787378146798376,,,,
kitting_started,8319.333333333318,AGV_04,TOTE_0877,station_2,KIT_0012_01,,,,,,,,,,,,,,,,,,,,,,,
kitting_completed,8325.333333333318,AGV_10,TOTE_0444,station_3,KIT_0013_01,,,,,,,,,,,,,,,,,,,,{'PART_05': 90},False,,
dispatch,8325.333333333318,AGV_07,TOTE_0048,station_3,KIT_0013_01,{'PART_01': 70},8640.0,1.2132440836900118,1.1911441976950983,0.014365079365079365,0.0077348066298342545,0.2,0.3384615384615385,0.6,0.3,0.1,0.03,0.1,0.2,0.1,0.006,2.0,1200.0,0.6341002963678533,,,,
kitting_started,8326.666666666652,AGV_05,TOTE_0030,station_3,KIT_0013_01,,,,,,,,,,,,,,,,,,,,,,,
kitting_completed,8329.333333333318,AGV_04,TOTE_0877,station_2,KIT_0012_01,,,,,,,,,,,,,,,,,,,,{'PART_05': 15},False,,
kitting_completed,8337.333333333325,AGV_08,TOTE_0051,station_4,KIT_0013_02,,,,,,,,,,,,,,,,,,,,{'PART_01': 70},False,,
kitting_started,8338.666666666659,AGV_01,TOTE_0069,station_4,KIT_0013_02,,,,,,,,,,,,,,,,,,,,,,,
dispatch,8343.999999999984,AGV_10,TOTE_0895,station_2,KIT_0012_01,{'PART_05': 15},8640.0,1.217320599857508,1.1920804469341184,0.024905555555555552,0.00033459736783403977,0.0,0.6461538461538462,0.6,0.3,0.1,0.03,0.1,0.2,0.1,0.006,2.0,1200.0,0.6657769752991202,,,,
kitting_started,8351.999999999984,AGV_02,TOTE_0901,station_2,KIT_0012_01,,,,,,,,,,,,,,,,,,,,,,,
dispatch,8355.999999999984,AGV_06,TOTE_0360,station_4,KIT_0013_02,{'PART_05': 90},8640.0,1.2169893550911852,1.192629479993605,0.014523809523809522,0.009836065573770493,0.2,0.3333333333333333,0.6,0.3,0.1,0.03,0.1,0.2,0.1,0.006,2.0,1200.0,0.6368602797213777,,,,
kitting_completed,8361.999999999984,AGV_02,TOTE_0901,station_2,KIT_0012_01,,,,,,,,,,,,,,,,,,,,{'PART_05': 15},False,,
dispatch,8361.999999999984,AGV_08,TOTE_0574,station_2,KIT_0012_01,{'PART_04': 100},8640.0,1.219949942674782,1.1928895825832668,0.02482222222222222,0.0022381378692927483,0.0,0.6974358974358974,0.6,0.3,0.1,0.03,0.1,0.2,0.1,0.006,2.0,1200.0,0.6622263758612794,,,,
kitting_completed,8363.333333333323,AGV_03,TOTE_0042,station_1,KIT_0011_02,,,,,,,,,,,,,,,,,,,,{'PART_01': 70},False,,
kitting_started,8364.666666666657,AGV_09,TOTE_0880,station_1,KIT_0011_02,,,,,,,,,,,,,,,,,,,,,,,
dispatch,8367.999999999984,AGV_04,TOTE_0898,station_1,KIT_0011_02,{'PART_01': 10},8640.0,1.2010694878189832,1.1931405239257336,0.0028269230769230767,0.005102040816326531,0.0,0.6666666666666666,0.6,0.3,0.1,0.03,0.1,0.2,0.1,0.006,2.0,1200.0,0.6539750260247232,,,,
kitting_completed,8374.666666666657,AGV_09,TOTE_0880,station_1,KIT_0011_02,,,,,,,,,,,,,,,,,,,,{'PART_01': 10},False,,
dispatch,8383.333333333323,AGV_03,TOTE_0060,station_1,KIT_0011_02,{'PART_01': 70},8640.0,1.2340594856246132,1.1937423847147703,0.0026826923076923082,0.03763440860215054,0.2,0.23076923076923078,0.6,0.3,0.1,0.03,0.1,0.2,0.1,0.006,2.0,1200.0,0.6573587682978449,,,,
kitting_completed,8396.666666666652,AGV_05,TOTE_0030,station_3,KIT_0013_01,,,,,,,,,,,,,,,,,,,,{'PART_01': 70},False,,
kitting_started,8397.999999999985,AGV_07,TOTE_0048,station_3,KIT_0013_01,,,,,,,,,,,,,,,,,,,,,,,
kitting_started,8399.333333333318,AGV_10,TOTE_0895,station_2,KIT_0012_01,,,,,,,,,,,,,,,,,,,,,,,
dispatch,8399.999999999984,AGV_02,TOTE_0066,station_3,KIT_0013_01,{'PART_01': 70},8640.0,1.2159741374635773,1.1943369356766749,0.013253968253968252,0.008383233532934131,0.2,0.38974358974358975,0.6,0.3,0.1,0.03,0.1,0.2,0.1,0.006,2.0,1200.0,0.6306101235037873,,,,
kitting_started,8403.333333333323,AGV_03,TOTE_0060,station_1,KIT_0011_02,,,,,,,,,,,,,,,,,,,,,,,
kitting_completed,8408.666666666659,AGV_01,TOTE_0069,station_4,KIT_0013_02,,,,,,,,,,,,,,,,,,,,{'PART_01': 70},False,,
kitting_completed,8409.333333333318,AGV_10,TOTE_0895,station_2,KIT_0012_01,,,,,,,,,,,,,,,,,,,,{'PART_05': 15},False,,
kitting_started,8409.999999999993,AGV_06,TOTE_0360,station_4,KIT_0013_02,,,,,,,,,,,,,,,,,,,,,,,
dispatch,8415.333333333318,AGV_05,TOTE_0901,station_2,KIT_0012_01,{'PART_05': 15},8640.0,1.2194440466908862,1.1948339734308129,0.024266666666666666,0.00034340659340659343,0.0,0.6871794871794872,0.6,0.3,0.1,0.03,0.1,0.2,0.1,0.006,2.0,1200.0,0.6629484792965831,,,,
kitting_started,8420.66666666665,AGV_08,TOTE_0574,station_2,KIT_0012_01,,,,,,,,,,,,,,,,,,,,,,,
dispatch,8421.333333333323,AGV_09,TOTE_0378,station_4,KIT_0013_02,{'PART_05': 90},8640.0,1.2190207180274244,1.1950163890230954,0.013095238095238096,0.01090909090909091,0.2,0.3333333333333333,0.6,0.3,0.1,0.03,0.1,0.2,0.1,0.006,2.0,1200.0,0.6380790974831213,,,,
kitting_completed,8430.66666666665,AGV_08,TOTE_0574,station_2,KIT_0012_01,,,,,,,,,,,,,,,,,,,,{'PART_04': 100},False,,
dispatch,8430.66666666665,AGV_01,TOTE_0592,station_2,KIT_0012_01,{'PART_04': 100},8640.0,1.221768044119895,1.195287444533403,0.02418333333333333,0.002297266253158741,0.0,0.6974358974358974,0.6,0.3,0.1,0.03,0.1,0.2,0.1,0.006,2.0,1200.0,0.6633172367283473,,,,
kitting_completed,8467.999999999985,AGV_07,TOTE_0048,station_3,KIT_0013_01,,,,,,,,,,,,,,,,,,,,{'PART_01': 70},False,,
dispatch,8467.999999999985,AGV_10,TOTE_0084,station_3,KIT_0013_01,{'PART_01': 70},8640.0,1.2175253748727457,1.1962321909325029,0.012142857142857143,0.009150326797385621,0.2,0.3384615384615385,0.6,0.3,0.1,0.03,0.1,0.2,0.1,0.006,2.0,1200.0,0.6366690710774936,,,,
kitting_started,8469.33333333332,AGV_02,TOTE_0066,station_3,KIT_0013_01,,,,,,,,,,,,,,,,,,,,,,,
kitting_completed,8469.999999999993,AGV_06,TOTE_0360,station_4,KIT_0013_02,,,,,,,,,,,,,,,,,,,,{'PART_05': 90},False,,
kitting_started,8471.333333333327,AGV_09,TOTE_0378,station_4,KIT_0013_02,,,,,,,,,,,,,,,,,,,,,,,
dispatch,8472.66666666665,AGV_08,TOTE_0396,station_4,KIT_0013_02,{'PART_05': 90},8640.0,1.220247684819739,1.1963361201938887,0.011666666666666665,0.012244897959183675,0.2,0.3333333333333333,0.6,0.3,0.1,0.03,0.1,0.2,0.1,0.006,2.0,1200.0,0.63881527755851,,,,
kitting_completed,8473.333333333323,AGV_03,TOTE_0060,station_1,KIT_0011_02,,,,,,,,,,,,,,,,,,,,{'PART_01': 70},False,,
kitting_started,8474.666666666657,AGV_04,TOTE_0898,station_1,KIT_0011_02,,,,,,,,,,,,,,,,,,,,,,,
kitting_started,8476.666666666652,AGV_05,TOTE_0901,station_2,KIT_0012_01,,,,,,,,,,,,,,,,,,,,,,,
kitting_completed,8484.666666666657,AGV_04,TOTE_0898,station_1,KIT_0011_02,,,,,,,,,,,,,,,,,,,,{'PART_01': 10},False,,
kitting_completed,8486.666666666652,AGV_05,TOTE_0901,station_2,KIT_0012_01,,,,,,,,,,,,,,,,,,,,{'PART_05': 15},False,,
dispatch,8486.666666666652,AGV_07,TOTE_0078,station_1,KIT_0011_02,{'PART_01': 60},8640.0,1.2500282524513184,1.1966310375972071,0.0016730769230769238,0.05172413793103449,0.0,0.28205128205128205,0.6,0.3,0.1,0.03,0.1,0.2,0.1,0.006,2.0,1200.0,0.7218118232656628,,,,
kitting_started,8489.333333333316,AGV_01,TOTE_0592,station_2,KIT_0012_01,,,,,,,,,,,,,,,,,,,,,,,
dispatch,8489.999999999993,AGV_06,TOTE_0808,station_2,KIT_0012_01,"{'PART_02': 20, 'PART_09': 40}",8640.0,1.22173623286187,1.1966976862150585,0.02362777777777778,0.0014107688690336235,0.0,0.6717948717948717,0.6,0.3,0.1,0.03,0.1,0.2,0.1,0.006,2.0,1200.0,0.6658622525376348,,,,
dispatch,8493.333333333323,AGV_03,TOTE_0564,station_1,KIT_0011_02,{'PART_08': 12},8640.0,1.2189992812420114,1.1967630175057478,0.0008076923076923081,0.02142857142857143,0.2,0.23076923076923078,0.6,0.3,0.1,0.03,0.1,0.2,0.1,0.006,2.0,1200.0,0.6483226456682837,,,,
kitting_completed,8499.333333333316,AGV_01,TOTE_0592,station_2,KIT_0012_01,,,,,,,,,,,,,,,,,,,,{'PART_04': 100},False,,
kitting_started,8513.333333333318,AGV_07,TOTE_0078,station_1,KIT_0011_02,,,,,,,,,,,,,,,,,,,,,,,
dispatch,8524.666666666652,AGV_05,TOTE_0826,station_2,KIT_0012_01,"{'PART_02': 20, 'PART_09': 40}",8640.0,1.2220427754163938,1.197317374616118,0.023294444444444444,0.0014309563558311473,0.0,0.6974358974358974,0.6,0.3,0.1,0.03,0.1,0.2,0.1,0.006,2.0,1200.0,0.6634820755062465,,,,
kitting_completed,8531.333333333327,AGV_09,TOTE_0378,station_4,KIT_0013_02,,,,,,,,,,,,,,,,,,,,{'PART_05': 90},False,,
dispatch,8531.333333333327,AGV_04,TOTE_0414,station_4,KIT_0013_02,{'PART_05': 90},8640.0,1.2216140700503675,1.1974224864401792,0.010238095238095239,0.013953488372093023,0.2,0.3333333333333333,0.6,0.3,0.1,0.03,0.1,0.2,0.1,0.006,2.0,1200.0,0.6396351086968871,,,,
kitting_started,8532.66666666666,AGV_08,TOTE_0396,station_4,KIT_0013_02,,,,,,,,,,,,,,,,,,,,,,,
kitting_completed,8539.33333333332,AGV_02,TOTE_0066,station_3,KIT_0013_01,,,,,,,,,,,,,,,,,,,,{'PART_01': 70},False,,
kitting_started,8540.666666666653,AGV_10,TOTE_0084,station_3,KIT_0013_01,,,,,,,,,,,,,,,,,,,,,,,
dispatch,8541.333333333316,AGV_01,TOTE_0533,station_3,KIT_0013_01,{'PART_10': 125},8640.0,1.2265898453305053,1.1975724877879679,0.01103174603174603,0.017985611510791366,0.2,0.4153846153846154,0.6,0.3,0.1,0.03,0.1,0.2,0.1,0.006,2.0,1200.0,0.6344154456598416,,,,
kitting_started,8545.333333333327,AGV_06,TOTE_0808,station_2,KIT_0012_01,,,,,,,,,,,,,,,,,,,,,,,
kitting_completed,8565.333333333327,AGV_06,TOTE_0808,station_2,KIT_0012_01,,,,,,,,,,,,,,,,,,,,"{'PART_02': 20, 'PART_09': 40}",False,,
dispatch,8565.333333333327,AGV_02,TOTE_0880,station_2,KIT_0012_01,{'PART_05': 15},8640.0,1.2212219001801028,1.1978978565744356,0.02296111111111111,0.00036293249455601257,0.0,0.7230769230769231,0.6,0.3,0.1,0.03,0.1,0.2,0.1,0.006,2.0,1200.0,0.6604254478003694,,,,
kitting_completed,8573.333333333318,AGV_07,TOTE_0078,station_1,KIT_0011_02,,,,,,,,,,,,,,,,,,,,{'PART_01': 60},False,,
dispatch,8573.333333333318,AGV_09,TOTE_0600,station_1,KIT_0011_02,{'PART_08': 12},8640.0,1.225903663836794,1.1979963211794513,0.0006346153846153857,0.02727272727272727,0.2,0.3333333333333333,0.6,0.3,0.1,0.03,0.1,0.2,0.1,0.006,2.0,1200.0,0.6422088649687431,,,,
kitting_started,8574.666666666652,AGV_03,TOTE_0564,station_1,KIT_0011_02,,,,,,,,,,,,,,,,,,,,,,,
kitting_started,8583.333333333318,AGV_05,TOTE_0826,station_2,KIT_0012_01,,,,,,,,,,,,,,,,,,,,,,,
kitting_completed,8584.666666666652,AGV_03,TOTE_0564,station_1,KIT_0011_02,,,,,,,,,,,,,,,,,,,,{'PART_08': 12},False,,
kitting_completed,8592.66666666666,AGV_08,TOTE_0396,station_4,KIT_0013_02,,,,,,,,,,,,,,,,,,,,{'PART_05': 90},False,,
dispatch,8593.333333333318,AGV_07,TOTE_0563,station_1,KIT_0011_02,{'PART_08': 12},8640.0,1.2361843227957745,1.198222784334236,0.0004615384615384599,0.037500000000000006,0.2,0.38461538461538464,0.6,0.3,0.1,0.03,0.1,0.2,0.1,0.006,2.0,1200.0,0.6432490552159263,,,,
kitting_started,8593.999999999995,AGV_04,TOTE_0414,station_4,KIT_0013_02,,,,,,,,,,,,,,,,,,,,,,,
kitting_completed,8603.333333333318,AGV_05,TOTE_0826,station_2,KIT_0012_01,,,,,,,,,,,,,,,,,,,,"{'PART_02': 20, 'PART_09': 40}",False,,
dispatch,8604.666666666652,AGV_03,TOTE_0898,station_2,KIT_0012_01,{'PART_05': 15},8640.0,1.221581595981886,1.1983395637116363,0.022877777777777778,0.0003642544924720738,0.0,0.7743589743589744,0.6,0.3,0.1,0.03,0.1,0.2,0.1,0.006,2.0,1200.0,0.6555130601532342,,,,
kitting_started,8606.666666666652,AGV_09,TOTE_0600,station_1,KIT_0011_02,,,,,,,,,,,,,,,,,,,,,,,
dispatch,8607.333333333327,AGV_06,TOTE_0432,station_4,KIT_0013_02,{'PART_05': 90},8640.0,1.223391647337009,1.198365907311269,0.008809523809523807,0.016216216216216217,0.2,0.3333333333333333,0.6,0.3,0.1,0.03,0.1,0.2,0.1,0.006,2.0,1200.0,0.6407016550688721,,,,
kitting_completed,8610.666666666653,AGV_10,TOTE_0084,station_3,KIT_0013_01,,,,,,,,,,,,,,,,,,,,{'PART_01': 70},False,,
kitting_started,8611.999999999987,AGV_01,TOTE_0533,station_3,KIT_0013_01,,,,,,,,,,,,,,,,,,,,,,,
dispatch,8612.66666666666,AGV_08,TOTE_0087,station_3,KIT_0013_01,{'PART_01': 70},8640.0,1.2197456686324784,1.1984173478304734,0.009047619047619049,0.012280701754385965,0.2,0.27692307692307694,0.6,0.3,0.1,0.03,0.1,0.2,0.1,0.006,2.0,1200.0,0.6441550934871794,,,,
kitting_completed,8616.666666666652,AGV_09,TOTE_0600,station_1,KIT_0011_02,,,,,,,,,,,,,,,,,,,,{'PART_08': 12},False,,
kitting_started,8626.666666666652,AGV_07,TOTE_0563,station_1,KIT_0011_02,,,,,,,,,,,,,,,,,,,,,,,
kitting_started,8627.333333333327,AGV_02,TOTE_0880,station_2,KIT_0012_01,,,,,,,,,,,,,,,,,,,,,,,
dispatch,8629.33333333332,AGV_10,TOTE_0581,station_1,KIT_0011_02,{'PART_08': 12},8640.0,1.258856358672189,1.1985678971337275,0.0002884615384615374,0.06,0.2,0.4358974358974359,0.6,0.3,0.1,0.03,0.1,0.2,0.1,0.006,2.0,1200.0,0.6517240716135698,,,,
kitting_completed,8636.666666666652,AGV_07,TOTE_0563,station_1,KIT_0011_02,,,,,,,,,,,,,,,,,,,,{'PART_08': 12},False,,
dispatch,8636.666666666652,AGV_09,TOTE_0489,station_1,KIT_0011_02,{'PART_08': 8},8640.0,1.2987449046236246,1.19862952000824,0.00011538461538461498,0.1,0.5333333333333335,0.2564102564102564,0.6,0.3,0.1,0.03,0.1,0.2,0.1,0.006,2.0,1200.0,0.593605917133149,,,,
kitting_completed,8637.333333333327,AGV_02,TOTE_0880,station_2,KIT_0012_01,,,,,,,,,,,,,,,,,,,,{'PART_05': 15},False,,
dispatch,8645.333333333318,AGV_05,TOTE_0998,station_2,KIT_0012_01,{'PART_09': 38},8640.0,1.2224195347071956,1.1986989386663582,0.022794444444444444,0.0009261515963928833,0.15999999999999998,0.441025641025641,0.6,0.3,0.1,0.03,0.1,0.2,0.1,0.006,2.0,1200.0,0.6413491567217532,,,,
kitting_completed,8653.999999999995,AGV_04,TOTE_0414,station_4,KIT_0013_02,,,,,,,,,,,,,,,,,,,,{'PART_05': 90},False,,
kitting_started,8655.333333333328,AGV_06,TOTE_0432,station_4,KIT_0013_02,,,,,,,,,,,,,,,,,,,,,,,
kitting_started,8659.999999999985,AGV_09,TOTE_0489,station_1,KIT_0011_02,,,,,,,,,,,,,,,,,,,,,,,
kitting_completed,8661.999999999987,AGV_01,TOTE_0533,station_3,KIT_0013_01,,,,,,,,,,,,,,,,,,,,{'PART_10': 125},False,,
dispatch,8663.333333333318,AGV_07,TOTE_0450,station_4,KIT_0013_02,{'PART_05': 30},8640.0,1.2126646534863996,1.1988320882022214,0.007380952380952381,0.0064516129032258064,0.0,0.38461538461538464,0.6,0.3,0.1,0.03,0.1,0.2,0.1,0.006,2.0,1200.0,0.6891372536303013,,,,
kitting_started,8663.333333333321,AGV_08,TOTE_0087,station_3,KIT_0013_01,,,,,,,,,,,,,,,,,,,,,,,
kitting_started,8673.333333333318,AGV_03,TOTE_0898,station_2,KIT_0012_01,,,,,,,,,,,,,,,,,,,,,,,
dispatch,8673.999999999995,AGV_04,TOTE_0351,station_3,KIT_0013_01,{'PART_05': 90},8640.0,1.22484097878358,1.198904470847072,0.007936507936507936,0.018,0.2,0.3384615384615385,0.6,0.3,0.1,0.03,0.1,0.2,0.1,0.006,2.0,1200.0,0.6410584334239942,,,,
kitting_completed,8679.999999999985,AGV_09,TOTE_0489,station_1,KIT_0011_02,,,,,,,,,,,,,,,,,,,,{'PART_08': 8},False,,
kitting_started,8681.33333333332,AGV_10,TOTE_0581,station_1,KIT_0011_02,,,,,,,,,,,,,,,,,,,,,,,
kitting_completed,8683.333333333318,AGV_03,TOTE_0898,station_2,KIT_0012_01,,,,,,,,,,,,,,,,,,,,{'PART_05': 15},False,,
dispatch,8683.333333333318,AGV_02,TOTE_0880,station_2,KIT_0012_01,{'PART_05': 15},8640.0,1.2219164541567182,1.1989641171333478,0.022583333333333334,0.00036900369003690036,0.0,0.5692307692307692,0.6,0.3,0.1,0.03,0.1,0.2,0.1,0.006,2.0,1200.0,0.676226795570954,,,,
kitting_started,8687.333333333318,AGV_05,TOTE_0998,station_2,KIT_0012_01,,,,,,,,,,,,,,,,,,,,,,,
kitting_completed,8691.33333333332,AGV_10,TOTE_0581,station_1,KIT_0011_02,,,,,,,,,,,,,,,,,,,,{'PART_08': 12},True,,
kitting_completed,8707.333333333318,AGV_05,TOTE_0998,station_2,KIT_0012_01,,,,,,,,,,,,,,,,,,,,{'PART_09': 38},False,,
dispatch,8707.333333333318,AGV_01,TOTE_0294,station_2,KIT_0012_01,{'PART_04': 400},8640.0,1.2314795502935183,1.1991030070836417,0.0225,0.009876543209876543,0.2,0.27692307692307694,0.6,0.3,0.1,0.03,0.1,0.2,0.1,0.006,2.0,1200.0,0.6511954224838032,,,,
kitting_completed,8715.333333333328,AGV_06,TOTE_0432,station_4,KIT_0013_02,,,,,,,,,,,,,,,,,,,,{'PART_05': 90},False,,
dispatch,8715.333333333328,AGV_09,TOTE_0546,station_4,KIT_0013_02,{'PART_10': 125},8640.0,1.2347854298446936,1.1991450357560236,0.006904761904761903,0.028735632183908046,0.2,0.41025641025641024,0.6,0.3,0.1,0.03,0.1,0.2,0.1,0.006,2.0,1200.0,0.6398456168811751,,,,
kitting_started,8716.666666666662,AGV_07,TOTE_0450,station_4,KIT_0013_02,,,,,,,,,,,,,,,,,,,,,,,
kitting_started,8725.333333333318,AGV_02,TOTE_0880,station_2,KIT_0012_01,,,,,,,,,,,,,,,,,,,,,,,
kitting_completed,8733.333333333321,AGV_08,TOTE_0087,station_3,KIT_0013_01,,,,,,,,,,,,,,,,,,,,{'PART_01': 70},False,,
dispatch,8733.333333333321,AGV_05,TOTE_0898,station_3,KIT_0013_01,{'PART_05': 15},8640.0,1.2093990149267622,1.1992325418334597,0.006507936507936509,0.0036585365853658534,0.0,0.5076923076923077,0.6,0.3,0.1,0.03,0.1,0.2,0.1,0.006,2.0,1200.0,0.6748701781868265,,,,
kitting_started,8734.666666666655,AGV_04,TOTE_0351,station_3,KIT_0013_01,,,,,,,,,,,,,,,,,,,,,,,
kitting_completed,8735.333333333318,AGV_02,TOTE_0880,station_2,KIT_0012_01,,,,,,,,,,,,,,,,,,,,{'PART_05': 15},False,,
dispatch,8735.333333333318,AGV_10,TOTE_0312,station_2,KIT_0012_01,{'PART_04': 400},8640.0,1.2304783762530858,1.199241694365719,0.020277777777777777,0.010958904109589041,0.2,0.30256410256410254,0.6,0.3,0.1,0.03,0.1,0.2,0.1,0.006,2.0,1200.0,0.6480306154954412,,,,
kitting_completed,8736.666666666662,AGV_07,TOTE_0450,station_4,KIT_0013_02,,,,,,,,,,,,,,,,,,,,{'PART_05': 30},False,,
dispatch,8736.666666666662,AGV_06,TOTE_0018,station_4,KIT_0013_02,{'PART_01': 70},8640.0,1.226749015428386,1.1992477353464606,0.004920634920634922,0.022580645161290325,0.2,0.23076923076923078,0.6,0.3,0.1,0.03,0.1,0.2,0.1,0.006,2.0,1200.0,0.6529724861801084,,,,
kitting_started,8741.999999999985,AGV_01,TOTE_0294,station_2,KIT_0012_01,,,,,,,,,,,,,,,,,,,,,,,
kitting_started,8748.666666666662,AGV_09,TOTE_0546,station_4,KIT_0013_02,,,,,,,,,,,,,,,,,,,,,,,
kit_replacement,8751.33333333332,,,station_1,,,,,,,,,,,,,,,,,,,,,,,KIT_0011_02,KIT_0014_01
dispatch,8751.33333333332,AGV_03,TOTE_0559,station_1,KIT_0014_01,{'PART_02': 20},8640.0,1.2300686690873723,1.1993110933297966,0.03,0.0007575757575757577,0.0,0.5641025641025641,0.6,0.3,0.1,0.03,0.1,0.2,0.1,0.006,2.0,1200.0,0.6816309450421669,,,,
dispatch,8754.666666666655,AGV_08,TOTE_0637,station_1,KIT_0014_01,{'PART_02': 20},8640.0,1.2298608180874648,1.1993247320361116,0.02977272727272727,0.0007633587786259542,0.0,0.6410256410256411,0.6,0.3,0.1,0.03,0.1,0.2,0.1,0.006,2.0,1200.0,0.6738139267499148,,,,
kitting_completed,8781.999999999985,AGV_01,TOTE_0294,station_2,KIT_0012_01,,,,,,,,,,,,,,,,,,,,{'PART_04': 400},False,,
dispatch,8781.999999999985,AGV_07,TOTE_0880,station_2,KIT_0012_01,{'PART_05': 15},8640.0,1.217943949453139,1.199426855436045,0.018055555555555554,0.0004615384615384616,0.0,0.5692307692307692,0.6,0.3,0.1,0.03,0.1,0.2,0.1,0.006,2.0,1200.0,0.6738432927488064,,,,
kitting_started,8783.33333333332,AGV_10,TOTE_0312,station_2,KIT_0012_01,,,,,,,,,,,,,,,,,,,,,,,
kitting_completed,8794.666666666655,AGV_04,TOTE_0351,station_3,KIT_0013_01,,,,,,,,,,,,,,,,,,,,{'PART_05': 90},False,,
dispatch,8794.666666666655,AGV_02,TOTE_0536,station_3,KIT_0013_01,{'PART_10': 125},8640.0,1.23738420502835,1.1994687941382556,0.006269841269841268,0.03164556962025317,0.2,0.4307692307692308,0.6,0.3,0.1,0.03,0.1,0.2,0.1,0.006,2.0,1200.0,0.6393535999400869,,,,
kitting_started,8795.999999999989,AGV_05,TOTE_0898,station_3,KIT_0013_01,,,,,,,,,,,,,,,,,,,,,,,
kitting_completed,8798.666666666662,AGV_09,TOTE_0546,station_4,KIT_0013_02,,,,,,,,,,,,,,,,,,,,{'PART_10': 125},False,,
kitting_started,8799.999999999996,AGV_06,TOTE_0018,station_4,KIT_0013_02,,,,,,,,,,,,,,,,,,,,,,,
kitting_started,8801.33333333332,AGV_03,TOTE_0559,station_1,KIT_0014_01,,,,,,,,,,,,,,,,,,,,,,,
dispatch,8803.33333333332,AGV_01,TOTE_0525,station_4,KIT_0013_02,{'PART_10': 125},8640.0,1.2553885643124396,1.1994957071695826,0.003809523809523809,0.05208333333333334,0.2,0.46153846153846156,0.6,0.3,0.1,0.03,0.1,0.2,0.1,0.006,2.0,1200.0,0.6470792924336175,,,,
kitting_completed,8805.999999999989,AGV_05,TOTE_0898,station_3,KIT_0013_01,,,,,,,,,,,,,,,,,,,,{'PART_05': 15},False,,
kitting_completed,8811.33333333332,AGV_03,TOTE_0559,station_1,KIT_0014_01,,,,,,,,,,,,,,,,,,,,{'PART_02': 20},False,,
kitting_started,8812.666666666653,AGV_08,TOTE_0637,station_1,KIT_0014_01,,,,,,,,,,,,,,,,,,,,,,,
dispatch,8816.666666666655,AGV_04,TOTE_0655,station_1,KIT_0014_01,{'PART_02': 20},8640.0,1.229849159344512,1.1995344740298266,0.029545454545454545,0.0007692307692307693,0.0,0.5897435897435898,0.6,0.3,0.1,0.03,0.1,0.2,0.1,0.006,2.0,1200.0,0.6789351366323482,,,,
kitting_completed,8822.666666666653,AGV_08,TOTE_0637,station_1,KIT_0014_01,,,,,,,,,,,,,,,,,,,,{'PART_02': 20},False,,
kitting_completed,8823.33333333332,AGV_10,TOTE_0312,station_2,KIT_0012_01,,,,,,,,,,,,,,,,,,,,{'PART_04': 400},False,,
dispatch,8828.666666666662,AGV_09,TOTE_0721,station_1,KIT_0014_01,{'PART_02': 20},8640.0,1.2296601854261584,1.199566809809527,0.029318181818181816,0.0007751937984496124,0.0,0.5641025641025641,0.6,0.3,0.1,0.03,0.1,0.2,0.1,0.006,2.0,1200.0,0.6813858548454386,,,,
kitting_started,8832.666666666655,AGV_02,TOTE_0536,station_3,KIT_0013_01,,,,,,,,,,,,,,,,,,,,,,,
kitting_started,8837.33333333332,AGV_07,TOTE_0880,station_2,KIT_0012_01,,,,,,,,,,,,,,,,,,,,,,,
dispatch,8843.999999999989,AGV_05,TOTE_0898,station_3,KIT_0013_01,{'PART_05': 15},8640.0,1.2094461506578906,1.1996048808166209,0.004285714285714287,0.005555555555555556,0.0,0.5076923076923077,0.6,0.3,0.1,0.03,0.1,0.2,0.1,0.006,2.0,1200.0,0.6748984596255035,,,,
dispatch,8844.666666666653,AGV_10,TOTE_0276,station_2,KIT_0012_01,{'PART_04': 300},8640.0,1.2268522505109423,1.199606457964145,0.017972222222222223,0.009273570324574962,0.2,0.2512820512820513,0.6,0.3,0.1,0.03,0.1,0.2,0.1,0.006,2.0,1200.0,0.6509831451783603,,,,
kitting_completed,8847.33333333332,AGV_07,TOTE_0880,station_2,KIT_0012_01,,,,,,,,,,,,,,,,,,,,{'PART_05': 15},False,,
dispatch,8847.33333333332,AGV_03,TOTE_0255,station_2,KIT_0012_01,{'PART_04': 400},8640.0,1.2295468795165296,1.1996127038587594,0.016305555555555556,0.013628620102214651,0.2,0.40512820512820513,0.6,0.3,0.1,0.03,0.1,0.2,0.1,0.006,2.0,1200.0,0.6372153071970974,,,,
kitting_started,8865.999999999987,AGV_10,TOTE_0276,station_2,KIT_0012_01,,,,,,,,,,,,,,,,,,,,,,,
kitting_started,8866.666666666657,AGV_04,TOTE_0655,station_1,KIT_0014_01,,,,,,,,,,,,,,,,,,,,,,,
kitting_completed,8869.999999999996,AGV_06,TOTE_0018,station_4,KIT_0013_02,,,,,,,,,,,,,,,,,,,,{'PART_01': 70},False,,
dispatch,8869.999999999996,AGV_08,TOTE_0036,station_4,KIT_0013_02,{'PART_01': 70},8640.0,1.2623569088338567,1.1996619467910685,0.0018253968253968244,0.060869565217391314,0.2,0.41025641025641024,0.6,0.3,0.1,0.03,0.1,0.2,0.1,0.006,2.0,1200.0,0.656388504274673,,,,
kitting_started,8871.33333333333,AGV_01,TOTE_0525,station_4,KIT_0013_02,,,,,,,,,,,,,,,,,,,,,,,
kitting_completed,8876.666666666657,AGV_04,TOTE_0655,station_1,KIT_0014_01,,,,,,,,,,,,,,,,,,,,{'PART_02': 20},False,,
kitting_started,8878.666666666662,AGV_09,TOTE_0721,station_1,KIT_0014_01,,,,,,,,,,,,,,,,,,,,,,,
kitting_completed,8882.666666666655,AGV_02,TOTE_0536,station_3,KIT_0013_01,,,,,,,,,,,,,,,,,,,,{'PART_10': 125},False,,
kitting_started,8883.999999999989,AGV_05,TOTE_0898,station_3,KIT_0013_01,,,,,,,,,,,,,,,,,,,,,,,
kitting_completed,8888.666666666662,AGV_09,TOTE_0721,station_1,KIT_0014_01,,,,,,,,,,,,,,,,,,,,{'PART_02': 20},False,,
dispatch,8889.33333333332,AGV_07,TOTE_0673,station_1,KIT_0014_01,{'PART_02': 20},8640.0,1.2295711279876116,1.1996989688967026,0.02909090909090909,0.00078125,0.0,0.5641025641025641,0.6,0.3,0.1,0.03,0.1,0.2,0.1,0.006,2.0,1200.0,0.6813324203823105,,,,
dispatch,8889.999999999996,AGV_06,TOTE_0691,station_1,KIT_0014_01,{'PART_02': 20},8640.0,1.229351208454411,1.1997001705159716,0.028863636363636362,0.0007874015748031496,0.0,0.6666666666666666,0.6,0.3,0.1,0.03,0.1,0.2,0.1,0.006,2.0,1200.0,0.6709440584059799,,,,
kitting_completed,8893.999999999989,AGV_05,TOTE_0898,station_3,KIT_0013_01,,,,,,,,,,,,,,,,,,,,{'PART_05': 15},False,,
kitting_completed,8895.999999999987,AGV_10,TOTE_0276,station_2,KIT_0012_01,,,,,,,,,,,,,,,,,,,,{'PART_04': 300},False,,
kitting_started,8897.333333333321,AGV_03,TOTE_0255,station_2,KIT_0012_01,,,,,,,,,,,,,,,,,,,,,,,
dispatch,8910.666666666655,AGV_02,TOTE_0335,station_3,KIT_0013_01,{'PART_05': 90},8640.0,1.239076870799786,1.199735134105108,0.004047619047619046,0.03529411764705883,0.2,0.3384615384615385,0.6,0.3,0.1,0.03,0.1,0.2,0.1,0.006,2.0,1200.0,0.6495999686337177,,,,
dispatch,8913.333333333323,AGV_04,TOTE_0369,station_3,KIT_0013_01,{'PART_05': 90},8640.0,1.2569038400967383,1.1997393379322363,0.00261904761904762,0.05454545454545454,0.2,0.3641025641025641,0.6,0.3,0.1,0.03,0.1,0.2,0.1,0.006,2.0,1200.0,0.6577320476477866,,,,
dispatch,8917.333333333321,AGV_10,TOTE_0117,station_2,KIT_0012_01,{'PART_02': 120},8640.0,1.2185625800551287,1.1997455189111446,0.014083333333333333,0.004733727810650888,0.2,0.2358974358974359,0.6,0.3,0.1,0.03,0.1,0.2,0.1,0.006,2.0,1200.0,0.6475478044433336,,,,
kitting_completed,8921.33333333333,AGV_01,TOTE_0525,station_4,KIT_0013_02,,,,,,,,,,,,,,,,,,,,{'PART_10': 125},False,,
dispatch,8921.999999999996,AGV_09,TOTE_0753,station_4,KIT_0013_02,{'PART_10': 25},8640.0,1.2560223863364066,1.1997525450665654,0.000714285714285715,0.05555555555555556,0.2,0.4358974358974359,0.6,0.3,0.1,0.03,0.1,0.2,0.1,0.006,2.0,1200.0,0.6500236882121003,,,,
kitting_started,8922.666666666664,AGV_08,TOTE_0036,station_4,KIT_0013_02,,,,,,,,,,,,,,,,,,,,,,,
kitting_started,8935.999999999987,AGV_07,TOTE_0673,station_1,KIT_0014_01,,,,,,,,,,,,,,,,,,,,,,,
kitting_completed,8937.333333333321,AGV_03,TOTE_0255,station_2,KIT_0012_01,,,,,,,,,,,,,,,,,,,,{'PART_04': 400},False,,
dispatch,8937.333333333321,AGV_05,TOTE_0300,station_2,KIT_0012_01,{'PART_04': 400},8640.0,1.229754107381708,1.1997742937171116,0.013416666666666665,0.016563146997929608,0.2,0.4153846153846154,0.6,0.3,0.1,0.03,0.1,0.2,0.1,0.006,2.0,1200.0,0.6363140028905632,,,,
kitting_started,8939.333333333323,AGV_02,TOTE_0335,station_3,KIT_0013_01,,,,,,,,,,,,,,,,,,,,,,,
kitting_started,8939.333333333323,AGV_10,TOTE_0117,station_2,KIT_0012_01,,,,,,,,,,,,,,,,,,,,,,,
kitting_completed,8945.999999999987,AGV_07,TOTE_0673,station_1,KIT_0014_01,,,,,,,,,,,,,,,,,,,,{'PART_02': 20},False,,
kitting_started,8949.999999999998,AGV_06,TOTE_0691,station_1,KIT_0014_01,,,,,,,,,,,,,,,,,,,,,,,
dispatch,8954.666666666664,AGV_01,TOTE_0739,station_1,KIT_0014_01,{'PART_02': 20},8640.0,1.22922660095824,1.1997965865282256,0.028636363636363637,0.0007936507936507937,0.0,0.5384615384615384,0.6,0.3,0.1,0.03,0.1,0.2,0.1,0.006,2.0,1200.0,0.6836898067287901,,,,
kitting_completed,8959.999999999998,AGV_06,TOTE_0691,station_1,KIT_0014_01,,,,,,,,,,,,,,,,,,,,{'PART_02': 20},False,,
dispatch,8961.999999999987,AGV_03,TOTE_0757,station_1,KIT_0014_01,{'PART_02': 20},8640.0,1.2290144331087616,1.1998053421996708,0.028409090909090908,0.0008,0.0,0.5384615384615384,0.6,0.3,0.1,0.03,0.1,0.2,0.1,0.006,2.0,1200.0,0.6835625060191031,,,,
kitting_completed,8992.666666666664,AGV_08,TOTE_0036,station_4,KIT_0013_02,,,,,,,,,,,,,,,,,,,,{'PART_01': 70},False,,
dispatch,8992.666666666664,AGV_07,TOTE_0771,station_4,KIT_0013_02,{'PART_10': 20},8640.0,1.300155516052058,1.1998380557345976,0.0003174603174603174,0.1,0.6400000000000001,0.38461538461538464,0.6,0.3,0.1,0.03,0.1,0.2,0.1,0.006,2.0,1200.0,0.5496317711696962,,,,
kitting_started,8993.999999999998,AGV_09,TOTE_0753,station_4,KIT_0013_02,,,,,,,,,,,,,,,,,,,,,,,
kitting_completed,8999.333333333323,AGV_02,TOTE_0335,station_3,KIT_0013_01,,,,,,,,,,,,,,,,,,,,{'PART_05': 90},False,,
kitting_completed,8999.333333333323,AGV_10,TOTE_0117,station_2,KIT_0012_01,,,,,,,,,,,,,,,,,,,,{'PART_02': 120},False,,
dispatch,8999.333333333323,AGV_06,TOTE_0750,station_3,KIT_0013_01,{'PART_10': 25},8640.0,1.2343682149094068,1.1998444053855972,0.0011904761904761895,0.03333333333333333,0.2,0.3384615384615385,0.6,0.3,0.1,0.03,0.1,0.2,0.1,0.006,2.0,1200.0,0.6467747750994903,,,,
kitting_started,9000.666666666657,AGV_04,TOTE_0369,station_3,KIT_0013_01,,,,,,,,,,,,,,,,,,,,,,,
kitting_started,9000.666666666657,AGV_05,TOTE_0300,station_2,KIT_0012_01,,,,,,,,,,,,,,,,,,,,,,,
kitting_started,9001.333333333332,AGV_01,TOTE_0739,station_1,KIT_0014_01,,,,,,,,,,,,,,,,,,,,,,,
kitting_completed,9003.999999999998,AGV_09,TOTE_0753,station_4,KIT_0013_02,,,,,,,,,,,,,,,,,,,,{'PART_10': 25},False,,
kitting_completed,9011.333333333332,AGV_01,TOTE_0739,station_1,KIT_0014_01,,,,,,,,,,,,,,,,,,,,{'PART_02': 20},False,,
dispatch,9012.666666666664,AGV_08,TOTE_0709,station_1,KIT_0014_01,{'PART_02': 20},8640.0,1.2288446373854307,1.1998563675907095,0.028181818181818183,0.0008064516129032258,0.0,0.6666666666666666,0.6,0.3,0.1,0.03,0.1,0.2,0.1,0.006,2.0,1200.0,0.6706401157645917,,,,
kitting_started,9012.666666666666,AGV_03,TOTE_0757,station_1,KIT_0014_01,,,,,,,,,,,,,,,,,,,,,,,
dispatch,9017.999999999989,AGV_10,TOTE_0135,station_2,KIT_0012_01,{'PART_02': 120},8640.0,1.217010670323433,1.1998608908913952,0.011194444444444443,0.005955334987593052,0.2,0.21025641025641026,0.6,0.3,0.1,0.03,0.1,0.2,0.1,0.006,2.0,1200.0,0.6491807611684186,,,,
kitting_completed,9022.666666666666,AGV_03,TOTE_0757,station_1,KIT_0014_01,,,,,,,,,,,,,,,,,,,,{'PART_02': 20},False,,
dispatch,9023.999999999998,AGV_09,TOTE_0727,station_1,KIT_0014_01,{'PART_02': 20},8640.0,1.2286333631499111,1.1998658095652845,0.027954545454545454,0.0008130081300813009,0.0,0.6410256410256411,0.6,0.3,0.1,0.03,0.1,0.2,0.1,0.006,2.0,1200.0,0.6730774537873826,,,,
kitting_started,9032.666666666664,AGV_07,TOTE_0771,station_4,KIT_0013_02,,,,,,,,,,,,,,,,,,,,,,,
kitting_completed,9040.666666666657,AGV_05,TOTE_0300,station_2,KIT_0012_01,,,,,,,,,,,,,,,,,,,,{'PART_04': 400},False,,
dispatch,9040.666666666657,AGV_02,TOTE_0260,station_2,KIT_0012_01,{'PART_04': 400},8640.0,1.2315145362400948,1.199878579042792,0.010527777777777778,0.02110817941952507,0.2,0.3384615384615385,0.6,0.3,0.1,0.03,0.1,0.2,0.1,0.006,2.0,1200.0,0.645062567897903,,,,
kitting_started,9041.99999999999,AGV_10,TOTE_0135,station_2,KIT_0012_01,,,,,,,,,,,,,,,,,,,,,,,
kitting_completed,9052.666666666664,AGV_07,TOTE_0771,station_4,KIT_0013_02,,,,,,,,,,,,,,,,,,,,{'PART_10': 20},True,,
kitting_completed,9060.666666666657,AGV_04,TOTE_0369,station_3,KIT_0013_01,,,,,,,,,,,,,,,,,,,,{'PART_05': 90},False,,
dispatch,9060.666666666657,AGV_03,TOTE_0768,station_3,KIT_0013_01,{'PART_10': 25},8640.0,1.2506859596545024,1.1998923088608515,0.0007936507936507953,0.05,0.2,0.38974358974358975,0.6,0.3,0.1,0.03,0.1,0.2,0.1,0.006,2.0,1200.0,0.6514372168183424,,,,
kitting_started,9061.99999999999,AGV_06,TOTE_0750,station_3,KIT_0013_01,,,,,,,,,,,,,,,,,,,,,,,
kitting_completed,9071.99999999999,AGV_06,TOTE_0750,station_3,KIT_0013_01,,,,,,,,,,,,,,,,,,,,{'PART_10': 25},False,,
dispatch,9071.99999999999,AGV_05,TOTE_0786,station_3,KIT_0013_01,{'PART_10': 15},8640.0,1.2602962136242954,1.19989938822747,0.00039682539682539764,0.06,0.48,0.21025641025641026,0.6,0.3,0.1,0.03,0.1,0.2,0.1,0.006,2.0,1200.0,0.5911520871489362,,,,
kitting_started,9072.666666666666,AGV_08,TOTE_0709,station_1,KIT_0014_01,,,,,,,,,,,,,,,,,,,,,,,
kitting_completed,9082.666666666666,AGV_08,TOTE_0709,station_1,KIT_0014_01,,,,,,,,,,,,,,,,,,,,{'PART_02': 20},False,,
dispatch,9082.666666666666,AGV_01,TOTE_0775,station_1,KIT_0014_01,{'PART_02': 20},8640.0,1.2284525703492517,1.1999056254908314,0.027727272727272725,0.0008196721311475411,0.0,0.4358974358974359,0.6,0.3,0.1,0.03,0.1,0.2,0.1,0.006,2.0,1200.0,0.6934817986198074,,,,
kitting_started,9084.0,AGV_09,TOTE_0727,station_1,KIT_0014_01,,,,,,,,,,,,,,,,,,,,,,,
kitting_started,9090.666666666659,AGV_05,TOTE_0786,station_3,KIT_0013_01,,,,,,,,,,,,,,,,,,,,,,,
kitting_completed,9094.0,AGV_09,TOTE_0727,station_1,KIT_0014_01,,,,,,,,,,,,,,,,,,,,{'PART_02': 20},False,,
dispatch,9094.0,AGV_07,TOTE_0763,station_1,KIT_0014_01,{'PART_02': 20},8640.0,1.2282382757554042,1.1999118294744124,0.027499999999999997,0.0008264462809917356,0.0,0.6410256410256411,0.6,0.3,0.1,0.03,0.1,0.2,0.1,0.006,2.0,1200.0,0.6728404013506785,,,,
kitting_completed,9101.99999999999,AGV_10,TOTE_0135,station_2,KIT_0012_01,,,,,,,,,,,,,,,,,,,,{'PART_02': 120},False,,
dispatch,9101.99999999999,AGV_06,TOTE_0273,station_2,KIT_0012_01,{'PART_04': 200},8640.0,1.221599443573531,1.1999159615965707,0.008305555555555557,0.013377926421404682,0.0,0.35384615384615387,0.6,0.3,0.1,0.03,0.1,0.2,0.1,0.006,2.0,1200.0,0.6975750507595032,,,,
kitting_started,9103.333333333325,AGV_02,TOTE_0260,station_2,KIT_0012_01,,,,,,,,,,,,,,,,,,,,,,,
kitting_completed,9110.666666666659,AGV_05,TOTE_0786,station_3,KIT_0013_01,,,,,,,,,,,,,,,,,,,,{'PART_10': 15},False,,
dispatch,9110.666666666659,AGV_04,TOTE_0930,station_3,KIT_0013_01,{'PART_05': 10},8640.0,1.300078949982058,1.1999202198233276,0.00015873015873016038,0.1,0.5333333333333334,0.2358974358974359,0.6,0.3,0.1,0.03,0.1,0.2,0.1,0.006,2.0,1200.0,0.5964576263994911,,,,
kitting_started,9111.999999999993,AGV_03,TOTE_0768,station_3,KIT_0013_01,,,,,,,,,,,,,,,,,,,,,,,
kit_replacement,9112.666666666664,,,station_4,,,,,,,,,,,,,,,,,,,,,,,KIT_0013_02,KIT_0015_01
kitting_started,9116.0,AGV_01,TOTE_0775,station_1,KIT_0014_01,,,,,,,,,,,,,,,,,,,,,,,
dispatch,9119.333333333332,AGV_08,TOTE_0769,station_4,KIT_0015_01,{'PART_04': 100},8640.0,1.2322390771050462,1.1999242622902313,0.03,0.0023148148148148147,0.0,0.48717948717948717,0.6,0.3,0.1,0.03,0.1,0.2,0.1,0.006,2.0,1200.0,0.690625497545079,,,,
dispatch,9120.666666666657,AGV_10,TOTE_0787,station_4,KIT_0015_01,{'PART_04': 100},8640.0,1.2316000895641581,1.199924865762157,0.029305555555555553,0.002369668246445498,0.0,0.5897435897435898,0.6,0.3,0.1,0.03,0.1,0.2,0.1,0.006,2.0,1200.0,0.6799856947641358,,,,
kitting_completed,9121.999999999993,AGV_03,TOTE_0768,station_3,KIT_0013_01,,,,,,,,,,,,,,,,,,,,{'PART_10': 25},False,,
kitting_completed,9126.0,AGV_01,TOTE_0775,station_1,KIT_0014_01,,,,,,,,,,,,,,,,,,,,{'PART_02': 20},False,,
dispatch,9129.333333333325,AGV_05,TOTE_0781,station_1,KIT_0014_01,{'PART_02': 20},8640.0,1.2280347334297537,1.199928672823693,0.02727272727272727,0.0008333333333333334,0.0,0.6153846153846154,0.6,0.3,0.1,0.03,0.1,0.2,0.1,0.006,2.0,1200.0,0.6752823785193907,,,,
kitting_started,9132.66666666666,AGV_04,TOTE_0930,station_3,KIT_0013_01,,,,,,,,,,,,,,,,,,,,,,,
kitting_completed,9143.333333333325,AGV_02,TOTE_0260,station_2,KIT_0012_01,,,,,,,,,,,,,,,,,,,,{'PART_04': 400},False,,
dispatch,9143.333333333325,AGV_03,TOTE_0766,station_2,KIT_0012_01,{'PART_09': 40},8640.0,1.2102176669932507,1.1999344194600032,0.007194444444444444,0.0030888030888030892,0.0,0.5692307692307692,0.6,0.3,0.1,0.03,0.1,0.2,0.1,0.006,2.0,1200.0,0.6692075232728735,,,,
kitting_started,9144.666666666659,AGV_06,TOTE_0273,station_2,KIT_0012_01,,,,,,,,,,,,,,,,,,,,,,,
kitting_started,9150.666666666668,AGV_07,TOTE_0763,station_1,KIT_0014_01,,,,,,,,,,,,,,,,,,,,,,,
kitting_completed,9152.66666666666,AGV_04,TOTE_0930,station_3,KIT_0013_01,,,,,,,,,,,,,,,,,,,,{'PART_05': 10},True,,
kitting_started,9159.333333333332,AGV_08,TOTE_0769,station_4,KIT_0015_01,,,,,,,,,,,,,,,,,,,,,,,
kitting_completed,9160.666666666668,AGV_07,TOTE_0763,station_1,KIT_0014_01,,,,,,,,,,,,,,,,,,,,{'PART_02': 20},False,,
dispatch,9160.666666666668,AGV_01,TOTE_0682,station_1,KIT_0014_01,{'PART_02': 20},8640.0,1.2278266877318937,1.1999408970519854,0.027045454545454543,0.0008403361344537816,0.0,0.717948717948718,0.6,0.3,0.1,0.03,0.1,0.2,0.1,0.006,2.0,1200.0,0.6649011408442644,,,,
kitting_completed,9164.666666666659,AGV_06,TOTE_0273,station_2,KIT_0012_01,,,,,,,,,,,,,,,,,,,,{'PART_04': 200},False,,
dispatch,9164.666666666659,AGV_09,TOTE_0742,station_2,KIT_0012_01,{'PART_09': 40},8640.0,1.2101017718322213,1.1999422986139832,0.006972222222222222,0.0031872509960159364,0.0,0.48205128205128206,0.6,0.3,0.1,0.03,0.1,0.2,0.1,0.006,2.0,1200.0,0.6778559348942046,,,,
kitting_completed,9169.333333333332,AGV_08,TOTE_0769,station_4,KIT_0015_01,,,,,,,,,,,,,,,,,,,,{'PART_04': 100},False,,
dispatch,9169.333333333332,AGV_02,TOTE_0772,station_4,KIT_0015_01,"{'PART_02': 20, 'PART_04': 100}",8640.0,1.2314676242889908,1.1999438918186565,0.02861111111111111,0.002912621359223301,0.0,0.5641025641025641,0.6,0.3,0.1,0.03,0.1,0.2,0.1,0.006,2.0,1200.0,0.6824703181631381,,,,
kitting_started,9173.99999999999,AGV_10,TOTE_0787,station_4,KIT_0015_01,,,,,,,,,,,,,,,,,,,,,,,
kitting_started,9182.666666666659,AGV_05,TOTE_0781,station_1,KIT_0014_01,,,,,,,,,,,,,,,,,,,,,,,
kitting_completed,9183.99999999999,AGV_10,TOTE_0787,station_4,KIT_0015_01,,,,,,,,,,,,,,,,,,,,{'PART_04': 100},False,,
dispatch,9183.99999999999,AGV_04,TOTE_0790,station_4,KIT_0015_01,"{'PART_02': 20, 'PART_04': 100}",8640.0,1.230726396032977,1.1999486182551995,0.027777777777777776,0.003,0.0,0.5897435897435898,0.6,0.3,0.1,0.03,0.1,0.2,0.1,0.006,2.0,1200.0,0.6794614786454273,,,,
kitting_started,9191.999999999993,AGV_03,TOTE_0766,station_2,KIT_0012_01,,,,,,,,,,,,,,,,,,,,,,,
kitting_completed,9192.666666666659,AGV_05,TOTE_0781,station_1,KIT_0014_01,,,,,,,,,,,,,,,,,,,,{'PART_02': 20},False,,
dispatch,9192.666666666659,AGV_06,TOTE_0111,station_1,KIT_0014_01,{'PART_02': 120},8640.0,1.2318541493720478,1.199951221791154,0.026818181818181817,0.005084745762711865,0.2,0.23076923076923078,0.6,0.3,0.1,0.03,0.1,0.2,0.1,0.006,2.0,1200.0,0.6560355665463057,,,,
kitting_completed,9201.999999999993,AGV_03,TOTE_0766,station_2,KIT_0012_01,,,,,,,,,,,,,,,,,,,,{'PART_09': 40},False,,
dispatch,9201.999999999993,AGV_07,TOTE_0930,station_2,KIT_0012_01,{'PART_05': 5},8640.0,1.2071154008942677,1.1999538782605228,0.006749999999999999,0.000411522633744856,-0.3333333333333334,0.38974358974358975,0.6,0.3,0.1,0.03,0.1,0.2,0.1,0.006,2.0,1200.0,0.7852948815622016,,,,
kitting_started,9203.333333333327,AGV_09,TOTE_0742,station_2,KIT_0012_01,,,,,,,,,,,,,,,,,,,,,,,
kitting_started,9212.666666666659,AGV_06,TOTE_0111,station_1,KIT_0014_01,,,,,,,,,,,,,,,,,,,,,,,
kit_replacement,9212.66666666666,,,station_3,,,,,,,,,,,,,,,,,,,,,,,KIT_0013_01,KIT_0016_01
dispatch,9212.66666666666,AGV_08,TOTE_0303,station_3,KIT_0016_01,{'PART_04': 400},11520.0,0.32876670200313607,0.2892700258397932,0.03,0.009496676163342831,0.2,0.35384615384615387,0.6,0.3,0.1,0.03,0.1,0.2,0.1,0.006,2.0,1200.0,0.10187540581726624,,,,
kitting_completed,9213.333333333327,AGV_09,TOTE_0742,station_2,KIT_0012_01,,,,,,,,,,,,,,,,,,,,{'PART_09': 40},False,,
dispatch,9217.333333333325,AGV_10,TOTE_0763,station_2,KIT_0012_01,{'PART_09': 40},8640.0,1.209985939422733,1.1999579320765439,0.006722222222222222,0.0033057851239669425,0.0,0.4666666666666667,0.6,0.3,0.1,0.03,0.1,0.2,0.1,0.006,2.0,1200.0,0.6793248969869732,,,,
kitting_started,9219.333333333332,AGV_02,TOTE_0772,station_4,KIT_0015_01,,,,,,,,,,,,,,,,,,,,,,,
dispatch,9229.333333333325,AGV_05,TOTE_0156,station_3,KIT_0016_01,{'PART_02': 120},11520.0,0.3197304755288112,0.2894315245478035,0.02715099715099715,0.003147953830010493,0.2,0.3384615384615385,0.6,0.3,0.1,0.03,0.1,0.2,0.1,0.006,2.0,1200.0,0.09799213147113284,,,,
kitting_completed,9239.333333333332,AGV_02,TOTE_0772,station_4,KIT_0015_01,,,,,,,,,,,,,,,,,,,,"{'PART_02': 20, 'PART_04': 100}",False,,
dispatch,9239.333333333332,AGV_03,TOTE_0784,station_4,KIT_0015_01,{'PART_04': 100},8640.0,1.2294848981328979,1.1999631341008246,0.026944444444444444,0.002577319587628866,0.0,0.48717948717948717,0.6,0.3,0.1,0.03,0.1,0.2,0.1,0.006,2.0,1200.0,0.6889729901617899,,,,
kitting_started,9240.666666666659,AGV_07,TOTE_0930,station_2,KIT_0012_01,,,,,,,,,,,,,,,,,,,,,,,
kitting_started,9240.666666666666,AGV_04,TOTE_0790,station_4,KIT_0015_01,,,,,,,,,,,,,,,,,,,,,,,
kitting_started,9247.333333333328,AGV_08,TOTE_0303,station_3,KIT_0016_01,,,,,,,,,,,,,,,,,,,,,,,
kitting_completed,9260.666666666659,AGV_07,TOTE_0930,station_2,KIT_0012_01,,,,,,,,,,,,,,,,,,,,{'PART_05': 5},False,,
dispatch,9260.666666666659,AGV_09,TOTE_0781,station_2,KIT_0012_01,{'PART_09': 40},8640.0,1.209886366792929,1.1999675633741256,0.0065,0.0034188034188034192,0.0,0.441025641025641,0.6,0.3,0.1,0.03,0.1,0.2,0.1,0.006,2.0,1200.0,0.6818292559731932,,,,
kitting_completed,9260.666666666666,AGV_04,TOTE_0790,station_4,KIT_0015_01,,,,,,,,,,,,,,,,,,,,"{'PART_02': 20, 'PART_04': 100}",False,,
kitting_started,9261.999999999993,AGV_10,TOTE_0763,station_2,KIT_0012_01,,,,,,,,,,,,,,,,,,,,,,,
kitting_completed,9271.999999999993,AGV_10,TOTE_0763,station_2,KIT_0012_01,,,,,,,,,,,,,,,,,,,,{'PART_09': 40},False,,
kitting_completed,9272.666666666659,AGV_06,TOTE_0111,station_1,KIT_0014_01,,,,,,,,,,,,,,,,,,,,{'PART_02': 120},False,,
dispatch,9272.666666666666,AGV_02,TOTE_0700,station_1,KIT_0014_01,{'PART_02': 20},8640.0,1.2263172192959777,1.199969816698575,0.025454545454545455,0.0008928571428571428,0.0,0.6410256410256411,0.6,0.3,0.1,0.03,0.1,0.2,0.1,0.006,2.0,1200.0,0.6716877674750225,,,,
kitting_started,9273.999999999993,AGV_01,TOTE_0682,station_1,KIT_0014_01,,,,,,,,,,,,,,,,,,,,,,,
kitting_started,9276.0,AGV_03,TOTE_0784,station_4,KIT_0015_01,,,,,,,,,,,,,,,,,,,,,,,
dispatch,9282.666666666659,AGV_07,TOTE_0760,station_2,KIT_0012_01,{'PART_09': 40},8640.0,1.2097891752099594,1.1999715744233321,0.006277777777777777,0.0035398230088495575,0.0,0.6102564102564103,0.6,0.3,0.1,0.03,0.1,0.2,0.1,0.006,2.0,1200.0,0.6648478641003346,,,,
kitting_completed,9283.999999999993,AGV_01,TOTE_0682,station_1,KIT_0014_01,,,,,,,,,,,,,,,,,,,,{'PART_02': 20},False,,
kitting_completed,9286.0,AGV_03,TOTE_0784,station_4,KIT_0015_01,,,,,,,,,,,,,,,,,,,,{'PART_04': 100},False,,
kitting_completed,9287.333333333328,AGV_08,TOTE_0303,station_3,KIT_0016_01,,,,,,,,,,,,,,,,,,,,{'PART_04': 400},False,,
kitting_started,9288.666666666662,AGV_05,TOTE_0156,station_3,KIT_0016_01,,,,,,,,,,,,,,,,,,,,,,,
dispatch,9292.666666666659,AGV_06,TOTE_0778,station_4,KIT_0015_01,{'PART_04': 100},8640.0,1.2288687324332404,1.1999732297877377,0.02625,0.0026455026455026454,0.0,0.717948717948718,0.6,0.3,0.1,0.03,0.1,0.2,0.1,0.006,2.0,1200.0,0.6655263676650724,,,,
dispatch,9294.0,AGV_04,TOTE_0718,station_1,KIT_0014_01,{'PART_02': 20},8640.0,1.2261016167216687,1.1999734430934952,0.025227272727272727,0.0009009009009009009,0.0,0.6410256410256411,0.6,0.3,0.1,0.03,0.1,0.2,0.1,0.006,2.0,1200.0,0.6715584059304371,,,,
kitting_started,9295.999999999993,AGV_09,TOTE_0781,station_2,KIT_0012_01,,,,,,,,,,,,,,,,,,,,,,,
dispatch,9303.999999999993,AGV_10,TOTE_0757,station_4,KIT_0015_01,{'PART_04': 100},8640.0,1.228247936496491,1.1999749896365877,0.025555555555555554,0.002717391304347826,0.0,0.6923076923076923,0.6,0.3,0.1,0.03,0.1,0.2,0.1,0.006,2.0,1200.0,0.6677179926671254,,,,
kitting_completed,9305.999999999993,AGV_09,TOTE_0781,station_2,KIT_0012_01,,,,,,,,,,,,,,,,,,,,{'PART_09': 40},False,,
dispatch,9308.666666666662,AGV_08,TOTE_0736,station_2,KIT_0012_01,{'PART_02': 20},8640.0,1.2078660981497795,1.199975680208903,0.006055555555555555,0.001834862385321101,0.0,0.6974358974358974,0.6,0.3,0.1,0.03,0.1,0.2,0.1,0.006,2.0,1200.0,0.6549760691462779,,,,
kitting_started,9319.333333333334,AGV_02,TOTE_0700,station_1,KIT_0014_01,,,,,,,,,,,,,,,,,,,,,,,
dispatch,9322.666666666666,AGV_03,TOTE_0174,station_3,KIT_0016_01,{'PART_02': 120},11520.0,0.3198824844648625,0.2903359173126615,0.026296296296296297,0.0032502708559046588,0.2,0.3128205128205128,0.6,0.3,0.1,0.03,0.1,0.2,0.1,0.006,2.0,1200.0,0.10064743939686621,,,,
kitting_completed,9329.333333333334,AGV_02,TOTE_0700,station_1,KIT_0014_01,,,,,,,,,,,,,,,,,,,,{'PART_02': 20},False,,
dispatch,9330.666666666659,AGV_01,TOTE_0754,station_1,KIT_0014_01,{'PART_02': 20},8640.0,1.2258877784613569,1.199978687552266,0.025,0.0009090909090909091,0.0,0.6410256410256411,0.6,0.3,0.1,0.03,0.1,0.2,0.1,0.006,2.0,1200.0,0.67143010297425,,,,
kitting_started,9337.333333333327,AGV_07,TOTE_0760,station_2,KIT_0012_01,,,,,,,,,,,,,,,,,,,,,,,
kitting_started,9340.666666666668,AGV_04,TOTE_0718,station_1,KIT_0014_01,,,,,,,,,,,,,,,,,,,,,,,
kitting_completed,9347.333333333327,AGV_07,TOTE_0760,station_2,KIT_0012_01,,,,,,,,,,,,,,,,,,,,{'PART_09': 40},False,,
dispatch,9347.333333333327,AGV_09,TOTE_0775,station_2,KIT_0012_01,{'PART_09': 40},8640.0,1.2096634778904096,1.1999807156889557,0.005944444444444445,0.0037383177570093455,0.0,0.558974358974359,0.6,0.3,0.1,0.03,0.1,0.2,0.1,0.006,2.0,1200.0,0.6699006508368098,,,,
kitting_completed,9348.666666666662,AGV_05,TOTE_0156,station_3,KIT_0016_01,,,,,,,,,,,,,,,,,,,,{'PART_02': 120},False,,
kitting_completed,9350.666666666668,AGV_04,TOTE_0718,station_1,KIT_0014_01,,,,,,,,,,,,,,,,,,,,{'PART_02': 20},False,,
kitting_started,9352.666666666659,AGV_06,TOTE_0778,station_4,KIT_0015_01,,,,,,,,,,,,,,,,,,,,,,,
kitting_started,9354.666666666668,AGV_03,TOTE_0174,station_3,KIT_0016_01,,,,,,,,,,,,,,,,,,,,,,,
kitting_completed,9362.666666666659,AGV_06,TOTE_0778,station_4,KIT_0015_01,,,,,,,,,,,,,,,,,,,,{'PART_04': 100},False,,
kitting_started,9363.999999999993,AGV_10,TOTE_0757,station_4,KIT_0015_01,,,,,,,,,,,,,,,,,,,,,,,
kitting_started,9367.333333333328,AGV_08,TOTE_0736,station_2,KIT_0012_01,,,,,,,,,,,,,,,,,,,,,,,
dispatch,9367.333333333328,AGV_05,TOTE_0252,station_4,KIT_0015_01,{'PART_04': 400},8640.0,1.2360171918087195,1.1999828963400665,0.02486111111111111,0.0111731843575419,0.2,0.28205128205128205,0.6,0.3,0.1,0.03,0.1,0.2,0.1,0.006,2.0,1200.0,0.6534051868801035,,,,
kitting_completed,9373.999999999993,AGV_10,TOTE_0757,station_4,KIT_0015_01,,,,,,,,,,,,,,,,,,,,{'PART_04': 100},False,,
dispatch,9376.0,AGV_02,TOTE_0270,station_4,KIT_0015_01,{'PART_04': 400},8640.0,1.234645712683522,1.1999837629979875,0.022083333333333333,0.012578616352201259,0.2,0.3333333333333333,0.6,0.3,0.1,0.03,0.1,0.2,0.1,0.006,2.0,1200.0,0.6474540942767798,,,,
kitting_started,9377.333333333327,AGV_01,TOTE_0754,station_1,KIT_0014_01,,,,,,,,,,,,,,,,,,,,,,,
kitting_completed,9377.333333333328,AGV_08,TOTE_0736,station_2,KIT_0012_01,,,,,,,,,,,,,,,,,,,,{'PART_02': 20},False,,
dispatch,9381.999999999993,AGV_07,TOTE_0168,station_1,KIT_0014_01,{'PART_02': 120},8640.0,1.2302616515598062,1.1999843371311156,0.02477272727272727,0.005504587155963303,0.2,0.3333333333333333,0.6,0.3,0.1,0.03,0.1,0.2,0.1,0.006,2.0,1200.0,0.6448236576025504,,,,
kitting_completed,9387.333333333327,AGV_01,TOTE_0754,station_1,KIT_0014_01,,,,,,,,,,,,,,,,,,,,{'PART_02': 20},False,,
kitting_started,9391.999999999993,AGV_09,TOTE_0775,station_2,KIT_0012_01,,,,,,,,,,,,,,,,,,,,,,,
kitting_started,9393.999999999995,AGV_05,TOTE_0252,station_4,KIT_0015_01,,,,,,,,,,,,,,,,,,,,,,,
dispatch,9397.333333333334,AGV_04,TOTE_0186,station_1,KIT_0014_01,{'PART_02': 20},8640.0,1.2243656785066692,1.1999857138111705,0.023409090909090907,0.000970873786407767,0.0,0.4358974358974359,0.6,0.3,0.1,0.03,0.1,0.2,0.1,0.006,2.0,1200.0,0.691029663514258,,,,
kitting_completed,9401.999999999993,AGV_09,TOTE_0775,station_2,KIT_0012_01,,,,,,,,,,,,,,,,,,,,{'PART_09': 40},False,,
dispatch,9405.999999999993,AGV_06,TOTE_0153,station_2,KIT_0012_01,{'PART_02': 120},8640.0,1.217359145364935,1.1999864377058196,0.005722222222222223,0.011650485436893204,0.2,0.3384615384615385,0.6,0.3,0.1,0.03,0.1,0.2,0.1,0.006,2.0,1200.0,0.6365693333728071,,,,
kitting_completed,9414.666666666668,AGV_03,TOTE_0174,station_3,KIT_0016_01,,,,,,,,,,,,,,,,,,,,{'PART_02': 120},False,,
kitting_started,9415.333333333327,AGV_07,TOTE_0168,station_1,KIT_0014_01,,,,,,,,,,,,,,,,,,,,,,,
dispatch,9419.333333333328,AGV_08,TOTE_0171,station_2,KIT_0012_01,{'PART_02': 100},8640.0,1.216032046965488,1.1999874804209214,0.005055555555555555,0.01098901098901099,0.0,0.38974358974358975,0.6,0.3,0.1,0.03,0.1,0.2,0.1,0.006,2.0,1200.0,0.6906448692049337,,,,
dispatch,9420.666666666659,AGV_10,TOTE_0624,station_3,KIT_0016_01,{'PART_04': 100},11520.0,0.3195266772290262,0.2912855297157622,0.02544159544159544,0.0027995520716685334,0.2,0.38974358974358975,0.6,0.3,0.1,0.03,0.1,0.2,0.1,0.006,2.0,1200.0,0.09274164736305676,,,,
dispatch,9433.333333333334,AGV_03,TOTE_0642,station_3,KIT_0016_01,{'PART_04': 100},11520.0,0.3190177977949921,0.2914082687338502,0.02472934472934473,0.002880184331797235,0.2,0.21025641025641026,0.6,0.3,0.1,0.03,0.1,0.2,0.1,0.006,2.0,1200.0,0.11038503765135424,,,,
kitting_completed,9433.999999999995,AGV_05,TOTE_0252,station_4,KIT_0015_01,,,,,,,,,,,,,,,,,,,,{'PART_04': 400},False,,
dispatch,9433.999999999995,AGV_01,TOTE_0288,station_4,KIT_0015_01,{'PART_04': 400},8640.0,1.2336825798201165,1.199988535055928,0.01930555555555556,0.014388489208633094,0.2,0.3333333333333333,0.6,0.3,0.1,0.03,0.1,0.2,0.1,0.006,2.0,1200.0,0.6468762145587367,,,,
kitting_started,9435.333333333328,AGV_02,TOTE_0270,station_4,KIT_0015_01,,,,,,,,,,,,,,,,,,,,,,,
kitting_started,9441.333333333327,AGV_06,TOTE_0153,station_2,KIT_0012_01,,,,,,,,,,,,,,,,,,,,,,,
kitting_started,9452.000000000002,AGV_03,TOTE_0642,station_3,KIT_0016_01,,,,,,,,,,,,,,,,,,,,,,,
kitting_completed,9462.000000000002,AGV_03,TOTE_0642,station_3,KIT_0016_01,,,,,,,,,,,,,,,,,,,,{'PART_04': 100},False,,
dispatch,9462.000000000002,AGV_09,TOTE_0306,station_3,KIT_0016_01,{'PART_04': 400},11520.0,0.3275655367327552,0.29168604651162794,0.024017094017094016,0.011862396204033216,0.2,0.30256410256410254,0.6,0.3,0.1,0.03,0.1,0.2,0.1,0.006,2.0,1200.0,0.10628291178324285,,,,
kitting_started,9463.333333333336,AGV_10,TOTE_0624,station_3,KIT_0016_01,,,,,,,,,,,,,,,,,,,,,,,
kitting_completed,9473.333333333336,AGV_10,TOTE_0624,station_3,KIT_0016_01,,,,,,,,,,,,,,,,,,,,{'PART_04': 100},False,,
dispatch,9473.333333333336,AGV_05,TOTE_0660,station_3,KIT_0016_01,{'PART_04': 100},11520.0,0.3163286943516372,0.29179586563307497,0.02116809116809117,0.0033647375504710637,0.2,0.26153846153846155,0.6,0.3,0.1,0.03,0.1,0.2,0.1,0.006,2.0,1200.0,0.10364337045713616,,,,
kitting_completed,9475.333333333327,AGV_07,TOTE_0168,station_1,KIT_0014_01,,,,,,,,,,,,,,,,,,,,{'PART_02': 120},False,,
kitting_completed,9475.333333333328,AGV_02,TOTE_0270,station_4,KIT_0015_01,,,,,,,,,,,,,,,,,,,,{'PART_04': 400},False,,
kitting_started,9476.66666666666,AGV_04,TOTE_0186,station_1,KIT_0014_01,,,,,,,,,,,,,,,,,,,,,,,
kitting_started,9476.666666666662,AGV_01,TOTE_0288,station_4,KIT_0015_01,,,,,,,,,,,,,,,,,,,,,,,
dispatch,9480.666666666668,AGV_03,TOTE_0096,station_1,KIT_0014_01,{'PART_01': 70},8640.0,1.2266045257057723,1.1999913349749345,0.023181818181818182,0.0034313725490196082,0.2,0.28205128205128205,0.6,0.3,0.1,0.03,0.1,0.2,0.1,0.006,2.0,1200.0,0.6477575872183351,,,,
kitting_completed,9486.66666666666,AGV_04,TOTE_0186,station_1,KIT_0014_01,,,,,,,,,,,,,,,,,,,,{'PART_02': 20},False,,
dispatch,9492.000000000002,AGV_10,TOTE_0159,station_4,KIT_0015_01,{'PART_02': 120},8640.0,1.2215616991927982,1.1999919046082979,0.016527777777777777,0.005042016806722689,0.2,0.2564102564102564,0.6,0.3,0.1,0.03,0.1,0.2,0.1,0.006,2.0,1200.0,0.6472959938746533,,,,
dispatch,9495.333333333327,AGV_07,TOTE_0456,station_1,KIT_0014_01,{'PART_06': 30},8640.0,1.2239012711833979,1.1999920649074403,0.022386363636363635,0.0015228426395939088,0.2,0.23076923076923078,0.6,0.3,0.1,0.03,0.1,0.2,0.1,0.006,2.0,1200.0,0.6512638396331155,,,,
kitting_started,9498.66666666667,AGV_05,TOTE_0660,station_3,KIT_0016_01,,,,,,,,,,,,,,,,,,,,,,,
kitting_completed,9501.333333333327,AGV_06,TOTE_0153,station_2,KIT_0012_01,,,,,,,,,,,,,,,,,,,,{'PART_02': 120},False,,
dispatch,9501.333333333327,AGV_02,TOTE_0504,station_2,KIT_0012_01,{'PART_09': 200},8640.0,1.229183703514079,1.1999923454893877,0.0045000000000000005,0.024691358024691357,0.2,0.3641025641025641,0.6,0.3,0.1,0.03,0.1,0.2,0.1,0.006,2.0,1200.0,0.6410999656981908,,,,
kitting_started,9502.66666666666,AGV_08,TOTE_0171,station_2,KIT_0012_01,,,,,,,,,,,,,,,,,,,,,,,
kitting_started,9507.333333333334,AGV_03,TOTE_0096,station_1,KIT_0014_01,,,,,,,,,,,,,,,,,,,,,,,
kitting_completed,9508.66666666667,AGV_05,TOTE_0660,station_3,KIT_0016_01,,,,,,,,,,,,,,,,,,,,{'PART_04': 100},False,,
dispatch,9508.66666666667,AGV_04,TOTE_0678,station_3,KIT_0016_01,{'PART_09': 40},11520.0,0.31398684101006447,0.2921382428940569,0.020455840455840455,0.001392757660167131,0.2,0.26153846153846155,0.6,0.3,0.1,0.03,0.1,0.2,0.1,0.006,2.0,1200.0,0.10223825845219252,,,,
kitting_completed,9516.666666666662,AGV_01,TOTE_0288,station_4,KIT_0015_01,,,,,,,,,,,,,,,,,,,,{'PART_04': 400},False,,
kitting_started,9516.66666666667,AGV_09,TOTE_0306,station_3,KIT_0016_01,,,,,,,,,,,,,,,,,,,,,,,
kitting_started,9517.999999999996,AGV_10,TOTE_0159,station_4,KIT_0015_01,,,,,,,,,,,,,,,,,,,,,,,
dispatch,9519.999999999993,AGV_06,TOTE_0177,station_4,KIT_0015_01,{'PART_02': 120},8640.0,1.2209973354849202,1.1999931565272013,0.015694444444444445,0.005309734513274336,0.2,0.28205128205128205,0.6,0.3,0.1,0.03,0.1,0.2,0.1,0.006,2.0,1200.0,0.6443932730858238,,,,
kitting_completed,9552.66666666666,AGV_08,TOTE_0171,station_2,KIT_0012_01,,,,,,,,,,,,,,,,,,,,{'PART_02': 100},False,,
dispatch,9552.66666666666,AGV_05,TOTE_0819,station_2,KIT_0012_01,{'PART_09': 40},8640.0,1.2099406405177975,1.1999943745797284,0.003388888888888888,0.006557377049180329,0.2,0.2358974358974359,0.6,0.3,0.1,0.03,0.1,0.2,0.1,0.006,2.0,1200.0,0.6423746407209348,,,,
kitting_started,9553.999999999995,AGV_02,TOTE_0504,station_2,KIT_0012_01,,,,,,,,,,,,,,,,,,,,,,,
kitting_completed,9556.66666666667,AGV_09,TOTE_0306,station_3,KIT_0016_01,,,,,,,,,,,,,,,,,,,,{'PART_04': 400},False,,
dispatch,9556.66666666667,AGV_01,TOTE_0696,station_3,KIT_0016_01,{'PART_09': 40},11520.0,0.3141867287225979,0.29260335917312663,0.02017094017094017,0.0014124293785310734,0.2,0.26153846153846155,0.6,0.3,0.1,0.03,0.1,0.2,0.1,0.006,2.0,1200.0,0.10235819107971257,,,,
kitting_started,9558.000000000004,AGV_04,TOTE_0678,station_3,KIT_0016_01,,,,,,,,,,,,,,,,,,,,,,,
kitting_completed,9568.000000000004,AGV_04,TOTE_0678,station_3,KIT_0016_01,,,,,,,,,,,,,,,,,,,,{'PART_09': 40},False,,
dispatch,9571.333333333327,AGV_08,TOTE_0714,station_3,KIT_0016_01,{'PART_09': 40},11520.0,0.31406418267866254,0.2927454780361757,0.019886039886039885,0.0014326647564469916,0.2,0.2358974358974359,0.6,0.3,0.1,0.03,0.1,0.2,0.1,0.006,2.0,1200.0,0.10484876601745394,,,,
kitting_completed,9577.333333333334,AGV_03,TOTE_0096,station_1,KIT_0014_01,,,,,,,,,,,,,,,,,,,,{'PART_01': 70},False,,
kitting_completed,9577.999999999996,AGV_10,TOTE_0159,station_4,KIT_0015_01,,,,,,,,,,,,,,,,,,,,{'PART_02': 120},False,,
kitting_started,9578.666666666668,AGV_07,TOTE_0456,station_1,KIT_0014_01,,,,,,,,,,,,,,,,,,,,,,,
kitting_started,9579.33333333333,AGV_06,TOTE_0177,station_4,KIT_0015_01,,,,,,,,,,,,,,,,,,,,,,,
dispatch,9581.333333333336,AGV_09,TOTE_0126,station_4,KIT_0015_01,{'PART_02': 120},8640.0,1.220463851258747,1.1999952635121216,0.01486111111111111,0.005607476635514019,0.2,0.23076923076923078,0.6,0.3,0.1,0.03,0.1,0.2,0.1,0.006,2.0,1200.0,0.649201387678325,,,,
kitting_started,9582.000000000004,AGV_01,TOTE_0696,station_3,KIT_0016_01,,,,,,,,,,,,,,,,,,,,,,,
dispatch,9586.66666666667,AGV_04,TOTE_0210,station_1,KIT_0014_01,{'PART_03': 200},8640.0,1.2323501455760935,1.1999954126801236,0.022045454545454545,0.010309278350515464,0.2,0.3333333333333333,0.6,0.3,0.1,0.03,0.1,0.2,0.1,0.006,2.0,1200.0,0.6460767540123228,,,,
kitting_completed,9588.666666666668,AGV_07,TOTE_0456,station_1,KIT_0014_01,,,,,,,,,,,,,,,,,,,,{'PART_06': 30},False,,
kitting_completed,9592.000000000004,AGV_01,TOTE_0696,station_3,KIT_0016_01,,,,,,,,,,,,,,,,,,,,{'PART_09': 40},False,,
kitting_started,9593.333333333338,AGV_08,TOTE_0714,station_3,KIT_0016_01,,,,,,,,,,,,,,,,,,,,,,,
dispatch,9597.333333333334,AGV_03,TOTE_0006,station_1,KIT_0014_01,{'PART_01': 10},8640.0,1.220343136987087,1.1999956970706815,0.019772727272727275,0.0005747126436781609,0.2,0.23076923076923078,0.6,0.3,0.1,0.03,0.1,0.2,0.1,0.006,2.0,1200.0,0.649128959115329,,,,
dispatch,9597.999999999996,AGV_10,TOTE_0732,station_3,KIT_0016_01,{'PART_09': 40},11520.0,0.3140585039422249,0.29300387596899224,0.0196011396011396,0.0014534883720930232,0.2,0.2358974358974359,0.6,0.3,0.1,0.03,0.1,0.2,0.1,0.006,2.0,1200.0,0.10484535877559134,,,,
kitting_completed,9603.333333333338,AGV_08,TOTE_0714,station_3,KIT_0016_01,,,,,,,,,,,,,,,,,,,,{'PART_09': 40},False,,
kitting_completed,9603.999999999995,AGV_02,TOTE_0504,station_2,KIT_0012_01,,,,,,,,,,,,,,,,,,,,{'PART_09': 200},False,,
kitting_started,9605.333333333328,AGV_05,TOTE_0819,station_2,KIT_0012_01,,,,,,,,,,,,,,,,,,,,,,,
dispatch,9608.666666666668,AGV_07,TOTE_0387,station_2,KIT_0012_01,{'PART_05': 90},8640.0,1.2189521202937788,1.1999959799429014,0.0031666666666666653,0.015789473684210527,0.2,0.2358974358974359,0.6,0.3,0.1,0.03,0.1,0.2,0.1,0.006,2.0,1200.0,0.6477815285865236,,,,
dispatch,9610.66666666667,AGV_01,TOTE_0102,station_3,KIT_0016_01,{'PART_02': 20},11520.0,0.3131803174301631,0.29312661498708015,0.019316239316239315,0.0007374631268436578,0.2,0.21025641025641026,0.6,0.3,0.1,0.03,0.1,0.2,0.1,0.006,2.0,1200.0,0.10688254943245684,,,,
kitting_started,9613.333333333338,AGV_04,TOTE_0210,station_1,KIT_0014_01,,,,,,,,,,,,,,,,,,,,,,,
kitting_completed,9615.333333333328,AGV_05,TOTE_0819,station_2,KIT_0012_01,,,,,,,,,,,,,,,,,,,,{'PART_09': 40},False,,
kitting_started,9619.999999999998,AGV_10,TOTE_0732,station_3,KIT_0016_01,,,,,,,,,,,,,,,,,,,,,,,
dispatch,9622.000000000004,AGV_08,TOTE_0405,station_2,KIT_0012_01,{'PART_05': 90},8640.0,1.2214129556859268,1.1999962890192601,0.002666666666666667,0.018750000000000003,0.2,0.2358974358974359,0.6,0.3,0.1,0.03,0.1,0.2,0.1,0.006,2.0,1200.0,0.6492580298218125,,,,
kitting_completed,9629.999999999998,AGV_10,TOTE_0732,station_3,KIT_0016_01,,,,,,,,,,,,,,,,,,,,{'PART_09': 40},False,,
kitting_started,9630.66666666667,AGV_07,TOTE_0387,station_2,KIT_0012_01,,,,,,,,,,,,,,,,,,,,,,,
kitting_started,9631.333333333332,AGV_01,TOTE_0102,station_3,KIT_0016_01,,,,,,,,,,,,,,,,,,,,,,,
dispatch,9632.66666666666,AGV_02,TOTE_0285,station_3,KIT_0016_01,{'PART_04': 100},11520.0,0.3162282927080432,0.2933397932816537,0.019173789173789174,0.0037147102526002974,0.2,0.27692307692307694,0.6,0.3,0.1,0.03,0.1,0.2,0.1,0.006,2.0,1200.0,0.10204466793251822,,,,
kitting_completed,9639.33333333333,AGV_06,TOTE_0177,station_4,KIT_0015_01,,,,,,,,,,,,,,,,,,,,{'PART_02': 120},False,,
dispatch,9639.33333333333,AGV_05,TOTE_0144,station_4,KIT_0015_01,{'PART_02': 120},8640.0,1.2199650274071223,1.1999966555699386,0.014027777777777776,0.005940594059405941,0.2,0.3076923076923077,0.6,0.3,0.1,0.03,0.1,0.2,0.1,0.006,2.0,1200.0,0.6412097856750426,,,,
kitting_started,9640.666666666664,AGV_09,TOTE_0126,station_4,KIT_0015_01,,,,,,,,,,,,,,,,,,,,,,,
kitting_completed,9641.333333333332,AGV_01,TOTE_0102,station_3,KIT_0016_01,,,,,,,,,,,,,,,,,,,,{'PART_02': 20},False,,
dispatch,9648.666666666664,AGV_10,TOTE_0120,station_3,KIT_0016_01,{'PART_02': 20},11520.0,0.3127279754411537,0.29349483204134363,0.018461538461538463,0.0007716049382716049,0.2,0.21025641025641026,0.6,0.3,0.1,0.03,0.1,0.2,0.1,0.006,2.0,1200.0,0.10661114423905119,,,,
kitting_completed,9653.333333333338,AGV_04,TOTE_0210,station_1,KIT_0014_01,,,,,,,,,,,,,,,,,,,,{'PART_03': 200},False,,
kitting_started,9654.666666666672,AGV_03,TOTE_0006,station_1,KIT_0014_01,,,,,,,,,,,,,,,,,,,,,,,
kitting_started,9657.333333333328,AGV_02,TOTE_0285,station_3,KIT_0016_01,,,,,,,,,,,,,,,,,,,,,,,
dispatch,9659.33333333333,AGV_06,TOTE_0228,station_1,KIT_0014_01,{'PART_03': 200},8640.0,1.2312168183070276,1.199997033756318,0.019659090909090907,0.011560693641618498,0.2,0.358974358974359,0.6,0.3,0.1,0.03,0.1,0.2,0.1,0.006,2.0,1200.0,0.6428326550867806,,,,
kitting_completed,9664.666666666672,AGV_03,TOTE_0006,station_1,KIT_0014_01,,,,,,,,,,,,,,,,,,,,{'PART_01': 10},False,,
dispatch,9664.666666666672,AGV_01,TOTE_0246,station_1,KIT_0014_01,{'PART_03': 200},8640.0,1.2304553862345953,1.1999971271733951,0.017386363636363637,0.013071895424836603,0.2,0.3333333333333333,0.6,0.3,0.1,0.03,0.1,0.2,0.1,0.006,2.0,1200.0,0.6449398984074238,,,,
kitting_completed,9667.333333333328,AGV_02,TOTE_0285,station_3,KIT_0016_01,,,,,,,,,,,,,,,,,,,,{'PART_04': 100},False,,
kitting_started,9668.666666666662,AGV_10,TOTE_0120,station_3,KIT_0016_01,,,,,,,,,,,,,,,,,,,,,,,
kitting_completed,9678.666666666662,AGV_10,TOTE_0120,station_3,KIT_0016_01,,,,,,,,,,,,,,,,,,,,{'PART_02': 20},False,,
dispatch,9680.000000000004,AGV_04,TOTE_0138,station_3,KIT_0016_01,{'PART_02': 20},11520.0,0.3128951429081633,0.29379844961240315,0.018319088319088316,0.0007776049766718508,0.2,0.21025641025641026,0.6,0.3,0.1,0.03,0.1,0.2,0.1,0.006,2.0,1200.0,0.10671144471925695,,,,
dispatch,9684.666666666672,AGV_03,TOTE_0840,station_3,KIT_0016_01,{'PART_02': 20},11520.0,0.31280400648684537,0.2938436692506461,0.018176638176638178,0.0007836990595611285,0.2,0.26153846153846155,0.6,0.3,0.1,0.03,0.1,0.2,0.1,0.006,2.0,1200.0,0.10152855773826107,,,,
kitting_started,9689.333333333332,AGV_06,TOTE_0228,station_1,KIT_0014_01,,,,,,,,,,,,,,,,,,,,,,,
kitting_completed,9690.66666666667,AGV_07,TOTE_0387,station_2,KIT_0012_01,,,,,,,,,,,,,,,,,,,,{'PART_05': 90},False,,
dispatch,9690.66666666667,AGV_02,TOTE_0423,station_2,KIT_0012_01,{'PART_05': 90},8640.0,1.2252411318701022,1.1999975421265126,0.0021666666666666657,0.023076923076923078,0.2,0.26153846153846155,0.6,0.3,0.1,0.03,0.1,0.2,0.1,0.006,2.0,1200.0,0.648990832968215,,,,
kitting_started,9692.000000000004,AGV_08,TOTE_0405,station_2,KIT_0012_01,,,,,,,,,,,,,,,,,,,,,,,
kitting_started,9698.666666666672,AGV_04,TOTE_0138,station_3,KIT_0016_01,,,,,,,,,,,,,,,,,,,,,,,
kitting_completed,9700.666666666664,AGV_09,TOTE_0126,station_4,KIT_0015_01,,,,,,,,,,,,,,,,,,,,{'PART_02': 120},False,,
dispatch,9700.666666666664,AGV_10,TOTE_0162,station_4,KIT_0015_01,{'PART_02': 120},8640.0,1.219507919179958,1.1999976852618293,0.013194444444444443,0.006315789473684211,0.2,0.28205128205128205,0.6,0.3,0.1,0.03,0.1,0.2,0.1,0.006,2.0,1200.0,0.6434996233028466,,,,
kitting_started,9701.999999999998,AGV_05,TOTE_0144,station_4,KIT_0015_01,,,,,,,,,,,,,,,,,,,,,,,
kitting_completed,9708.666666666672,AGV_04,TOTE_0138,station_3,KIT_0016_01,,,,,,,,,,,,,,,,,,,,{'PART_02': 20},False,,
dispatch,9709.333333333336,AGV_07,TOTE_0858,station_3,KIT_0016_01,{'PART_02': 20},11520.0,0.31290676478817125,0.29408268733850135,0.01803418803418803,0.0007898894154818325,0.2,0.2358974358974359,0.6,0.3,0.1,0.03,0.1,0.2,0.1,0.006,2.0,1200.0,0.10415431528315916,,,,
kitting_started,9710.000000000005,AGV_03,TOTE_0840,station_3,KIT_0016_01,,,,,,,,,,,,,,,,,,,,,,,
kitting_completed,9720.000000000005,AGV_03,TOTE_0840,station_3,KIT_0016_01,,,,,,,,,,,,,,,,,,,,{'PART_02': 20},False,,
dispatch,9720.666666666664,AGV_09,TOTE_0876,station_3,KIT_0016_01,{'PART_05': 15},11520.0,0.31268137810964797,0.2941925064599483,0.017891737891737893,0.0005971337579617835,0.2,0.26153846153846155,0.6,0.3,0.1,0.03,0.1,0.2,0.1,0.006,2.0,1200.0,0.10145498071194263,,,,
kitting_completed,9729.333333333332,AGV_06,TOTE_0228,station_1,KIT_0014_01,,,,,,,,,,,,,,,,,,,,{'PART_03': 200},False,,
dispatch,9729.333333333332,AGV_04,TOTE_0462,station_1,KIT_0014_01,{'PART_06': 180},8640.0,1.2286455219885737,1.1999980510384711,0.015113636363636364,0.013533834586466165,0.2,0.3333333333333333,0.6,0.3,0.1,0.03,0.1,0.2,0.1,0.006,2.0,1200.0,0.643853979859811,,,,
kitting_started,9730.666666666666,AGV_01,TOTE_0246,station_1,KIT_0014_01,,,,,,,,,,,,,,,,,,,,,,,
kitting_started,9731.333333333338,AGV_07,TOTE_0858,station_3,KIT_0016_01,,,,,,,,,,,,,,,,,,,,,,,
kitting_completed,9741.333333333338,AGV_07,TOTE_0858,station_3,KIT_0016_01,,,,,,,,,,,,,,,,,,,,{'PART_02': 20},False,,
dispatch,9741.333333333338,AGV_03,TOTE_0840,station_3,KIT_0016_01,{'PART_02': 20},11520.0,0.3129786262961655,0.2943927648578812,0.017784900284900283,0.0008009611533840609,0.2,0.21025641025641026,0.6,0.3,0.1,0.03,0.1,0.2,0.1,0.006,2.0,1200.0,0.10676153475205827,,,,
kitting_started,9745.999999999998,AGV_09,TOTE_0876,station_3,KIT_0016_01,,,,,,,,,,,,,,,,,,,,,,,
kitting_completed,9752.000000000004,AGV_08,TOTE_0405,station_2,KIT_0012_01,,,,,,,,,,,,,,,,,,,,{'PART_05': 90},False,,
kitting_started,9753.333333333338,AGV_02,TOTE_0423,station_2,KIT_0012_01,,,,,,,,,,,,,,,,,,,,,,,
kitting_completed,9755.999999999998,AGV_09,TOTE_0876,station_3,KIT_0016_01,,,,,,,,,,,,,,,,,,,,{'PART_05': 15},False,,
dispatch,9755.999999999998,AGV_06,TOTE_0441,station_2,KIT_0012_01,{'PART_05': 90},8640.0,1.231665005871072,1.1999983392044054,0.0016666666666666674,0.03,0.2,0.2358974358974359,0.6,0.3,0.1,0.03,0.1,0.2,0.1,0.006,2.0,1200.0,0.6554092599328996,,,,
dispatch,9760.000000000004,AGV_07,TOTE_0858,station_3,KIT_0016_01,{'PART_02': 20},11520.0,0.3130235218940377,0.2945736434108528,0.017642450142450142,0.0008074283407347599,0.2,0.21025641025641026,0.6,0.3,0.1,0.03,0.1,0.2,0.1,0.006,2.0,1200.0,0.1067884721107816,,,,
kitting_started,9760.000000000005,AGV_03,TOTE_0840,station_3,KIT_0016_01,,,,,,,,,,,,,,,,,,,,,,,
kitting_completed,9761.999999999998,AGV_05,TOTE_0144,station_4,KIT_0015_01,,,,,,,,,,,,,,,,,,,,{'PART_02': 120},False,,
kitting_started,9763.333333333332,AGV_10,TOTE_0162,station_4,KIT_0015_01,,,,,,,,,,,,,,,,,,,,,,,
kitting_completed,9770.000000000005,AGV_03,TOTE_0840,station_3,KIT_0016_01,,,,,,,,,,,,,,,,,,,,{'PART_02': 20},False,,
kitting_completed,9770.666666666666,AGV_01,TOTE_0246,station_1,KIT_0014_01,,,,,,,,,,,,,,,,,,,,{'PART_03': 200},False,,
dispatch,9770.66666666667,AGV_08,TOTE_0243,station_1,KIT_0014_01,{'PART_03': 100},8640.0,1.2217623131004058,1.199998479108311,0.013068181818181816,0.008695652173913044,0.2,0.28205128205128205,0.6,0.3,0.1,0.03,0.1,0.2,0.1,0.006,2.0,1200.0,0.6448522596551153,,,,
kitting_started,9772.0,AGV_04,TOTE_0462,station_1,KIT_0014_01,,,,,,,,,,,,,,,,,,,,,,,
dispatch,9774.666666666664,AGV_09,TOTE_0180,station_4,KIT_0015_01,{'PART_02': 120},8640.0,1.219101199319982,1.199998515175163,0.012361111111111113,0.006741573033707865,0.2,0.28205128205128205,0.6,0.3,0.1,0.03,0.1,0.2,0.1,0.006,2.0,1200.0,0.6432555913868611,,,,
kitting_started,9778.666666666672,AGV_07,TOTE_0858,station_3,KIT_0016_01,,,,,,,,,,,,,,,,,,,,,,,
dispatch,9781.999999999998,AGV_05,TOTE_0876,station_3,KIT_0016_01,{'PART_05': 15},11520.0,0.312897322315927,0.29478682170542636,0.017499999999999998,0.0006105006105006105,0.2,0.26153846153846155,0.6,0.3,0.1,0.03,0.1,0.2,0.1,0.006,2.0,1200.0,0.10158454723571005,,,,
kitting_completed,9788.666666666672,AGV_07,TOTE_0858,station_3,KIT_0016_01,,,,,,,,,,,,,,,,,,,,{'PART_02': 20},False,,
dispatch,9788.666666666672,AGV_03,TOTE_0894,station_3,KIT_0016_01,{'PART_05': 15},11520.0,0.3128588341960436,0.29485142118863056,0.017393162393162392,0.0006142506142506142,0.2,0.21025641025641026,0.6,0.3,0.1,0.03,0.1,0.2,0.1,0.006,2.0,1200.0,0.10668965949198514,,,,
kitting_started,9807.333333333332,AGV_05,TOTE_0876,station_3,KIT_0016_01,,,,,,,,,,,,,,,,,,,,,,,
kitting_completed,9813.333333333338,AGV_02,TOTE_0423,station_2,KIT_0012_01,,,,,,,,,,,,,,,,,,,,{'PART_05': 90},False,,
dispatch,9813.333333333338,AGV_07,TOTE_0402,station_2,KIT_0012_01,{'PART_05': 90},8640.0,1.244022632137611,1.1999988226138014,0.001166666666666666,0.04285714285714286,0.2,0.30256410256410254,0.6,0.3,0.1,0.03,0.1,0.2,0.1,0.006,2.0,1200.0,0.6561571690261565,,,,
kitting_started,9814.666666666672,AGV_06,TOTE_0441,station_2,KIT_0012_01,,,,,,,,,,,,,,,,,,,,,,,
kitting_completed,9817.333333333332,AGV_05,TOTE_0876,station_3,KIT_0016_01,,,,,,,,,,,,,,,,,,,,{'PART_05': 15},False,,
dispatch,9817.333333333332,AGV_01,TOTE_0948,station_3,KIT_0016_01,{'PART_05': 15},11520.0,0.31303357072430293,0.29512919896640827,0.017286324786324785,0.0006180469715698394,0.2,0.21025641025641026,0.6,0.3,0.1,0.03,0.1,0.2,0.1,0.006,2.0,1200.0,0.10679450140894073,,,,
kitting_started,9818.666666666666,AGV_03,TOTE_0894,station_3,KIT_0016_01,,,,,,,,,,,,,,,,,,,,,,,
kitting_completed,9823.333333333332,AGV_10,TOTE_0162,station_4,KIT_0015_01,,,,,,,,,,,,,,,,,,,,{'PART_02': 120},False,,
kitting_started,9824.666666666666,AGV_09,TOTE_0180,station_4,KIT_0015_01,,,,,,,,,,,,,,,,,,,,,,,
kitting_completed,9828.666666666666,AGV_03,TOTE_0894,station_3,KIT_0016_01,,,,,,,,,,,,,,,,,,,,{'PART_05': 15},False,,
kitting_completed,9832.0,AGV_04,TOTE_0462,station_1,KIT_0014_01,,,,,,,,,,,,,,,,,,,,{'PART_06': 180},False,,
dispatch,9832.000000000004,AGV_02,TOTE_0021,station_1,KIT_0014_01,{'PART_01': 70},8640.0,1.2185974322130786,1.1999989473645938,0.01193181818181818,0.006666666666666667,0.2,0.28205128205128205,0.6,0.3,0.1,0.03,0.1,0.2,0.1,0.006,2.0,1200.0,0.642953331122719,,,,
kitting_started,9833.333333333334,AGV_08,TOTE_0243,station_1,KIT_0014_01,,,,,,,,,,,,,,,,,,,,,,,
dispatch,9835.999999999998,AGV_05,TOTE_0465,station_4,KIT_0015_01,{'PART_07': 25},8640.0,1.2130327742012514,1.199998972327088,0.01152777777777778,0.0015060240963855422,0.2,0.2564102564102564,0.6,0.3,0.1,0.03,0.1,0.2,0.1,0.006,2.0,1200.0,0.6421786388797251,,,,
kitting_started,9836.0,AGV_01,TOTE_0948,station_3,KIT_0016_01,,,,,,,,,,,,,,,,,,,,,,,
dispatch,9843.333333333332,AGV_10,TOTE_0966,station_3,KIT_0016_01,{'PART_05': 15},11520.0,0.3131825146776553,0.2953811369509044,0.01717948717948718,0.0006218905472636817,0.2,0.26153846153846155,0.6,0.3,0.1,0.03,0.1,0.2,0.1,0.006,2.0,1200.0,0.101755662652747,,,,
kitting_completed,9846.0,AGV_01,TOTE_0948,station_3,KIT_0016_01,,,,,,,,,,,,,,,,,,,,{'PART_05': 15},False,,
dispatch,9847.333333333332,AGV_03,TOTE_0894,station_3,KIT_0016_01,{'PART_05': 15},11520.0,0.31311832844126125,0.2954198966408269,0.017072649572649572,0.0006257822277847309,0.2,0.21025641025641026,0.6,0.3,0.1,0.03,0.1,0.2,0.1,0.006,2.0,1200.0,0.10684535603911571,,,,
kitting_completed,9853.333333333334,AGV_08,TOTE_0243,station_1,KIT_0014_01,,,,,,,,,,,,,,,,,,,,{'PART_03': 100},False,,
dispatch,9858.666666666666,AGV_04,TOTE_0039,station_1,KIT_0014_01,{'PART_01': 70},8640.0,1.2182783237824584,1.1999991030032375,0.011136363636363635,0.007142857142857143,0.2,0.3076923076923077,0.6,0.3,0.1,0.03,0.1,0.2,0.1,0.006,2.0,1200.0,0.6401977635002442,,,,
kitting_started,9858.66666666667,AGV_02,TOTE_0021,station_1,KIT_0014_01,,,,,,,,,,,,,,,,,,,,,,,
kitting_started,9866.0,AGV_03,TOTE_0894,station_3,KIT_0016_01,,,,,,,,,,,,,,,,,,,,,,,
kitting_completed,9874.666666666672,AGV_06,TOTE_0441,station_2,KIT_0012_01,,,,,,,,,,,,,,,,,,,,{'PART_05': 90},False,,
dispatch,9874.666666666672,AGV_01,TOTE_0420,station_2,KIT_0012_01,{'PART_05': 60},8640.0,1.2506658517773668,1.1999991851107001,0.0006666666666666676,0.05,0.0,0.30256410256410254,0.6,0.3,0.1,0.03,0.1,0.2,0.1,0.006,2.0,1200.0,0.7201431008100098,,,,
kitting_completed,9876.0,AGV_03,TOTE_0894,station_3,KIT_0016_01,,,,,,,,,,,,,,,,,,,,{'PART_05': 15},False,,
kitting_started,9876.000000000005,AGV_07,TOTE_0402,station_2,KIT_0012_01,,,,,,,,,,,,,,,,,,,,,,,
dispatch,9876.666666666668,AGV_08,TOTE_0984,station_3,KIT_0016_01,{'PART_05': 15},11520.0,0.31329966925465147,0.2957041343669251,0.016965811965811966,0.0006297229219143578,0.2,0.2358974358974359,0.6,0.3,0.1,0.03,0.1,0.2,0.1,0.006,2.0,1200.0,0.10439005796304729,,,,
kitting_started,9877.333333333334,AGV_10,TOTE_0966,station_3,KIT_0016_01,,,,,,,,,,,,,,,,,,,,,,,
kitting_completed,9884.666666666666,AGV_09,TOTE_0180,station_4,KIT_0015_01,,,,,,,,,,,,,,,,,,,,{'PART_02': 120},False,,
kitting_started,9886.0,AGV_05,TOTE_0465,station_4,KIT_0015_01,,,,,,,,,,,,,,,,,,,,,,,
kitting_completed,9887.333333333334,AGV_10,TOTE_0966,station_3,KIT_0016_01,,,,,,,,,,,,,,,,,,,,{'PART_05': 15},False,,
dispatch,9893.333333333338,AGV_06,TOTE_0483,station_4,KIT_0015_01,{'PART_07': 25},8640.0,1.2128824901073179,1.1999992714528838,0.011354166666666665,0.0015290519877675841,0.2,0.28205128205128205,0.6,0.3,0.1,0.03,0.1,0.2,0.1,0.006,2.0,1200.0,0.6395243658592625,,,,
dispatch,9894.666666666666,AGV_03,TOTE_0263,station_3,KIT_0016_01,{'PART_04': 400},11520.0,0.329636555636423,0.2958785529715762,0.01685897435897436,0.016899028305872414,0.2,0.3641025641025641,0.6,0.3,0.1,0.03,0.1,0.2,0.1,0.006,2.0,1200.0,0.10137167697159741,,,,
kitting_started,9898.66666666667,AGV_08,TOTE_0984,station_3,KIT_0016_01,,,,,,,,,,,,,,,,,,,,,,,
kitting_completed,9908.66666666667,AGV_08,TOTE_0984,station_3,KIT_0016_01,,,,,,,,,,,,,,,,,,,,{'PART_05': 15},False,,
dispatch,9908.66666666667,AGV_09,TOTE_0522,station_3,KIT_0016_01,{'PART_09': 120},11520.0,0.31612484430120785,0.29601421188630495,0.014009971509971509,0.006100660904931368,0.2,0.30256410256410254,0.6,0.3,0.1,0.03,0.1,0.2,0.1,0.006,2.0,1200.0,0.09941849632431445,,,,
kitting_started,9926.666666666666,AGV_03,TOTE_0263,station_3,KIT_0016_01,,,,,,,,,,,,,,,,,,,,,,,
kitting_completed,9928.66666666667,AGV_02,TOTE_0021,station_1,KIT_0014_01,,,,,,,,,,,,,,,,,,,,{'PART_01': 70},False,,
dispatch,9928.66666666667,AGV_10,TOTE_0057,station_1,KIT_0014_01,{'PART_01': 70},8640.0,1.2180326274142963,1.1999994106310796,0.010340909090909092,0.007692307692307693,0.2,0.3076923076923077,0.6,0.3,0.1,0.03,0.1,0.2,0.1,0.006,2.0,1200.0,0.640050345679347,,,,
kitting_started,9930.000000000004,AGV_04,TOTE_0039,station_1,KIT_0014_01,,,,,,,,,,,,,,,,,,,,,,,
kitting_completed,9936.0,AGV_05,TOTE_0465,station_4,KIT_0015_01,,,,,,,,,,,,,,,,,,,,{'PART_07': 25},False,,
dispatch,9936.0,AGV_08,TOTE_0105,station_4,KIT_0015_01,{'PART_02': 20},8640.0,1.2124222275814753,1.199999436001075,0.011180555555555556,0.0012422360248447205,0.2,0.2564102564102564,0.6,0.3,0.1,0.03,0.1,0.2,0.1,0.006,2.0,1200.0,0.6418123109078596,,,,
kitting_completed,9936.000000000005,AGV_07,TOTE_0402,station_2,KIT_0012_01,,,,,,,,,,,,,,,,,,,,{'PART_05': 90},False,,
kitting_started,9937.333333333334,AGV_06,TOTE_0483,station_4,KIT_0015_01,,,,,,,,,,,,,,,,,,,,,,,
kitting_started,9937.33333333334,AGV_01,TOTE_0420,station_2,KIT_0012_01,,,,,,,,,,,,,,,,,,,,,,,
dispatch,9948.66666666667,AGV_02,TOTE_0672,station_2,KIT_0012_01,{'PART_09': 40},8640.0,1.26699947727665,1.19999947727665,0.00033333333333333213,0.06666666666666667,0.2,0.27692307692307694,0.6,0.3,0.1,0.03,0.1,0.2,0.1,0.006,2.0,1200.0,0.6725073786736824,,,,
kitting_completed,9966.666666666666,AGV_03,TOTE_0263,station_3,KIT_0016_01,,,,,,,,,,,,,,,,,,,,{'PART_04': 400},False,,
dispatch,9966.666666666666,AGV_05,TOTE_0123,station_3,KIT_0016_01,{'PART_02': 20},11520.0,0.31081433507847805,0.29657622739018086,0.013155270655270656,0.0010828370330265296,0.2,0.2512820512820513,0.6,0.3,0.1,0.03,0.1,0.2,0.1,0.006,2.0,1200.0,0.10136039591888171,,,,
kitting_started,9968.0,AGV_09,TOTE_0522,station_3,KIT_0016_01,,,,,,,,,,,,,,,,,,,,,,,
kitting_completed,9977.33333333334,AGV_01,TOTE_0420,station_2,KIT_0012_01,,,,,,,,,,,,,,,,,,,,{'PART_05': 60},False,,
dispatch,9977.33333333334,AGV_07,TOTE_0690,station_2,KIT_0012_01,{'PART_09': 20},8640.0,1.3001106709889274,1.1999995598778161,0.0001111111111111096,0.1,0.4,0.2512820512820513,0.6,0.3,0.1,0.03,0.1,0.2,0.1,0.006,2.0,1200.0,0.6349381974651513,,,,
kitting_started,9978.666666666673,AGV_02,TOTE_0672,station_2,KIT_0012_01,,,,,,,,,,,,,,,,,,,,,,,
kitting_completed,9987.333333333334,AGV_06,TOTE_0483,station_4,KIT_0015_01,,,,,,,,,,,,,,,,,,,,{'PART_07': 25},False,,
kitting_started,9988.666666666668,AGV_08,TOTE_0105,station_4,KIT_0015_01,,,,,,,,,,,,,,,,,,,,,,,
kitting_completed,9988.666666666673,AGV_02,TOTE_0672,station_2,KIT_0012_01,,,,,,,,,,,,,,,,,,,,{'PART_09': 40},False,,
dispatch,9992.0,AGV_03,TOTE_0266,station_4,KIT_0015_01,{'PART_04': 400},8640.0,1.236198496324388,1.1999995969533188,0.011041666666666667,0.025157232704402517,0.2,0.358974358974359,0.6,0.3,0.1,0.03,0.1,0.2,0.1,0.006,2.0,1200.0,0.6458216618971969,,,,
kitting_completed,9998.0,AGV_09,TOTE_0522,station_3,KIT_0016_01,,,,,,,,,,,,,,,,,,,,{'PART_09': 120},False,,
kitting_completed,9998.666666666668,AGV_08,TOTE_0105,station_4,KIT_0015_01,,,,,,,,,,,,,,,,,,,,{'PART_02': 20},False,,
kitting_started,9998.666666666673,AGV_07,TOTE_0690,station_2,KIT_0012_01,,,,,,,,,,,,,,,,,,,,,,,
dispatch,9998.666666666673,AGV_01,TOTE_0284,station_4,KIT_0015_01,{'PART_04': 400},8640.0,1.2418769470240436,1.1999996127570034,0.008263888888888887,0.033613445378151266,0.2,0.46153846153846156,0.6,0.3,0.1,0.03,0.1,0.2,0.1,0.006,2.0,1200.0,0.6389723220605799,,,,
kitting_started,9999.333333333334,AGV_05,TOTE_0123,station_3,KIT_0016_01,,,,,,,,,,,,,,,,,,,,,,,
kitting_completed,10000.000000000004,AGV_04,TOTE_0039,station_1,KIT_0014_01,,,,,,,,,,,,,,,,,,,,{'PART_01': 70},False,,
kitting_started,10001.333333333338,AGV_10,TOTE_0057,station_1,KIT_0014_01,,,,,,,,,,,,,,,,,,,,,,,
dispatch,10007.333333333334,AGV_06,TOTE_0213,station_1,KIT_0014_01,{'PART_03': 200},8640.0,1.2333546107340212,1.199999632379043,0.009545454545454546,0.023809523809523808,0.2,0.38461538461538464,0.6,0.3,0.1,0.03,0.1,0.2,0.1,0.006,2.0,1200.0,0.6415512279788743,,,,
kitting_completed,10009.333333333334,AGV_05,TOTE_0123,station_3,KIT_0016_01,,,,,,,,,,,,,,,,,,,,{'PART_02': 20},False,,
dispatch,10010.000000000007,AGV_02,TOTE_0291,station_3,KIT_0016_01,{'PART_04': 400},11520.0,0.3319027595410916,0.29699612403100784,0.013012820512820513,0.021893814997263273,0.2,0.38974358974358975,0.6,0.3,0.1,0.03,0.1,0.2,0.1,0.006,2.0,1200.0,0.10016729675029598,,,,
dispatch,10018.666666666668,AGV_08,TOTE_0141,station_3,KIT_0016_01,{'PART_02': 20},11520.0,0.3086454627188563,0.2970801033591732,0.010163817663817663,0.0014015416958654521,0.2,0.2512820512820513,0.6,0.3,0.1,0.03,0.1,0.2,0.1,0.006,2.0,1200.0,0.10005907250310864,,,,
kitting_completed,10018.666666666673,AGV_07,TOTE_0690,station_2,KIT_0012_01,,,,,,,,,,,,,,,,,,,,{'PART_09': 20},True,,
kitting_started,10022.000000000002,AGV_03,TOTE_0266,station_4,KIT_0015_01,,,,,,,,,,,,,,,,,,,,,,,
kitting_started,10040.000000000002,AGV_08,TOTE_0141,station_3,KIT_0016_01,,,,,,,,,,,,,,,,,,,,,,,
kitting_completed,10050.000000000002,AGV_08,TOTE_0141,station_3,KIT_0016_01,,,,,,,,,,,,,,,,,,,,{'PART_02': 20},False,,
dispatch,10050.000000000002,AGV_05,TOTE_0690,station_3,KIT_0016_01,{'PART_09': 20},11520.0,0.3088265525596314,0.2973837209302326,0.01002136752136752,0.0014214641080312722,-0.2,0.3128205128205128,0.6,0.3,0.1,0.03,0.1,0.2,0.1,0.006,2.0,1200.0,0.21401388025372753,,,,
kitting_started,10051.333333333336,AGV_02,TOTE_0291,station_3,KIT_0016_01,,,,,,,,,,,,,,,,,,,,,,,
kitting_completed,10062.000000000002,AGV_03,TOTE_0266,station_4,KIT_0015_01,,,,,,,,,,,,,,,,,,,,{'PART_04': 400},False,,
dispatch,10062.000000000002,AGV_09,TOTE_0309,station_4,KIT_0015_01,{'PART_04': 300},8640.0,1.2434605298348647,1.1999997351794498,0.00548611111111111,0.037974683544303806,0.0,0.4358974358974359,0.6,0.3,0.1,0.03,0.1,0.2,0.1,0.006,2.0,1200.0,0.7024865743111752,,,,
kitting_started,10063.333333333336,AGV_01,TOTE_0284,station_4,KIT_0015_01,,,,,,,,,,,,,,,,,,,,,,,
kitting_completed,10071.333333333338,AGV_10,TOTE_0057,station_1,KIT_0014_01,,,,,,,,,,,,,,,,,,,,{'PART_01': 70},False,,
dispatch,10071.333333333338,AGV_08,TOTE_0075,station_1,KIT_0014_01,{'PART_01': 70},8640.0,1.218209976874532,1.1999997496018047,0.007272727272727273,0.010937500000000001,0.2,0.23076923076923078,0.6,0.3,0.1,0.03,0.1,0.2,0.1,0.006,2.0,1200.0,0.6478490630477961,,,,
kitting_started,10072.666666666672,AGV_06,TOTE_0213,station_1,KIT_0014_01,,,,,,,,,,,,,,,,,,,,,,,
kit_replacement,10078.666666666673,,,station_2,,,,,,,,,,,,,,,,,,,,,,,KIT_0012_01,KIT_0016_02
dispatch,10078.666666666673,AGV_07,TOTE_0189,station_2,KIT_0016_02,{'PART_02': 120},11520.0,0.3305475015940133,0.2976614987080104,0.03,0.002886002886002886,0.2,0.2358974358974359,0.6,0.3,0.1,0.03,0.1,0.2,0.1,0.006,2.0,1200.0,0.11473875736666439,,,,
dispatch,10078.666666666673,AGV_04,TOTE_0099,station_2,KIT_0016_02,{'PART_02': 20},11520.0,0.3272909925425562,0.2976614987080104,0.029134199134199134,0.0004952947003467063,0.2,0.26153846153846155,0.6,0.3,0.1,0.03,0.1,0.2,0.1,0.006,2.0,1200.0,0.11022074937168759,,,,
kitting_completed,10091.333333333336,AGV_02,TOTE_0291,station_3,KIT_0016_01,,,,,,,,,,,,,,,,,,,,{'PART_04': 400},False,,
dispatch,10091.333333333336,AGV_03,TOTE_0515,station_3,KIT_0016_01,{'PART_09': 200},11520.0,0.3220827657755275,0.29778423772609824,0.00987891737891738,0.014419610670511895,0.2,0.3384615384615385,0.6,0.3,0.1,0.03,0.1,0.2,0.1,0.006,2.0,1200.0,0.09940350561916264,,,,
kitting_started,10092.66666666667,AGV_05,TOTE_0690,station_3,KIT_0016_01,,,,,,,,,,,,,,,,,,,,,,,
kitting_started,10100.666666666675,AGV_07,TOTE_0189,station_2,KIT_0016_02,,,,,,,,,,,,,,,,,,,,,,,
kitting_completed,10103.333333333336,AGV_01,TOTE_0284,station_4,KIT_0015_01,,,,,,,,,,,,,,,,,,,,{'PART_04': 400},False,,
dispatch,10103.333333333336,AGV_10,TOTE_0054,station_4,KIT_0015_01,{'PART_01': 70},8640.0,1.2176882854081392,1.1999997933446471,0.0034027777777777776,0.014285714285714285,0.2,0.358974358974359,0.6,0.3,0.1,0.03,0.1,0.2,0.1,0.006,2.0,1200.0,0.6347155353474477,,,,
kitting_started,10112.000000000002,AGV_09,TOTE_0309,station_4,KIT_0015_01,,,,,,,,,,,,,,,,,,,,,,,
kitting_completed,10112.66666666667,AGV_05,TOTE_0690,station_3,KIT_0016_01,,,,,,,,,,,,,,,,,,,,{'PART_09': 20},False,,
kitting_completed,10112.666666666672,AGV_06,TOTE_0213,station_1,KIT_0014_01,,,,,,,,,,,,,,,,,,,,{'PART_03': 200},False,,
kitting_started,10114.000000000005,AGV_08,TOTE_0075,station_1,KIT_0014_01,,,,,,,,,,,,,,,,,,,,,,,
dispatch,10120.000000000002,AGV_02,TOTE_0200,station_1,KIT_0014_01,{'PART_03': 200},8640.0,1.2415648050360213,1.199999813010503,0.006477272727272728,0.03508771929824561,0.2,0.38461538461538464,0.6,0.3,0.1,0.03,0.1,0.2,0.1,0.006,2.0,1200.0,0.6464773445600743,,,,
kitting_started,10120.000000000004,AGV_03,TOTE_0515,station_3,KIT_0016_01,,,,,,,,,,,,,,,,,,,,,,,
dispatch,10130.000000000002,AGV_01,TOTE_0500,station_3,KIT_0016_01,{'PART_09': 200},11520.0,0.32346253034611416,0.2981589147286822,0.008454415954415956,0.01684919966301601,0.2,0.35384615384615387,0.6,0.3,0.1,0.03,0.1,0.2,0.1,0.006,2.0,1200.0,0.09869290282305311,,,,
kitting_completed,10142.000000000002,AGV_09,TOTE_0309,station_4,KIT_0015_01,,,,,,,,,,,,,,,,,,,,{'PART_04': 300},False,,
dispatch,10142.000000000002,AGV_05,TOTE_0072,station_4,KIT_0015_01,{'PART_01': 70},8640.0,1.2195831694667705,1.1999998361334372,0.0029166666666666664,0.016666666666666666,0.2,0.3333333333333333,0.6,0.3,0.1,0.03,0.1,0.2,0.1,0.006,2.0,1200.0,0.638416568346729,,,,
kitting_started,10143.333333333336,AGV_10,TOTE_0054,station_4,KIT_0015_01,,,,,,,,,,,,,,,,,,,,,,,
kitting_completed,10160.666666666675,AGV_07,TOTE_0189,station_2,KIT_0016_02,,,,,,,,,,,,,,,,,,,,{'PART_02': 120},False,,
dispatch,10160.666666666675,AGV_06,TOTE_0171,station_2,KIT_0016_02,{'PART_02': 20},11520.0,0.32794373142096195,0.2984560723514213,0.02898989898989899,0.0004977600796416127,0.2,0.26153846153846155,0.6,0.3,0.1,0.03,0.1,0.2,0.1,0.006,2.0,1200.0,0.11061239269873101,,,,
kitting_started,10162.00000000001,AGV_04,TOTE_0099,station_2,KIT_0016_02,,,,,,,,,,,,,,,,,,,,,,,
kitting_completed,10170.000000000004,AGV_03,TOTE_0515,station_3,KIT_0016_01,,,,,,,,,,,,,,,,,,,,{'PART_09': 200},False,,
kitting_started,10171.333333333338,AGV_01,TOTE_0500,station_3,KIT_0016_01,,,,,,,,,,,,,,,,,,,,,,,
kitting_completed,10172.00000000001,AGV_04,TOTE_0099,station_2,KIT_0016_02,,,,,,,,,,,,,,,,,,,,{'PART_02': 20},False,,
dispatch,10175.333333333336,AGV_09,TOTE_0512,station_3,KIT_0016_01,{'PART_09': 80},11520.0,0.31373347555188236,0.29859819121447034,0.007029914529914529,0.008105369807497468,0.0,0.4666666666666667,0.6,0.3,0.1,0.03,0.1,0.2,0.1,0.006,2.0,1200.0,0.14157341866446274,,,,
dispatch,10179.333333333341,AGV_07,TOTE_0621,station_2,KIT_0016_02,{'PART_05': 15},11520.0,0.3278577373437886,0.29863695090439285,0.028845598845598844,0.0003751875937968985,0.2,0.21025641025641026,0.6,0.3,0.1,0.03,0.1,0.2,0.1,0.006,2.0,1200.0,0.11568900138063212,,,,
kitting_completed,10184.000000000005,AGV_08,TOTE_0075,station_1,KIT_0014_01,,,,,,,,,,,,,,,,,,,,{'PART_01': 70},False,,
kitting_started,10185.33333333334,AGV_02,TOTE_0200,station_1,KIT_0014_01,,,,,,,,,,,,,,,,,,,,,,,
kitting_started,10186.00000000001,AGV_06,TOTE_0171,station_2,KIT_0016_02,,,,,,,,,,,,,,,,,,,,,,,
dispatch,10190.666666666675,AGV_04,TOTE_0203,station_1,KIT_0014_01,{'PART_03': 100},8640.0,1.2312314501111778,1.1999998776296055,0.004204545454545454,0.02702702702702703,0.0,0.41025641025641024,0.6,0.3,0.1,0.03,0.1,0.2,0.1,0.006,2.0,1200.0,0.6977132290410657,,,,
kitting_completed,10196.00000000001,AGV_06,TOTE_0171,station_2,KIT_0016_02,,,,,,,,,,,,,,,,,,,,{'PART_02': 20},False,,
dispatch,10196.00000000001,AGV_03,TOTE_0278,station_2,KIT_0016_02,{'PART_04': 400},11520.0,0.33757850474570966,0.2987984496124032,0.02873737373737374,0.010042681395932715,0.2,0.3384615384615385,0.6,0.3,0.1,0.03,0.1,0.2,0.1,0.006,2.0,1200.0,0.10870094900127195,,,,
kitting_started,10198.00000000001,AGV_07,TOTE_0621,station_2,KIT_0016_02,,,,,,,,,,,,,,,,,,,,,,,
kitting_completed,10208.00000000001,AGV_07,TOTE_0621,station_2,KIT_0016_02,,,,,,,,,,,,,,,,,,,,{'PART_05': 15},False,,
dispatch,10208.00000000001,AGV_08,TOTE_0639,station_2,KIT_0016_02,{'PART_05': 15},11520.0,0.3251847431282945,0.2989147286821706,0.025851370851370847,0.00041864359475300033,0.2,0.26153846153846155,0.6,0.3,0.1,0.03,0.1,0.2,0.1,0.006,2.0,1200.0,0.10895699972313054,,,,
kitting_completed,10213.333333333336,AGV_10,TOTE_0054,station_4,KIT_0015_01,,,,,,,,,,,,,,,,,,,,{'PART_01': 70},False,,
kitting_started,10214.66666666667,AGV_05,TOTE_0072,station_4,KIT_0015_01,,,,,,,,,,,,,,,,,,,,,,,
dispatch,10214.666666666675,AGV_06,TOTE_0090,station_4,KIT_0015_01,{'PART_01': 70},8640.0,1.2224304495965295,1.199999894040974,0.0024305555555555547,0.020000000000000004,0.2,0.3076923076923077,0.6,0.3,0.1,0.03,0.1,0.2,0.1,0.006,2.0,1200.0,0.6426890389886869,,,,
kitting_completed,10221.333333333338,AGV_01,TOTE_0500,station_3,KIT_0016_01,,,,,,,,,,,,,,,,,,,,{'PART_09': 200},False,,
kitting_started,10222.666666666672,AGV_09,TOTE_0512,station_3,KIT_0016_01,,,,,,,,,,,,,,,,,,,,,,,
kitting_started,10224.666666666677,AGV_03,TOTE_0278,station_2,KIT_0016_02,,,,,,,,,,,,,,,,,,,,,,,
kitting_completed,10225.33333333334,AGV_02,TOTE_0200,station_1,KIT_0014_01,,,,,,,,,,,,,,,,,,,,{'PART_03': 200},False,,
dispatch,10226.666666666675,AGV_07,TOTE_0455,station_1,KIT_0014_01,{'PART_06': 180},8640.0,1.269734749886701,1.1999999014018525,0.003068181818181819,0.06666666666666667,0.2,0.41025641025641024,0.6,0.3,0.1,0.03,0.1,0.2,0.1,0.006,2.0,1200.0,0.6608152089063796,,,,
kitting_started,10227.333333333343,AGV_04,TOTE_0203,station_1,KIT_0014_01,,,,,,,,,,,,,,,,,,,,,,,
dispatch,10233.333333333336,AGV_10,TOTE_0450,station_3,KIT_0016_01,{'PART_05': 60},11520.0,0.3122355356729476,0.2991602067183463,0.00646011396011396,0.006615214994487322,0.2,0.30256410256410254,0.6,0.3,0.1,0.03,0.1,0.2,0.1,0.006,2.0,1200.0,0.0970849111473583,,,,
kitting_completed,10242.666666666672,AGV_09,TOTE_0512,station_3,KIT_0016_01,,,,,,,,,,,,,,,,,,,,{'PART_09': 80},False,,
kitting_completed,10247.333333333343,AGV_04,TOTE_0203,station_1,KIT_0014_01,,,,,,,,,,,,,,,,,,,,{'PART_03': 100},False,,
dispatch,10249.333333333338,AGV_01,TOTE_0458,station_1,KIT_0014_01,{'PART_06': 90},8640.0,1.3010226412120605,1.1999999139393331,0.0010227272727272717,0.1,0.0,0.4358974358974359,0.6,0.3,0.1,0.03,0.1,0.2,0.1,0.006,2.0,1200.0,0.7370238411374928,,,,
dispatch,10252.000000000005,AGV_02,TOTE_0273,station_3,KIT_0016_01,{'PART_04': 200},11520.0,0.3289865996895596,0.2993410852713179,0.006032763532763533,0.02361275088547816,0.2,0.4153846153846154,0.6,0.3,0.1,0.03,0.1,0.2,0.1,0.006,2.0,1200.0,0.09585349827527423,,,,
kitting_started,10258.000000000004,AGV_10,TOTE_0450,station_3,KIT_0016_01,,,,,,,,,,,,,,,,,,,,,,,
kitting_started,10263.333333333343,AGV_07,TOTE_0455,station_1,KIT_0014_01,,,,,,,,,,,,,,,,,,,,,,,
kitting_completed,10264.666666666677,AGV_03,TOTE_0278,station_2,KIT_0016_02,,,,,,,,,,,,,,,,,,,,{'PART_04': 400},False,,
kitting_started,10266.000000000011,AGV_08,TOTE_0639,station_2,KIT_0016_02,,,,,,,,,,,,,,,,,,,,,,,
dispatch,10271.333333333338,AGV_09,TOTE_0296,station_2,KIT_0016_02,{'PART_04': 400},11520.0,0.3364823318475942,0.2995284237726099,0.02574314574314574,0.011210762331838566,0.2,0.3128205128205128,0.6,0.3,0.1,0.03,0.1,0.2,0.1,0.006,2.0,1200.0,0.11060734782650522,,,,
kitting_completed,10276.000000000011,AGV_08,TOTE_0639,station_2,KIT_0016_02,,,,,,,,,,,,,,,,,,,,{'PART_05': 15},False,,
dispatch,10276.000000000011,AGV_04,TOTE_0314,station_2,KIT_0016_02,{'PART_04': 400},11520.0,0.33505704889425836,0.29957364341085285,0.022857142857142854,0.012626262626262628,0.2,0.3384615384615385,0.6,0.3,0.1,0.03,0.1,0.2,0.1,0.006,2.0,1200.0,0.10718807549040116,,,,
kitting_completed,10284.66666666667,AGV_05,TOTE_0072,station_4,KIT_0015_01,,,,,,,,,,,,,,,,,,,,{'PART_01': 70},False,,
kitting_started,10286.000000000004,AGV_06,TOTE_0090,station_4,KIT_0015_01,,,,,,,,,,,,,,,,,,,,,,,
dispatch,10290.000000000011,AGV_03,TOTE_0014,station_4,KIT_0015_01,{'PART_01': 30},8640.0,1.2126586627312614,1.1999999325725312,0.001944444444444443,0.010714285714285714,0.0,0.38461538461538464,0.6,0.3,0.1,0.03,0.1,0.2,0.1,0.006,2.0,1200.0,0.6891336591772184,,,,
kitting_started,10296.666666666672,AGV_09,TOTE_0296,station_2,KIT_0016_02,,,,,,,,,,,,,,,,,,,,,,,
kitting_completed,10298.000000000004,AGV_10,TOTE_0450,station_3,KIT_0016_01,,,,,,,,,,,,,,,,,,,,{'PART_05': 60},False,,
dispatch,10298.000000000004,AGV_08,TOTE_0657,station_3,KIT_0016_01,{'PART_05': 15},11520.0,0.30671347639483226,0.2997868217054264,0.004608262108262107,0.0023183925811437406,0.2,0.26153846153846155,0.6,0.3,0.1,0.03,0.1,0.2,0.1,0.006,2.0,1200.0,0.09787423968305321,,,,
kitting_started,10299.333333333338,AGV_02,TOTE_0273,station_3,KIT_0016_01,,,,,,,,,,,,,,,,,,,,,,,
kitting_completed,10319.333333333338,AGV_02,TOTE_0273,station_3,KIT_0016_01,,,,,,,,,,,,,,,,,,,,{'PART_04': 200},False,,
dispatch,10319.333333333338,AGV_05,TOTE_0573,station_3,KIT_0016_01,{'PART_02': 20},11520.0,0.3076595215151295,0.29999354005167966,0.004501424501424502,0.003164556962025317,0.2,0.27692307692307694,0.6,0.3,0.1,0.03,0.1,0.2,0.1,0.006,2.0,1200.0,0.09690340521677,,,,
kitting_started,10320.666666666672,AGV_08,TOTE_0657,station_3,KIT_0016_01,,,,,,,,,,,,,,,,,,,,,,,
kitting_completed,10323.333333333343,AGV_07,TOTE_0455,station_1,KIT_0014_01,,,,,,,,,,,,,,,,,,,,{'PART_06': 180},False,,
kitting_started,10324.666666666677,AGV_01,TOTE_0458,station_1,KIT_0014_01,,,,,,,,,,,,,,,,,,,,,,,
kitting_completed,10330.666666666672,AGV_08,TOTE_0657,station_3,KIT_0016_01,,,,,,,,,,,,,,,,,,,,{'PART_05': 15},False,,
dispatch,10330.666666666672,AGV_10,TOTE_0681,station_3,KIT_0016_01,{'PART_02': 20},11520.0,0.31108599029005296,0.30345904207486946,0.00435897435897436,0.003267973856209151,0.2,0.27692307692307694,0.6,0.3,0.1,0.03,0.1,0.2,0.1,0.006,2.0,1200.0,0.09895928648172407,,,,
kitting_completed,10336.666666666672,AGV_09,TOTE_0296,station_2,KIT_0016_02,,,,,,,,,,,,,,,,,,,,{'PART_04': 400},False,,
kitting_started,10338.000000000005,AGV_04,TOTE_0314,station_2,KIT_0016_02,,,,,,,,,,,,,,,,,,,,,,,
kitting_started,10344.000000000005,AGV_05,TOTE_0573,station_3,KIT_0016_01,,,,,,,,,,,,,,,,,,,,,,,
dispatch,10348.000000000004,AGV_02,TOTE_0186,station_2,KIT_0016_02,{'PART_02': 100},11520.0,0.3451077495362168,0.32152389280207105,0.01997113997113997,0.0036127167630057807,0.2,0.27692307692307694,0.6,0.3,0.1,0.03,0.1,0.2,0.1,0.006,2.0,1200.0,0.11937234202942239,,,,
kitting_completed,10354.000000000005,AGV_05,TOTE_0573,station_3,KIT_0016_01,,,,,,,,,,,,,,,,,,,,{'PART_02': 20},False,,
dispatch,10354.000000000005,AGV_08,TOTE_0837,station_3,KIT_0016_01,{'PART_05': 15},11520.0,0.3373990308033518,0.3306487228030438,0.004216524216524218,0.002533783783783784,0.2,0.26153846153846155,0.6,0.3,0.1,0.03,0.1,0.2,0.1,0.006,2.0,1200.0,0.11628557232816493,,,,
kitting_completed,10354.666666666677,AGV_01,TOTE_0458,station_1,KIT_0014_01,,,,,,,,,,,,,,,,,,,,{'PART_06': 90},True,,
kitting_started,10355.33333333334,AGV_10,TOTE_0681,station_3,KIT_0016_01,,,,,,,,,,,,,,,,,,,,,,,
kitting_completed,10356.000000000004,AGV_06,TOTE_0090,station_4,KIT_0015_01,,,,,,,,,,,,,,,,,,,,{'PART_01': 70},False,,
dispatch,10356.000000000004,AGV_07,TOTE_0104,station_4,KIT_0015_01,{'PART_02': 120},8640.0,1.2497360657319732,1.199999954620862,0.0017361111111111104,0.048,0.2,0.41025641025641024,0.6,0.3,0.1,0.03,0.1,0.2,0.1,0.006,2.0,1200.0,0.648815998413543,,,,
kitting_started,10357.333333333338,AGV_03,TOTE_0014,station_4,KIT_0015_01,,,,,,,,,,,,,,,,,,,,,,,
kitting_completed,10365.33333333334,AGV_10,TOTE_0681,station_3,KIT_0016_01,,,,,,,,,,,,,,,,,,,,{'PART_02': 20},False,,
dispatch,10365.33333333334,AGV_09,TOTE_0317,station_3,KIT_0016_01,{'PART_04': 100},11520.0,0.37248276280498843,0.3510420536649725,0.00410968660968661,0.017331022530329292,0.2,0.3384615384615385,0.6,0.3,0.1,0.03,0.1,0.2,0.1,0.006,2.0,1200.0,0.1296435038368392,,,,
kitting_started,10376.000000000005,AGV_08,TOTE_0837,station_3,KIT_0016_01,,,,,,,,,,,,,,,,,,,,,,,
kitting_completed,10378.000000000005,AGV_04,TOTE_0314,station_2,KIT_0016_02,,,,,,,,,,,,,,,,,,,,{'PART_04': 400},False,,
dispatch,10378.000000000005,AGV_05,TOTE_0873,station_2,KIT_0016_02,{'PART_05': 15},11520.0,0.3975519416464092,0.37774008350621524,0.019249639249639246,0.0005622188905547227,0.2,0.26153846153846155,0.6,0.3,0.1,0.03,0.1,0.2,0.1,0.006,2.0,1200.0,0.15237731883399935,,,,
kitting_started,10379.33333333334,AGV_02,TOTE_0186,station_2,KIT_0016_02,,,,,,,,,,,,,,,,,,,,,,,
kitting_completed,10386.000000000005,AGV_08,TOTE_0837,station_3,KIT_0016_01,,,,,,,,,,,,,,,,,,,,{'PART_05': 15},False,,
dispatch,10386.000000000005,AGV_01,TOTE_0353,station_3,KIT_0016_01,{'PART_05': 90},11520.0,0.4184975192373572,0.3962321588116194,0.0033974358974358985,0.01886792452830189,0.2,0.3384615384615385,0.6,0.3,0.1,0.03,0.1,0.2,0.1,0.006,2.0,1200.0,0.15725235769626045,,,,
kitting_completed,10387.333333333338,AGV_03,TOTE_0014,station_4,KIT_0015_01,,,,,,,,,,,,,,,,,,,,{'PART_01': 30},False,,
dispatch,10387.333333333338,AGV_10,TOTE_0107,station_4,KIT_0015_01,{'PART_02': 60},8640.0,1.2470565863298024,1.1999999623981785,0.0009027777777777768,0.046153846153846156,0.0,0.38461538461538464,0.6,0.3,0.1,0.03,0.1,0.2,0.1,0.006,2.0,1200.0,0.709772413336343,,,,
kitting_started,10392.666666666672,AGV_07,TOTE_0104,station_4,KIT_0015_01,,,,,,,,,,,,,,,,,,,,,,,
kitting_started,10394.000000000007,AGV_09,TOTE_0317,station_3,KIT_0016_01,,,,,,,,,,,,,,,,,,,,,,,
kitting_completed,10404.000000000007,AGV_09,TOTE_0317,station_3,KIT_0016_01,,,,,,,,,,,,,,,,,,,,{'PART_04': 100},False,,
dispatch,10404.000000000007,AGV_04,TOTE_0371,station_3,KIT_0016_01,{'PART_05': 90},11520.0,0.4670686668784053,0.4410564426685067,0.0027564102564102567,0.023255813953488372,0.2,0.3384615384615385,0.6,0.3,0.1,0.03,0.1,0.2,0.1,0.006,2.0,1200.0,0.18639504628088932,,,,
kitting_started,10414.666666666673,AGV_01,TOTE_0353,station_3,KIT_0016_01,,,,,,,,,,,,,,,,,,,,,,,
kit_replacement,10414.666666666677,,,station_1,,,,,,,,,,,,,,,,,,,,,,,KIT_0014_01,KIT_0017_01
dispatch,10414.666666666677,AGV_03,TOTE_0771,station_1,KIT_0017_01,{'PART_10': 5},11520.0,0.4993010001339169,0.46900705539552767,0.03,0.0002939447383891829,-0.4400000000000001,0.4358974358974359,0.6,0.3,0.1,0.03,0.1,0.2,0.1,0.006,2.0,1200.0,0.38799085649060655,,,,
dispatch,10414.666666666677,AGV_08,TOTE_0786,station_1,KIT_0017_01,{'PART_10': 10},11520.0,0.4995084946155203,0.46900705539552767,0.029911816578483245,0.000589622641509434,-0.27999999999999997,0.358974358974359,0.6,0.3,0.1,0.03,0.1,0.2,0.1,0.006,2.0,1200.0,0.3478076608718763,,,,
kitting_completed,10429.33333333334,AGV_02,TOTE_0186,station_2,KIT_0016_02,,,,,,,,,,,,,,,,,,,,{'PART_02': 100},False,,
dispatch,10429.33333333334,AGV_06,TOTE_0837,station_2,KIT_0016_02,{'PART_05': 15},11520.0,0.5279984875155659,0.5082916757111288,0.01914141414141414,0.0005653976630229929,0.2,0.28717948717948716,0.6,0.3,0.1,0.03,0.1,0.2,0.1,0.006,2.0,1200.0,0.2280811437913908,,,,
kitting_started,10430.666666666673,AGV_05,TOTE_0873,station_2,KIT_0016_02,,,,,,,,,,,,,,,,,,,,,,,
kitting_completed,10440.666666666673,AGV_05,TOTE_0873,station_2,KIT_0016_02,,,,,,,,,,,,,,,,,,,,{'PART_05': 15},False,,
dispatch,10440.666666666673,AGV_09,TOTE_0281,station_2,KIT_0016_02,{'PART_04': 400},11520.0,0.57307565523757,0.5388794639299306,0.01903318903318903,0.015163002274450341,0.2,0.3641025641025641,0.6,0.3,0.1,0.03,0.1,0.2,0.1,0.006,2.0,1200.0,0.24743513673228557,,,,
kitting_started,10444.666666666679,AGV_08,TOTE_0786,station_1,KIT_0017_01,,,,,,,,,,,,,,,,,,,,,,,
kitting_completed,10452.666666666672,AGV_07,TOTE_0104,station_4,KIT_0015_01,,,,,,,,,,,,,,,,,,,,{'PART_02': 120},False,,
dispatch,10452.666666666672,AGV_02,TOTE_0468,station_4,KIT_0015_01,{'PART_07': 25},8640.0,1.2362003714176915,1.1999999745922945,0.0004861111111111116,0.03571428571428572,0.2,0.3333333333333333,0.6,0.3,0.1,0.03,0.1,0.2,0.1,0.006,2.0,1200.0,0.6483868895172816,,,,
kitting_started,10454.000000000005,AGV_10,TOTE_0107,station_4,KIT_0015_01,,,,,,,,,,,,,,,,,,,,,,,
kitting_started,10458.000000000007,AGV_06,TOTE_0837,station_2,KIT_0016_02,,,,,,,,,,,,,,,,,,,,,,,
kitting_completed,10464.666666666679,AGV_08,TOTE_0786,station_1,KIT_0017_01,,,,,,,,,,,,,,,,,,,,{'PART_10': 10},False,,
dispatch,10464.666666666679,AGV_05,TOTE_0438,station_1,KIT_0017_01,{'PART_05': 90},11520.0,0.6380525040037761,0.6029789759765114,0.029735449735449736,0.005338078291814947,0.2,0.2564102564102564,0.6,0.3,0.1,0.03,0.1,0.2,0.1,0.006,2.0,1200.0,0.29719047676124,,,,
kitting_started,10466.000000000013,AGV_03,TOTE_0771,station_1,KIT_0017_01,,,,,,,,,,,,,,,,,,,,,,,
kitting_completed,10468.000000000007,AGV_06,TOTE_0837,station_2,KIT_0016_02,,,,,,,,,,,,,,,,,,,,{'PART_05': 15},False,,
kitting_started,10469.333333333341,AGV_09,TOTE_0281,station_2,KIT_0016_02,,,,,,,,,,,,,,,,,,,,,,,
kitting_completed,10474.666666666673,AGV_01,TOTE_0353,station_3,KIT_0016_01,,,,,,,,,,,,,,,,,,,,{'PART_05': 90},False,,
kitting_started,10476.000000000007,AGV_04,TOTE_0371,station_3,KIT_0016_01,,,,,,,,,,,,,,,,,,,,,,,
dispatch,10479.333333333338,AGV_07,TOTE_0389,station_3,KIT_0016_01,{'PART_05': 90},11520.0,0.6734549399748769,0.641036525056462,0.0021153846153846145,0.030303030303030304,0.2,0.3384615384615385,0.6,0.3,0.1,0.03,0.1,0.2,0.1,0.006,2.0,1200.0,0.3102268101387723,,,,
kitting_completed,10484.000000000005,AGV_10,TOTE_0107,station_4,KIT_0015_01,,,,,,,,,,,,,,,,,,,,{'PART_02': 60},False,,
kitting_started,10486.000000000005,AGV_02,TOTE_0468,station_4,KIT_0015_01,,,,,,,,,,,,,,,,,,,,,,,
kitting_completed,10486.000000000013,AGV_03,TOTE_0771,station_1,KIT_0017_01,,,,,,,,,,,,,,,,,,,,{'PART_10': 5},False,,
dispatch,10486.666666666673,AGV_06,TOTE_0474,station_4,KIT_0015_01,{'PART_07': 25},8640.0,1.2558680348365279,1.1999999792809724,0.00031249999999999887,0.05555555555555556,0.2,0.41025641025641024,0.6,0.3,0.1,0.03,0.1,0.2,0.1,0.006,2.0,1200.0,0.6524951798762758,,,,
kitting_started,10488.000000000013,AGV_05,TOTE_0438,station_1,KIT_0017_01,,,,,,,,,,,,,,,,,,,,,,,
dispatch,10491.333333333345,AGV_08,TOTE_0543,station_1,KIT_0017_01,{'PART_10': 125},11520.0,0.7072495142741864,0.6712692859255369,0.028148148148148144,0.007832080200501253,0.2,0.3076923076923077,0.6,0.3,0.1,0.03,0.1,0.2,0.1,0.006,2.0,1200.0,0.33358047779528105,,,,
dispatch,10500.000000000007,AGV_01,TOTE_0299,station_2,KIT_0016_02,{'PART_04': 400},11520.0,0.7265409499035902,0.6925206627733835,0.016147186147186146,0.017873100983020553,0.2,0.3641025641025641,0.6,0.3,0.1,0.03,0.1,0.2,0.1,0.006,2.0,1200.0,0.3395143135318977,,,,
kitting_completed,10509.333333333341,AGV_09,TOTE_0281,station_2,KIT_0016_02,,,,,,,,,,,,,,,,,,,,{'PART_04': 400},False,,
dispatch,10510.666666666672,AGV_10,TOTE_0302,station_2,KIT_0016_02,{'PART_04': 310},11520.0,0.7480734782587797,0.7179461361292613,0.01326118326118326,0.016866158868335146,0.07999999999999999,0.441025641025641,0.6,0.3,0.1,0.03,0.1,0.2,0.1,0.006,2.0,1200.0,0.3807415228527037,,,,
kitting_started,10528.666666666675,AGV_01,TOTE_0299,station_2,KIT_0016_02,,,,,,,,,,,,,,,,,,,,,,,
kitting_completed,10536.000000000005,AGV_02,TOTE_0468,station_4,KIT_0015_01,,,,,,,,,,,,,,,,,,,,{'PART_07': 25},False,,
dispatch,10536.000000000005,AGV_03,TOTE_0482,station_4,KIT_0015_01,{'PART_07': 20},8640.0,1.3001388734783368,1.1999999845894478,0.0001388888888888895,0.1,0.0,0.38461538461538464,0.6,0.3,0.1,0.03,0.1,0.2,0.1,0.006,2.0,1200.0,0.7416217856254637,,,,
kitting_completed,10536.000000000007,AGV_04,TOTE_0371,station_3,KIT_0016_01,,,,,,,,,,,,,,,,,,,,{'PART_05': 90},False,,
kitting_started,10537.33333333334,AGV_06,TOTE_0474,station_4,KIT_0015_01,,,,,,,,,,,,,,,,,,,,,,,
kitting_started,10537.333333333341,AGV_07,TOTE_0389,station_3,KIT_0016_01,,,,,,,,,,,,,,,,,,,,,,,
dispatch,10538.000000000007,AGV_09,TOTE_0407,station_3,KIT_0016_01,{'PART_05': 90},11520.0,0.8240893858795135,0.7791367660355893,0.0014743589743589757,0.043478260869565216,0.2,0.3128205128205128,0.6,0.3,0.1,0.03,0.1,0.2,0.1,0.006,2.0,1200.0,0.4031715802456568,,,,
kitting_completed,10548.000000000013,AGV_05,TOTE_0438,station_1,KIT_0017_01,,,,,,,,,,,,,,,,,,,,{'PART_05': 90},False,,
kitting_started,10549.333333333347,AGV_08,TOTE_0543,station_1,KIT_0017_01,,,,,,,,,,,,,,,,,,,,,,,
dispatch,10556.000000000005,AGV_02,TOTE_0129,station_1,KIT_0017_01,{'PART_02': 120},11520.0,0.8502776731043383,0.8161763946545442,0.025943562610229277,0.008157715839564922,0.2,0.358974358974359,0.6,0.3,0.1,0.03,0.1,0.2,0.1,0.006,2.0,1200.0,0.41426916796516705,,,,
kitting_completed,10568.666666666675,AGV_01,TOTE_0299,station_2,KIT_0016_02,,,,,,,,,,,,,,,,,,,,{'PART_04': 400},False,,
dispatch,10568.666666666675,AGV_04,TOTE_0873,station_2,KIT_0016_02,{'PART_05': 15},11520.0,0.8526770187030085,0.8406708122858073,0.011024531024531025,0.000981675392670157,0.2,0.2358974358974359,0.6,0.3,0.1,0.03,0.1,0.2,0.1,0.006,2.0,1200.0,0.42801646763206147,,,,
kitting_started,10570.00000000001,AGV_10,TOTE_0302,station_2,KIT_0016_02,,,,,,,,,,,,,,,,,,,,,,,
kitting_completed,10587.33333333334,AGV_06,TOTE_0474,station_4,KIT_0015_01,,,,,,,,,,,,,,,,,,,,{'PART_07': 25},False,,
kitting_started,10588.666666666673,AGV_03,TOTE_0482,station_4,KIT_0015_01,,,,,,,,,,,,,,,,,,,,,,,
kitting_completed,10597.333333333341,AGV_07,TOTE_0389,station_3,KIT_0016_01,,,,,,,,,,,,,,,,,,,,{'PART_05': 90},False,,
dispatch,10597.333333333341,AGV_01,TOTE_0420,station_3,KIT_0016_01,{'PART_05': 30},11520.0,0.9178687477146472,0.8913943887402882,0.0008333333333333337,0.02564102564102564,0.2,0.3128205128205128,0.6,0.3,0.1,0.03,0.1,0.2,0.1,0.006,2.0,1200.0,0.45943919734673705,,,,
kitting_started,10598.666666666675,AGV_09,TOTE_0407,station_3,KIT_0016_01,,,,,,,,,,,,,,,,,,,,,,,
kitting_completed,10599.333333333347,AGV_08,TOTE_0543,station_1,KIT_0017_01,,,,,,,,,,,,,,,,,,,,{'PART_10': 125},False,,
dispatch,10599.333333333347,AGV_05,TOTE_0147,station_1,KIT_0017_01,{'PART_02': 120},11520.0,0.9274045629917912,0.8946950930975199,0.02382716049382716,0.008882309400444117,0.2,0.2564102564102564,0.6,0.3,0.1,0.03,0.1,0.2,0.1,0.006,2.0,1200.0,0.47080171215404903,,,,
kitting_started,10600.66666666668,AGV_02,TOTE_0129,station_1,KIT_0017_01,,,,,,,,,,,,,,,,,,,,,,,
kitting_completed,10620.00000000001,AGV_10,TOTE_0302,station_2,KIT_0016_02,,,,,,,,,,,,,,,,,,,,{'PART_04': 310},False,,
dispatch,10620.00000000001,AGV_06,TOTE_0891,station_2,KIT_0016_02,{'PART_05': 15},11520.0,0.9389610651191017,0.9270533514037211,0.010916305916305918,0.0009914077990746861,0.2,0.2358974358974359,0.6,0.3,0.1,0.03,0.1,0.2,0.1,0.006,2.0,1200.0,0.4797868954817173,,,,
kitting_started,10621.333333333343,AGV_04,TOTE_0873,station_2,KIT_0016_02,,,,,,,,,,,,,,,,,,,,,,,
kitting_completed,10628.666666666673,AGV_03,TOTE_0482,station_4,KIT_0015_01,,,,,,,,,,,,,,,,,,,,{'PART_07': 20},True,,
kitting_completed,10631.333333333343,AGV_04,TOTE_0873,station_2,KIT_0016_02,,,,,,,,,,,,,,,,,,,,{'PART_05': 15},False,,
dispatch,10631.333333333343,AGV_07,TOTE_0165,station_2,KIT_0016_02,{'PART_02': 120},11520.0,0.9623051488981937,0.9434863871822358,0.010808080808080808,0.00801068090787717,0.2,0.30256410256410254,0.6,0.3,0.1,0.03,0.1,0.2,0.1,0.006,2.0,1200.0,0.48712667908250595,,,,
kitting_started,10642.000000000011,AGV_06,TOTE_0891,station_2,KIT_0016_02,,,,,,,,,,,,,,,,,,,,,,,
kitting_completed,10652.000000000011,AGV_06,TOTE_0891,station_2,KIT_0016_02,,,,,,,,,,,,,,,,,,,,{'PART_05': 15},False,,
dispatch,10652.000000000011,AGV_10,TOTE_0183,station_2,KIT_0016_02,{'PART_02': 82},11520.0,0.9870827204765366,0.9711897874137922,0.009942279942279942,0.0059506531204644416,0.08000000000000007,0.30256410256410254,0.6,0.3,0.1,0.03,0.1,0.2,0.1,0.006,2.0,1200.0,0.5379932220295116,,,,
kitting_completed,10658.666666666675,AGV_09,TOTE_0407,station_3,KIT_0016_01,,,,,,,,,,,,,,,,,,,,{'PART_05': 90},False,,
dispatch,10658.666666666675,AGV_03,TOTE_0873,station_3,KIT_0016_01,{'PART_05': 15},11520.0,0.9973915795085411,0.9795305420785381,0.0006196581196581185,0.01724137931034483,0.2,0.26153846153846155,0.6,0.3,0.1,0.03,0.1,0.2,0.1,0.006,2.0,1200.0,0.5122811015512785,,,,
kitting_started,10660.00000000001,AGV_01,TOTE_0420,station_3,KIT_0016_01,,,,,,,,,,,,,,,,,,,,,,,
kitting_completed,10660.66666666668,AGV_02,TOTE_0129,station_1,KIT_0017_01,,,,,,,,,,,,,,,,,,,,{'PART_02': 120},False,,
dispatch,10660.66666666668,AGV_04,TOTE_0327,station_1,KIT_0017_01,{'PART_05': 90},11520.0,1.0110000157323475,0.9819781281916407,0.021710758377425046,0.007311129163281885,0.2,0.23076923076923078,0.6,0.3,0.1,0.03,0.1,0.2,0.1,0.006,2.0,1200.0,0.5235230863624855,,,,
kitting_started,10662.000000000015,AGV_05,TOTE_0147,station_1,KIT_0017_01,,,,,,,,,,,,,,,,,,,,,,,
kitting_started,10672.666666666677,AGV_07,TOTE_0165,station_2,KIT_0016_02,,,,,,,,,,,,,,,,,,,,,,,
kitting_completed,10680.00000000001,AGV_01,TOTE_0420,station_3,KIT_0016_01,,,,,,,,,,,,,,,,,,,,{'PART_05': 30},False,,
dispatch,10680.00000000001,AGV_06,TOTE_0909,station_3,KIT_0016_01,{'PART_05': 15},11520.0,1.0257308311658504,1.0043846773196967,0.0005128205128205143,0.020833333333333336,0.2,0.26153846153846155,0.6,0.3,0.1,0.03,0.1,0.2,0.1,0.006,2.0,1200.0,0.529284652545664,,,,
kit_replacement,10688.666666666673,,,station_4,,,,,,,,,,,,,,,,,,,,,,,KIT_0015_01,KIT_0017_02
dispatch,10688.666666666673,AGV_09,TOTE_0789,station_4,KIT_0017_02,{'PART_10': 25},11520.0,1.0452143616114271,1.0137209326986434,0.03,0.0014934289127837516,0.2,0.3076923076923077,0.6,0.3,0.1,0.03,0.1,0.2,0.1,0.006,2.0,1200.0,0.5363593861976256,,,,
dispatch,10688.666666666673,AGV_08,TOTE_0807,station_4,KIT_0017_02,{'PART_10': 25},11520.0,1.0447889743704724,1.0137209326986434,0.029551971326164873,0.0015160703456640388,0.2,0.3333333333333333,0.6,0.3,0.1,0.03,0.1,0.2,0.1,0.006,2.0,1200.0,0.53354005128895,,,,
kitting_started,10694.00000000001,AGV_03,TOTE_0873,station_3,KIT_0016_01,,,,,,,,,,,,,,,,,,,,,,,
kitting_completed,10704.00000000001,AGV_03,TOTE_0873,station_3,KIT_0016_01,,,,,,,,,,,,,,,,,,,,{'PART_05': 15},False,,
dispatch,10704.00000000001,AGV_02,TOTE_0309,station_3,KIT_0016_01,{'PART_04': 40},11520.0,1.099810492347176,1.029229070844702,0.00040598290598290674,0.07017543859649122,0.32000000000000006,0.3641025641025641,0.6,0.3,0.1,0.03,0.1,0.2,0.1,0.006,2.0,1200.0,0.5274760389980493,,,,
kitting_started,10705.333333333343,AGV_06,TOTE_0909,station_3,KIT_0016_01,,,,,,,,,,,,,,,,,,,,,,,
kitting_completed,10715.333333333343,AGV_06,TOTE_0909,station_3,KIT_0016_01,,,,,,,,,,,,,,,,,,,,{'PART_05': 15},False,,
dispatch,10715.333333333343,AGV_01,TOTE_0132,station_3,KIT_0016_01,{'PART_02': 8},11520.0,1.0870841784333298,1.0399042722828353,0.00012108262108262213,0.047058823529411764,0.32000000000000006,0.3128205128205128,0.6,0.3,0.1,0.03,0.1,0.2,0.1,0.006,2.0,1200.0,0.5249684557779466,,,,
kitting_started,10718.666666666673,AGV_09,TOTE_0789,station_4,KIT_0017_02,,,,,,,,,,,,,,,,,,,,,,,
kitting_completed,10722.000000000015,AGV_05,TOTE_0147,station_1,KIT_0017_01,,,,,,,,,,,,,,,,,,,,{'PART_02': 120},False,,
kitting_started,10723.333333333348,AGV_04,TOTE_0327,station_1,KIT_0017_01,,,,,,,,,,,,,,,,,,,,,,,
dispatch,10726.00000000001,AGV_03,TOTE_0345,station_1,KIT_0017_01,{'PART_05': 90},11520.0,1.0773851574448248,1.0493738829509327,0.020123456790123454,0.007887817703768623,0.2,0.28205128205128205,0.6,0.3,0.1,0.03,0.1,0.2,0.1,0.006,2.0,1200.0,0.5582259662617667,,,,
kitting_completed,10728.666666666673,AGV_09,TOTE_0789,station_4,KIT_0017_02,,,,,,,,,,,,,,,,,,,,{'PART_10': 25},False,,
kitting_started,10730.000000000007,AGV_08,TOTE_0807,station_4,KIT_0017_02,,,,,,,,,,,,,,,,,,,,,,,
kitting_completed,10732.666666666677,AGV_07,TOTE_0165,station_2,KIT_0016_02,,,,,,,,,,,,,,,,,,,,{'PART_02': 120},False,,
kitting_started,10732.666666666677,AGV_02,TOTE_0309,station_3,KIT_0016_01,,,,,,,,,,,,,,,,,,,,,,,
kitting_started,10734.000000000011,AGV_10,TOTE_0183,station_2,KIT_0016_02,,,,,,,,,,,,,,,,,,,,,,,
dispatch,10737.333333333343,AGV_06,TOTE_0825,station_4,KIT_0017_02,{'PART_10': 25},11520.0,1.0894960181541,1.058852666634775,0.02910394265232975,0.001539408866995074,0.2,0.28205128205128205,0.6,0.3,0.1,0.03,0.1,0.2,0.1,0.006,2.0,1200.0,0.5654924826873319,,,,
kitting_completed,10740.000000000007,AGV_08,TOTE_0807,station_4,KIT_0017_02,,,,,,,,,,,,,,,,,,,,{'PART_10': 25},False,,
dispatch,10742.000000000015,AGV_05,TOTE_0699,station_4,KIT_0017_02,{'PART_02': 20},11520.0,1.0924951502686624,1.0625884545515811,0.02865591397849462,0.0012507817385866166,0.2,0.3333333333333333,0.6,0.3,0.1,0.03,0.1,0.2,0.1,0.006,2.0,1200.0,0.562163756827864,,,,
dispatch,10748.666666666673,AGV_09,TOTE_0927,station_2,KIT_0016_02,{'PART_05': 15},11520.0,1.0782702027923998,1.067762146034343,0.00935064935064935,0.0011574074074074073,0.2,0.26153846153846155,0.6,0.3,0.1,0.03,0.1,0.2,0.1,0.006,2.0,1200.0,0.5608082755215937,,,,
kitting_completed,10752.666666666677,AGV_02,TOTE_0309,station_3,KIT_0016_01,,,,,,,,,,,,,,,,,,,,{'PART_04': 40},False,,
kitting_started,10754.000000000011,AGV_01,TOTE_0132,station_3,KIT_0016_01,,,,,,,,,,,,,,,,,,,,,,,
dispatch,10757.333333333343,AGV_07,TOTE_0945,station_3,KIT_0016_01,{'PART_05': 9},11520.0,1.174274304666492,1.0742102021023894,6.410256410256387e-05,0.1,0.48,0.3128205128205128,0.6,0.3,0.1,0.03,0.1,0.2,0.1,0.006,2.0,1200.0,0.5292825315178439,,,,
kitting_started,10764.00000000001,AGV_06,TOTE_0825,station_4,KIT_0017_02,,,,,,,,,,,,,,,,,,,,,,,
kitting_completed,10774.00000000001,AGV_06,TOTE_0825,station_4,KIT_0017_02,,,,,,,,,,,,,,,,,,,,{'PART_10': 25},False,,
dispatch,10774.00000000001,AGV_08,TOTE_0717,station_4,KIT_0017_02,{'PART_02': 20},11520.0,1.1153373237253241,1.0857732082400458,0.028297491039426522,0.0012666244458518052,0.2,0.23076923076923078,0.6,0.3,0.1,0.03,0.1,0.2,0.1,0.006,2.0,1200.0,0.5861254711582714,,,,
kitting_completed,10774.000000000011,AGV_01,TOTE_0132,station_3,KIT_0016_01,,,,,,,,,,,,,,,,,,,,{'PART_02': 8},False,,
kitting_started,10775.333333333348,AGV_05,TOTE_0699,station_4,KIT_0017_02,,,,,,,,,,,,,,,,,,,,,,,
kitting_completed,10783.333333333348,AGV_04,TOTE_0327,station_1,KIT_0017_01,,,,,,,,,,,,,,,,,,,,{'PART_05': 90},False,,
dispatch,10783.333333333348,AGV_02,TOTE_0363,station_1,KIT_0017_01,{'PART_05': 90},11520.0,1.1188940137546997,1.0917945854786142,0.01853615520282187,0.008563273073263558,0.2,0.23076923076923078,0.6,0.3,0.1,0.03,0.1,0.2,0.1,0.006,2.0,1200.0,0.5882594851758968,,,,
kitting_started,10784.666666666682,AGV_03,TOTE_0345,station_1,KIT_0017_01,,,,,,,,,,,,,,,,,,,,,,,
kitting_completed,10785.333333333348,AGV_05,TOTE_0699,station_4,KIT_0017_02,,,,,,,,,,,,,,,,,,,,{'PART_02': 20},False,,
kitting_started,10786.00000000001,AGV_07,TOTE_0945,station_3,KIT_0016_01,,,,,,,,,,,,,,,,,,,,,,,
kitting_started,10794.00000000001,AGV_08,TOTE_0717,station_4,KIT_0017_02,,,,,,,,,,,,,,,,,,,,,,,
dispatch,10794.00000000001,AGV_06,TOTE_0735,station_4,KIT_0017_02,{'PART_02': 20},11520.0,1.1275232906143244,1.0983013488770192,0.02793906810035842,0.0012828736369467609,0.2,0.23076923076923078,0.6,0.3,0.1,0.03,0.1,0.2,0.1,0.006,2.0,1200.0,0.5934370512916715,,,,
kitting_completed,10794.000000000011,AGV_10,TOTE_0183,station_2,KIT_0016_02,,,,,,,,,,,,,,,,,,,,{'PART_02': 82},False,,
kitting_started,10795.333333333345,AGV_09,TOTE_0927,station_2,KIT_0016_02,,,,,,,,,,,,,,,,,,,,,,,
dispatch,10799.333333333345,AGV_01,TOTE_0963,station_2,KIT_0016_02,{'PART_05': 15},11520.0,1.1118246110531003,1.1014112266233225,0.009242424242424241,0.0011709601873536302,0.2,0.2358974358974359,0.6,0.3,0.1,0.03,0.1,0.2,0.1,0.006,2.0,1200.0,0.5835050230421166,,,,
kitting_completed,10804.00000000001,AGV_08,TOTE_0717,station_4,KIT_0017_02,,,,,,,,,,,,,,,,,,,,{'PART_02': 20},False,,
dispatch,10804.00000000001,AGV_04,TOTE_0132,station_4,KIT_0017_02,{'PART_02': 12},11520.0,1.1324170398989026,1.1040566676420958,0.02758064516129032,0.0007797270955165692,-0.12000000000000005,0.41025641025641024,0.6,0.3,0.1,0.03,0.1,0.2,0.1,0.006,2.0,1200.0,0.6744245829137006,,,,
kitting_completed,10805.333333333345,AGV_09,TOTE_0927,station_2,KIT_0016_02,,,,,,,,,,,,,,,,,,,,{'PART_05': 15},False,,
dispatch,10805.333333333348,AGV_05,TOTE_0981,station_2,KIT_0016_02,{'PART_05': 15},11520.0,1.1151188187285446,1.1047997854711227,0.009134199134199134,0.001184834123222749,0.2,0.26153846153846155,0.6,0.3,0.1,0.03,0.1,0.2,0.1,0.006,2.0,1200.0,0.5829174450832806,,,,
kitting_completed,10806.00000000001,AGV_07,TOTE_0945,station_3,KIT_0016_01,,,,,,,,,,,,,,,,,,,,{'PART_05': 9},True,,
kitting_started,10814.00000000001,AGV_06,TOTE_0735,station_4,KIT_0017_02,,,,,,,,,,,,,,,,,,,,,,,
kitting_started,10821.333333333347,AGV_01,TOTE_0963,station_2,KIT_0016_02,,,,,,,,,,,,,,,,,,,,,,,
kitting_completed,10824.00000000001,AGV_06,TOTE_0735,station_4,KIT_0017_02,,,,,,,,,,,,,,,,,,,,{'PART_02': 20},False,,
dispatch,10824.00000000001,AGV_08,TOTE_0183,station_4,KIT_0017_02,{'PART_02': 38},11520.0,1.1444889291415459,1.114634798123526,0.02736559139784946,0.002488539620170269,0.11999999999999994,0.4358974358974359,0.6,0.3,0.1,0.03,0.1,0.2,0.1,0.006,2.0,1200.0,0.607103613895184,,,,
kitting_completed,10831.333333333347,AGV_01,TOTE_0963,station_2,KIT_0016_02,,,,,,,,,,,,,,,,,,,,{'PART_05': 15},False,,
dispatch,10831.333333333347,AGV_10,TOTE_0945,station_2,KIT_0016_02,{'PART_05': 6},11520.0,1.1277274327220996,1.1182218423891712,0.009025974025974024,0.00047961630695443646,-0.27999999999999997,0.21025641025641026,0.6,0.3,0.1,0.03,0.1,0.2,0.1,0.006,2.0,1200.0,0.7396108186076187,,,,
kitting_started,10832.66666666668,AGV_05,TOTE_0981,station_2,KIT_0016_02,,,,,,,,,,,,,,,,,,,,,,,
kitting_started,10837.333333333343,AGV_04,TOTE_0132,station_4,KIT_0017_02,,,,,,,,,,,,,,,,,,,,,,,
kitting_completed,10842.66666666668,AGV_05,TOTE_0981,station_2,KIT_0016_02,,,,,,,,,,,,,,,,,,,,{'PART_05': 15},False,,
dispatch,10842.66666666668,AGV_09,TOTE_0708,station_2,KIT_0016_02,{'PART_09': 40},11520.0,1.1356738420329098,1.1234783066446035,0.008982683982683981,0.0032128514056224897,0.2,0.27692307692307694,0.6,0.3,0.1,0.03,0.1,0.2,0.1,0.006,2.0,1200.0,0.5937119975274381,,,,
kitting_completed,10844.666666666682,AGV_03,TOTE_0345,station_1,KIT_0017_01,,,,,,,,,,,,,,,,,,,,{'PART_05': 90},False,,
dispatch,10844.666666666682,AGV_06,TOTE_0381,station_1,KIT_0017_01,{'PART_05': 90},11520.0,1.150685146000085,1.124371047847624,0.01694885361552028,0.009365244536940686,0.2,0.28205128205128205,0.6,0.3,0.1,0.03,0.1,0.2,0.1,0.006,2.0,1200.0,0.6022059593949228,,,,
kitting_started,10846.000000000016,AGV_02,TOTE_0363,station_1,KIT_0017_01,,,,,,,,,,,,,,,,,,,,,,,
kitting_started,10856.66666666668,AGV_10,TOTE_0945,station_2,KIT_0016_02,,,,,,,,,,,,,,,,,,,,,,,
kitting_completed,10857.333333333343,AGV_04,TOTE_0132,station_4,KIT_0017_02,,,,,,,,,,,,,,,,,,,,{'PART_02': 12},False,,
dispatch,10857.333333333343,AGV_07,TOTE_0843,station_4,KIT_0017_02,{'PART_02': 20},11520.0,1.1578210858605857,1.129793314702439,0.02668458781362007,0.001343183344526528,0.2,0.28205128205128205,0.6,0.3,0.1,0.03,0.1,0.2,0.1,0.006,2.0,1200.0,0.6064875233112231,,,,
kit_replacement,10866.00000000001,,,station_3,,,,,,,,,,,,,,,,,,,,,,,KIT_0016_01,KIT_0018_01
dispatch,10866.00000000001,AGV_03,TOTE_0552,station_3,KIT_0018_01,{'PART_06': 30},11520.0,1.164292305140985,1.133282204130884,0.03,0.0010101010101010103,0.2,0.2358974358974359,0.6,0.3,0.1,0.03,0.1,0.2,0.1,0.006,2.0,1200.0,0.6149856394948474,,,,
dispatch,10866.00000000001,AGV_05,TOTE_0192,station_3,KIT_0018_01,{'PART_03': 50},11520.0,1.1646798540999628,1.133282204130884,0.029696969696969697,0.0017006802721088437,0.2,0.2358974358974359,0.6,0.3,0.1,0.03,0.1,0.2,0.1,0.006,2.0,1200.0,0.6152181688702341,,,,
kitting_started,10870.666666666677,AGV_08,TOTE_0183,station_4,KIT_0017_02,,,,,,,,,,,,,,,,,,,,,,,
kitting_completed,10876.66666666668,AGV_10,TOTE_0945,station_2,KIT_0016_02,,,,,,,,,,,,,,,,,,,,{'PART_05': 6},False,,
dispatch,10876.66666666668,AGV_01,TOTE_0726,station_2,KIT_0016_02,{'PART_09': 40},11520.0,1.1493572620452064,1.137343676276434,0.008694083694083695,0.003319502074688797,0.2,0.27692307692307694,0.6,0.3,0.1,0.03,0.1,0.2,0.1,0.006,2.0,1200.0,0.6019220495348161,,,,
kitting_started,10878.000000000015,AGV_09,TOTE_0708,station_2,KIT_0016_02,,,,,,,,,,,,,,,,,,,,,,,
kitting_started,10888.000000000011,AGV_05,TOTE_0192,station_3,KIT_0018_01,,,,,,,,,,,,,,,,,,,,,,,
kitting_completed,10888.000000000015,AGV_09,TOTE_0708,station_2,KIT_0016_02,,,,,,,,,,,,,,,,,,,,{'PART_09': 40},False,,
dispatch,10888.000000000015,AGV_04,TOTE_0798,station_2,KIT_0016_02,{'PART_09': 40},11520.0,1.1532322186709822,1.141393258870649,0.008405483405483406,0.0034334763948497857,0.2,0.2512820512820513,0.6,0.3,0.1,0.03,0.1,0.2,0.1,0.006,2.0,1200.0,0.6068111260743843,,,,
kitting_completed,10898.000000000011,AGV_05,TOTE_0192,station_3,KIT_0018_01,,,,,,,,,,,,,,,,,,,,{'PART_03': 50},False,,
dispatch,10898.000000000011,AGV_10,TOTE_0570,station_3,KIT_0018_01,{'PART_06': 30},11520.0,1.1749821282681827,1.1447521467925266,0.029191919191919193,0.0010380622837370243,0.2,0.2358974358974359,0.6,0.3,0.1,0.03,0.1,0.2,0.1,0.006,2.0,1200.0,0.6213995333711659,,,,
kitting_started,10899.333333333345,AGV_03,TOTE_0552,station_3,KIT_0018_01,,,,,,,,,,,,,,,,,,,,,,,
kitting_completed,10900.666666666677,AGV_08,TOTE_0183,station_4,KIT_0017_02,,,,,,,,,,,,,,,,,,,,{'PART_02': 38},False,,
kitting_started,10901.333333333348,AGV_01,TOTE_0726,station_2,KIT_0016_02,,,,,,,,,,,,,,,,,,,,,,,
kitting_started,10902.000000000011,AGV_07,TOTE_0843,station_4,KIT_0017_02,,,,,,,,,,,,,,,,,,,,,,,
kitting_completed,10906.000000000016,AGV_02,TOTE_0363,station_1,KIT_0017_01,,,,,,,,,,,,,,,,,,,,{'PART_05': 90},False,,
kitting_started,10907.33333333335,AGV_06,TOTE_0381,station_1,KIT_0017_01,,,,,,,,,,,,,,,,,,,,,,,
kitting_completed,10909.333333333345,AGV_03,TOTE_0552,station_3,KIT_0018_01,,,,,,,,,,,,,,,,,,,,{'PART_06': 30},False,,
dispatch,10909.333333333348,AGV_09,TOTE_0588,station_3,KIT_0018_01,{'PART_06': 30},11520.0,1.1782682177934283,1.1483303778555882,0.02888888888888889,0.001048951048951049,0.2,0.26153846153846155,0.6,0.3,0.1,0.03,0.1,0.2,0.1,0.006,2.0,1200.0,0.6208070845222107,,,,
kitting_completed,10911.333333333348,AGV_01,TOTE_0726,station_2,KIT_0016_02,,,,,,,,,,,,,,,,,,,,{'PART_09': 40},False,,
kitting_completed,10912.000000000011,AGV_07,TOTE_0843,station_4,KIT_0017_02,,,,,,,,,,,,,,,,,,,,{'PART_02': 20},False,,
kitting_started,10912.666666666682,AGV_04,TOTE_0798,station_2,KIT_0016_02,,,,,,,,,,,,,,,,,,,,,,,
dispatch,10916.666666666677,AGV_05,TOTE_0915,station_4,KIT_0017_02,{'PART_05': 15},11520.0,1.1778703599040206,1.1505230922384544,0.02632616487455197,0.0010211027910142956,0.2,0.2564102564102564,0.6,0.3,0.1,0.03,0.1,0.2,0.1,0.006,2.0,1200.0,0.6210811903013868,,,,
kitting_started,10920.000000000013,AGV_10,TOTE_0570,station_3,KIT_0018_01,,,,,,,,,,,,,,,,,,,,,,,
kitting_completed,10922.666666666682,AGV_04,TOTE_0798,station_2,KIT_0016_02,,,,,,,,,,,,,,,,,,,,{'PART_09': 40},False,,
dispatch,10926.000000000016,AGV_02,TOTE_0399,station_1,KIT_0017_01,{'PART_05': 90},11520.0,1.178876137151549,1.1531816344918724,0.015361552028218697,0.010332950631458095,0.2,0.23076923076923078,0.6,0.3,0.1,0.03,0.1,0.2,0.1,0.006,2.0,1200.0,0.6242487592140064,,,,
dispatch,10928.000000000011,AGV_03,TOTE_0933,station_4,KIT_0017_02,{'PART_05': 15},11520.0,1.1808217127458773,1.1537327282118026,0.026057347670250895,0.0010316368638239339,0.2,0.2564102564102564,0.6,0.3,0.1,0.03,0.1,0.2,0.1,0.006,2.0,1200.0,0.6228520020065008,,,,
kitting_completed,10930.000000000013,AGV_10,TOTE_0570,station_3,KIT_0018_01,,,,,,,,,,,,,,,,,,,,{'PART_06': 30},False,,
dispatch,10932.000000000011,AGV_07,TOTE_0231,station_3,KIT_0018_01,{'PART_03': 200},11520.0,1.1904687876825655,1.1548157912875197,0.028585858585858586,0.00706713780918728,0.2,0.2512820512820513,0.6,0.3,0.1,0.03,0.1,0.2,0.1,0.006,2.0,1200.0,0.6291530674813341,,,,
dispatch,10932.666666666682,AGV_01,TOTE_0816,station_2,KIT_0016_02,{'PART_09': 40},11520.0,1.1666662924685838,1.154993853796145,0.008116883116883116,0.0035555555555555557,0.2,0.2512820512820513,0.6,0.3,0.1,0.03,0.1,0.2,0.1,0.006,2.0,1200.0,0.614871570352945,,,,
dispatch,10934.000000000011,AGV_08,TOTE_0417,station_2,KIT_0016_02,{'PART_05': 90},11520.0,1.171471117950655,1.1553479042467962,0.007828282828282827,0.008294930875576038,0.2,0.30256410256410254,0.6,0.3,0.1,0.03,0.1,0.2,0.1,0.006,2.0,1200.0,0.6126262605139827,,,,
kitting_started,10934.666666666682,AGV_09,TOTE_0588,station_3,KIT_0018_01,,,,,,,,,,,,,,,,,,,,,,,
kitting_started,10940.000000000011,AGV_05,TOTE_0915,station_4,KIT_0017_02,,,,,,,,,,,,,,,,,,,,,,,
kitting_completed,10944.666666666682,AGV_09,TOTE_0588,station_3,KIT_0018_01,,,,,,,,,,,,,,,,,,,,{'PART_06': 30},False,,
dispatch,10944.666666666682,AGV_04,TOTE_0081,station_3,KIT_0018_01,{'PART_01': 70},11520.0,1.1873103334019695,1.158083079878138,0.026565656565656563,0.002661596958174905,0.2,0.28717948717948716,0.6,0.3,0.1,0.03,0.1,0.2,0.1,0.006,2.0,1200.0,0.623668251323233,,,,
kitting_completed,10950.000000000011,AGV_05,TOTE_0915,station_4,KIT_0017_02,,,,,,,,,,,,,,,,,,,,{'PART_05': 15},False,,
dispatch,10950.000000000011,AGV_10,TOTE_0843,station_4,KIT_0017_02,{'PART_02': 20},11520.0,1.1865663276856047,1.1593879431543317,0.02578853046594982,0.0013898540653231413,0.2,0.2564102564102564,0.6,0.3,0.1,0.03,0.1,0.2,0.1,0.006,2.0,1200.0,0.626298770970337,,,,
kitting_started,10951.333333333345,AGV_03,TOTE_0933,station_4,KIT_0017_02,,,,,,,,,,,,,,,,,,,,,,,
kitting_started,10953.333333333345,AGV_07,TOTE_0231,station_3,KIT_0018_01,,,,,,,,,,,,,,,,,,,,,,,
kitting_started,10954.000000000016,AGV_01,TOTE_0816,station_2,KIT_0016_02,,,,,,,,,,,,,,,,,,,,,,,
kitting_completed,10961.333333333345,AGV_03,TOTE_0933,station_4,KIT_0017_02,,,,,,,,,,,,,,,,,,,,{'PART_05': 15},False,,
dispatch,10963.333333333348,AGV_09,TOTE_0951,station_4,KIT_0017_02,{'PART_05': 15},11520.0,1.1889642653813544,1.1624770754020415,0.025430107526881723,0.0010570824524312897,0.2,0.2564102564102564,0.6,0.3,0.1,0.03,0.1,0.2,0.1,0.006,2.0,1200.0,0.6277375335877869,,,,
kitting_completed,10964.000000000016,AGV_01,TOTE_0816,station_2,KIT_0016_02,,,,,,,,,,,,,,,,,,,,{'PART_09': 40},False,,
kitting_started,10965.33333333335,AGV_08,TOTE_0417,station_2,KIT_0016_02,,,,,,,,,,,,,,,,,,,,,,,
kitting_completed,10967.33333333335,AGV_06,TOTE_0381,station_1,KIT_0017_01,,,,,,,,,,,,,,,,,,,,{'PART_05': 90},False,,
kitting_started,10968.666666666684,AGV_02,TOTE_0399,station_1,KIT_0017_01,,,,,,,,,,,,,,,,,,,,,,,
dispatch,10970.000000000011,AGV_05,TOTE_0435,station_1,KIT_0017_01,{'PART_05': 90},11520.0,1.189231258899579,1.1639333208786364,0.013774250440917105,0.011523687580025609,0.2,0.3333333333333333,0.6,0.3,0.1,0.03,0.1,0.2,0.1,0.006,2.0,1200.0,0.620205422006414,,,,
kitting_started,10973.333333333345,AGV_10,TOTE_0843,station_4,KIT_0017_02,,,,,,,,,,,,,,,,,,,,,,,
dispatch,10981.333333333345,AGV_03,TOTE_0969,station_2,KIT_0016_02,{'PART_05': 15},11520.0,1.1749681486170471,1.1662816787496728,0.00717893217893218,0.001507537688442211,0.2,0.3128205128205128,0.6,0.3,0.1,0.03,0.1,0.2,0.1,0.006,2.0,1200.0,0.6136988378881769,,,,
kitting_completed,10983.333333333345,AGV_10,TOTE_0843,station_4,KIT_0017_02,,,,,,,,,,,,,,,,,,,,{'PART_02': 20},False,,
dispatch,10985.33333333335,AGV_01,TOTE_0987,station_4,KIT_0017_02,{'PART_05': 15},11520.0,1.193303499270707,1.1670738328797503,0.025161290322580646,0.0010683760683760685,0.2,0.3076923076923077,0.6,0.3,0.1,0.03,0.1,0.2,0.1,0.006,2.0,1200.0,0.6252128687931934,,,,
kitting_started,10986.666666666682,AGV_09,TOTE_0951,station_4,KIT_0017_02,,,,,,,,,,,,,,,,,,,,,,,
kitting_completed,10993.333333333345,AGV_07,TOTE_0231,station_3,KIT_0018_01,,,,,,,,,,,,,,,,,,,,{'PART_03': 200},False,,
dispatch,10993.333333333345,AGV_06,TOTE_0693,station_3,KIT_0018_01,{'PART_03': 50},11520.0,1.1964149644423427,1.168603253583757,0.025858585858585855,0.001953125,0.2,0.3128205128205128,0.6,0.3,0.1,0.03,0.1,0.2,0.1,0.006,2.0,1200.0,0.6265669273833543,,,,
kitting_started,10994.666666666679,AGV_04,TOTE_0081,station_3,KIT_0018_01,,,,,,,,,,,,,,,,,,,,,,,
kitting_completed,10996.666666666682,AGV_09,TOTE_0951,station_4,KIT_0017_02,,,,,,,,,,,,,,,,,,,,{'PART_05': 15},False,,
dispatch,11003.333333333345,AGV_10,TOTE_0015,station_4,KIT_0017_02,{'PART_01': 10},11520.0,1.196028788012694,1.170416372489807,0.02489247311827957,0.0007199424046076315,0.2,0.23076923076923078,0.6,0.3,0.1,0.03,0.1,0.2,0.1,0.006,2.0,1200.0,0.6345403497306933,,,,
kitting_started,11015.33333333335,AGV_01,TOTE_0987,station_4,KIT_0017_02,,,,,,,,,,,,,,,,,,,,,,,
kitting_completed,11025.33333333335,AGV_08,TOTE_0417,station_2,KIT_0016_02,,,,,,,,,,,,,,,,,,,,{'PART_05': 90},False,,
kitting_completed,11025.33333333335,AGV_01,TOTE_0987,station_4,KIT_0017_02,,,,,,,,,,,,,,,,,,,,{'PART_05': 15},False,,
dispatch,11025.33333333335,AGV_09,TOTE_0609,station_4,KIT_0017_02,{'PART_01': 10},11520.0,1.199486292082467,1.17404786727201,0.02471326164874552,0.0007251631617113852,0.2,0.23076923076923078,0.6,0.3,0.1,0.03,0.1,0.2,0.1,0.006,2.0,1200.0,0.6366148521725571,,,,
dispatch,11025.33333333335,AGV_07,TOTE_0582,station_2,KIT_0016_02,{'PART_05': 15},11520.0,1.182649186587615,1.17404786727201,0.007070707070707071,0.0015306122448979593,0.2,0.3282051282051282,0.6,0.3,0.1,0.03,0.1,0.2,0.1,0.006,2.0,1200.0,0.6167689991320562,,,,
kitting_started,11026.666666666684,AGV_03,TOTE_0969,station_2,KIT_0016_02,,,,,,,,,,,,,,,,,,,,,,,
kitting_started,11026.666666666684,AGV_10,TOTE_0015,station_4,KIT_0017_02,,,,,,,,,,,,,,,,,,,,,,,
kitting_completed,11028.666666666684,AGV_02,TOTE_0399,station_1,KIT_0017_01,,,,,,,,,,,,,,,,,,,,{'PART_05': 90},False,,
kitting_started,11030.000000000018,AGV_05,TOTE_0435,station_1,KIT_0017_01,,,,,,,,,,,,,,,,,,,,,,,
kitting_completed,11036.666666666684,AGV_03,TOTE_0969,station_2,KIT_0016_02,,,,,,,,,,,,,,,,,,,,{'PART_05': 15},False,,
kitting_completed,11036.666666666684,AGV_10,TOTE_0015,station_4,KIT_0017_02,,,,,,,,,,,,,,,,,,,,{'PART_01': 10},False,,
kitting_started,11045.33333333335,AGV_09,TOTE_0609,station_4,KIT_0017_02,,,,,,,,,,,,,,,,,,,,,,,
dispatch,11045.33333333335,AGV_01,TOTE_0627,station_4,KIT_0017_02,{'PART_01': 10},11520.0,1.2022279945347847,1.1769634841656536,0.024534050179211467,0.0007304601899196495,0.2,0.23076923076923078,0.6,0.3,0.1,0.03,0.1,0.2,0.1,0.006,2.0,1200.0,0.6382598736439477,,,,
dispatch,11048.666666666684,AGV_02,TOTE_0453,station_1,KIT_0017_01,{'PART_05': 90},11520.0,1.2026282902651593,1.1774167393854946,0.012186948853615518,0.013024602026049204,0.2,0.23076923076923078,0.6,0.3,0.1,0.03,0.1,0.2,0.1,0.006,2.0,1200.0,0.6385000510821724,,,,
dispatch,11050.000000000016,AGV_08,TOTE_0618,station_2,KIT_0016_02,{'PART_05': 15},11520.0,1.186112436737356,1.1775955506297962,0.0069624819624819635,0.0015544041450777204,0.2,0.27692307692307694,0.6,0.3,0.1,0.03,0.1,0.2,0.1,0.006,2.0,1200.0,0.6239751543501058,,,,
kitting_completed,11055.33333333335,AGV_09,TOTE_0609,station_4,KIT_0017_02,,,,,,,,,,,,,,,,,,,,{'PART_01': 10},False,,
kitting_started,11056.666666666684,AGV_07,TOTE_0582,station_2,KIT_0016_02,,,,,,,,,,,,,,,,,,,,,,,
dispatch,11056.666666666684,AGV_10,TOTE_0645,station_4,KIT_0017_02,{'PART_01': 10},11520.0,1.2035593962421127,1.178468722359514,0.024354838709677418,0.0007358351729212656,0.2,0.23076923076923078,0.6,0.3,0.1,0.03,0.1,0.2,0.1,0.006,2.0,1200.0,0.6390587146683445,,,,
kitting_completed,11064.666666666679,AGV_04,TOTE_0081,station_3,KIT_0018_01,,,,,,,,,,,,,,,,,,,,{'PART_01': 70},False,,
dispatch,11064.666666666679,AGV_03,TOTE_0249,station_3,KIT_0018_01,{'PART_03': 200},11520.0,1.2127936523664429,1.1794719895228676,0.025353535353535354,0.00796812749003984,0.2,0.2512820512820513,0.6,0.3,0.1,0.03,0.1,0.2,0.1,0.006,2.0,1200.0,0.6425479862916605,,,,
kitting_started,11065.33333333335,AGV_01,TOTE_0627,station_4,KIT_0017_02,,,,,,,,,,,,,,,,,,,,,,,
kitting_started,11066.000000000013,AGV_06,TOTE_0693,station_3,KIT_0018_01,,,,,,,,,,,,,,,,,,,,,,,
kitting_completed,11066.666666666684,AGV_07,TOTE_0582,station_2,KIT_0016_02,,,,,,,,,,,,,,,,,,,,{'PART_05': 15},False,,
kitting_started,11074.666666666684,AGV_08,TOTE_0618,station_2,KIT_0016_02,,,,,,,,,,,,,,,,,,,,,,,
kitting_completed,11075.33333333335,AGV_01,TOTE_0627,station_4,KIT_0017_02,,,,,,,,,,,,,,,,,,,,{'PART_01': 10},False,,
dispatch,11075.33333333335,AGV_09,TOTE_0663,station_4,KIT_0017_02,{'PART_01': 10},11520.0,1.2056546549147276,1.180737737830255,0.02417562724014337,0.0007412898443291327,0.2,0.23076923076923078,0.6,0.3,0.1,0.03,0.1,0.2,0.1,0.006,2.0,1200.0,0.6403158698719135,,,,
kitting_completed,11076.000000000013,AGV_06,TOTE_0693,station_3,KIT_0018_01,,,,,,,,,,,,,,,,,,,,{'PART_03': 50},False,,
kitting_started,11076.666666666684,AGV_10,TOTE_0645,station_4,KIT_0017_02,,,,,,,,,,,,,,,,,,,,,,,
kitting_completed,11084.666666666684,AGV_08,TOTE_0618,station_2,KIT_0016_02,,,,,,,,,,,,,,,,,,,,{'PART_05': 15},False,,
kitting_started,11086.000000000013,AGV_03,TOTE_0249,station_3,KIT_0018_01,,,,,,,,,,,,,,,,,,,,,,,
dispatch,11086.666666666679,AGV_04,TOTE_0459,station_3,KIT_0018_01,{'PART_06': 30},11520.0,1.206629665753349,1.1819976311213143,0.023333333333333334,0.001298701298701299,0.2,0.26153846153846155,0.6,0.3,0.1,0.03,0.1,0.2,0.1,0.006,2.0,1200.0,0.6378239532981633,,,,
kitting_completed,11086.666666666684,AGV_10,TOTE_0645,station_4,KIT_0017_02,,,,,,,,,,,,,,,,,,,,{'PART_01': 10},False,,
dispatch,11088.000000000018,AGV_07,TOTE_0861,station_4,KIT_0017_02,{'PART_01': 10},11520.0,1.2068835984818531,1.1821403567216993,0.02399641577060932,0.0007468259895444362,0.2,0.3076923076923077,0.6,0.3,0.1,0.03,0.1,0.2,0.1,0.006,2.0,1200.0,0.633360928319881,,,,
kitting_completed,11090.000000000018,AGV_05,TOTE_0435,station_1,KIT_0017_01,,,,,,,,,,,,,,,,,,,,{'PART_05': 90},False,,
kitting_started,11091.333333333352,AGV_02,TOTE_0453,station_1,KIT_0017_01,,,,,,,,,,,,,,,,,,,,,,,
kitting_started,11095.33333333335,AGV_09,TOTE_0663,station_4,KIT_0017_02,,,,,,,,,,,,,,,,,,,,,,,
dispatch,11095.33333333335,AGV_01,TOTE_0093,station_1,KIT_0017_01,{'PART_01': 70},11520.0,1.2051523590736386,1.1829054572316176,0.010599647266313931,0.011647254575707155,0.2,0.3333333333333333,0.6,0.3,0.1,0.03,0.1,0.2,0.1,0.006,2.0,1200.0,0.6297580821108498,,,,
dispatch,11098.000000000013,AGV_06,TOTE_0636,station_2,KIT_0016_02,{'PART_05': 15},11520.0,1.1916087174888323,1.1831755132661543,0.006854256854256855,0.0015789473684210528,0.2,0.27692307692307694,0.6,0.3,0.1,0.03,0.1,0.2,0.1,0.006,2.0,1200.0,0.6272729228009917,,,,
kitting_completed,11105.33333333335,AGV_09,TOTE_0663,station_4,KIT_0017_02,,,,,,,,,,,,,,,,,,,,{'PART_01': 10},False,,
dispatch,11106.000000000018,AGV_08,TOTE_0879,station_4,KIT_0017_02,{'PART_01': 10},11520.0,1.2085301174479175,1.183960467699137,0.023817204301075267,0.0007524454477050415,0.2,0.3076923076923077,0.6,0.3,0.1,0.03,0.1,0.2,0.1,0.006,2.0,1200.0,0.6343488396995197,,,,
dispatch,11106.666666666684,AGV_10,TOTE_0654,station_2,KIT_0016_02,{'PART_05': 15},11520.0,1.192374520801404,1.184024210980506,0.006746031746031746,0.0016042780748663104,0.2,0.3282051282051282,0.6,0.3,0.1,0.03,0.1,0.2,0.1,0.006,2.0,1200.0,0.6226041996603295,,,,
kitting_started,11118.000000000018,AGV_07,TOTE_0861,station_4,KIT_0017_02,,,,,,,,,,,,,,,,,,,,,,,
kitting_started,11122.66666666668,AGV_06,TOTE_0636,station_2,KIT_0016_02,,,,,,,,,,,,,,,,,,,,,,,
kitting_completed,11126.000000000013,AGV_03,TOTE_0249,station_3,KIT_0018_01,,,,,,,,,,,,,,,,,,,,{'PART_03': 200},False,,
dispatch,11126.000000000013,AGV_09,TOTE_0555,station_3,KIT_0018_01,{'PART_06': 30},11520.0,1.2101130717220578,1.1857669792180707,0.023030303030303033,0.0013157894736842105,0.2,0.2512820512820513,0.6,0.3,0.1,0.03,0.1,0.2,0.1,0.006,2.0,1200.0,0.6409396379050296,,,,
kitting_started,11127.333333333347,AGV_04,TOTE_0459,station_3,KIT_0018_01,,,,,,,,,,,,,,,,,,,,,,,
kitting_completed,11128.000000000018,AGV_07,TOTE_0861,station_4,KIT_0017_02,,,,,,,,,,,,,,,,,,,,{'PART_01': 10},False,,
dispatch,11128.000000000018,AGV_05,TOTE_0897,station_4,KIT_0017_02,{'PART_01': 10},11520.0,1.2103322292044851,1.1859360862592214,0.023637992831541218,0.000758150113722517,0.2,0.3333333333333333,0.6,0.3,0.1,0.03,0.1,0.2,0.1,0.006,2.0,1200.0,0.6328660041893578,,,,
kitting_completed,11132.66666666668,AGV_06,TOTE_0636,station_2,KIT_0016_02,,,,,,,,,,,,,,,,,,,,{'PART_05': 15},False,,
kitting_started,11136.000000000018,AGV_08,TOTE_0879,station_4,KIT_0017_02,,,,,,,,,,,,,,,,,,,,,,,
kitting_completed,11137.333333333347,AGV_04,TOTE_0459,station_3,KIT_0018_01,,,,,,,,,,,,,,,,,,,,{'PART_06': 30},False,,
kitting_started,11138.000000000018,AGV_10,TOTE_0654,station_2,KIT_0016_02,,,,,,,,,,,,,,,,,,,,,,,
kitting_completed,11146.000000000018,AGV_08,TOTE_0879,station_4,KIT_0017_02,,,,,,,,,,,,,,,,,,,,{'PART_01': 10},False,,
kitting_started,11147.333333333347,AGV_09,TOTE_0555,station_3,KIT_0018_01,,,,,,,,,,,,,,,,,,,,,,,
dispatch,11147.333333333347,AGV_03,TOTE_0666,station_4,KIT_0017_02,{'PART_10': 25},11520.0,1.2128396686925587,1.1874710324795203,0.023458781362007165,0.0019098548510313217,0.2,0.2564102564102564,0.6,0.3,0.1,0.03,0.1,0.2,0.1,0.006,2.0,1200.0,0.6420627755745095,,,,
kitting_completed,11148.000000000018,AGV_10,TOTE_0654,station_2,KIT_0016_02,,,,,,,,,,,,,,,,,,,,{'PART_05': 15},False,,
dispatch,11148.000000000018,AGV_07,TOTE_0861,station_3,KIT_0018_01,{'PART_01': 10},11520.0,1.2106925908322674,1.1875208736605503,0.022727272727272728,0.00044444444444444447,0.2,0.2512820512820513,0.6,0.3,0.1,0.03,0.1,0.2,0.1,0.006,2.0,1200.0,0.6412873493711553,,,,
kitting_completed,11151.333333333352,AGV_02,TOTE_0453,station_1,KIT_0017_01,,,,,,,,,,,,,,,,,,,,{'PART_05': 90},False,,
kitting_started,11152.666666666686,AGV_01,TOTE_0093,station_1,KIT_0017_01,,,,,,,,,,,,,,,,,,,,,,,
dispatch,11154.000000000015,AGV_06,TOTE_0744,station_1,KIT_0017_01,{'PART_10': 25},11520.0,1.2020338233776897,1.1879606460841734,0.009365079365079366,0.004708097928436912,0.2,0.23076923076923078,0.6,0.3,0.1,0.03,0.1,0.2,0.1,0.006,2.0,1200.0,0.6381433709496908,,,,
kitting_completed,11157.333333333347,AGV_09,TOTE_0555,station_3,KIT_0018_01,,,,,,,,,,,,,,,,,,,,{'PART_06': 30},False,,
dispatch,11159.333333333347,AGV_04,TOTE_0549,station_3,KIT_0018_01,{'PART_06': 30},11520.0,1.212304118466921,1.1883385701263727,0.022626262626262626,0.0013392857142857143,0.2,0.26153846153846155,0.6,0.3,0.1,0.03,0.1,0.2,0.1,0.006,2.0,1200.0,0.6412286249263064,,,,
kitting_started,11161.333333333352,AGV_05,TOTE_0897,station_4,KIT_0017_02,,,,,,,,,,,,,,,,,,,,,,,
dispatch,11166.000000000018,AGV_08,TOTE_0834,station_2,KIT_0016_02,{'PART_05': 15},11520.0,1.1970626303674246,1.1887943889470094,0.006637806637806638,0.0016304347826086958,0.2,0.3282051282051282,0.6,0.3,0.1,0.03,0.1,0.2,0.1,0.006,2.0,1200.0,0.625417065399942,,,,
kitting_started,11169.333333333352,AGV_07,TOTE_0861,station_3,KIT_0018_01,,,,,,,,,,,,,,,,,,,,,,,
dispatch,11169.333333333352,AGV_10,TOTE_0852,station_2,KIT_0016_02,{'PART_05': 15},11520.0,1.1972026337760695,1.189015593682952,0.006529581529581529,0.0016574585635359116,0.2,0.2512820512820513,0.6,0.3,0.1,0.03,0.1,0.2,0.1,0.006,2.0,1200.0,0.6331933751374366,,,,
kitting_completed,11171.333333333352,AGV_05,TOTE_0897,station_4,KIT_0017_02,,,,,,,,,,,,,,,,,,,,{'PART_01': 10},False,,
dispatch,11171.333333333352,AGV_02,TOTE_0879,station_4,KIT_0017_02,{'PART_01': 10},11520.0,1.2129357902756546,1.1891462213881057,0.023010752688172043,0.0007788161993769471,0.2,0.3333333333333333,0.6,0.3,0.1,0.03,0.1,0.2,0.1,0.006,2.0,1200.0,0.6344281408320595,,,,
kitting_started,11172.666666666686,AGV_03,TOTE_0666,station_4,KIT_0017_02,,,,,,,,,,,,,,,,,,,,,,,
kitting_completed,11179.333333333352,AGV_07,TOTE_0861,station_3,KIT_0018_01,,,,,,,,,,,,,,,,,,,,{'PART_01': 10},False,,
dispatch,11179.333333333352,AGV_09,TOTE_0198,station_3,KIT_0018_01,{'PART_03': 200},11520.0,1.2210264323351208,1.1896534262562324,0.022323232323232325,0.00904977375565611,0.2,0.3282051282051282,0.6,0.3,0.1,0.03,0.1,0.2,0.1,0.006,2.0,1200.0,0.6397953465805597,,,,
kitting_started,11181.333333333347,AGV_04,TOTE_0549,station_3,KIT_0018_01,,,,,,,,,,,,,,,,,,,,,,,
kitting_completed,11182.666666666686,AGV_03,TOTE_0666,station_4,KIT_0017_02,,,,,,,,,,,,,,,,,,,,{'PART_10': 25},False,,
kitting_started,11190.666666666686,AGV_10,TOTE_0852,station_2,KIT_0016_02,,,,,,,,,,,,,,,,,,,,,,,
kitting_completed,11191.333333333347,AGV_04,TOTE_0549,station_3,KIT_0018_01,,,,,,,,,,,,,,,,,,,,{'PART_06': 30},False,,
dispatch,11191.333333333352,AGV_05,TOTE_0897,station_4,KIT_0017_02,{'PART_01': 10},11520.0,1.2139867306468917,1.1903702600718957,0.022831541218637993,0.0007849293563579277,0.2,0.23076923076923078,0.6,0.3,0.1,0.03,0.1,0.2,0.1,0.006,2.0,1200.0,0.6453151153112119,,,,
kitting_completed,11200.666666666686,AGV_10,TOTE_0852,station_2,KIT_0016_02,,,,,,,,,,,,,,,,,,,,{'PART_05': 15},False,,
dispatch,11200.666666666686,AGV_07,TOTE_0216,station_3,KIT_0018_01,{'PART_03': 200},11520.0,1.2211466494953618,1.1908933704361127,0.0203030303030303,0.009950248756218907,0.2,0.3282051282051282,0.6,0.3,0.1,0.03,0.1,0.2,0.1,0.006,2.0,1200.0,0.6398674768767043,,,,
kitting_started,11202.00000000002,AGV_08,TOTE_0834,station_2,KIT_0016_02,,,,,,,,,,,,,,,,,,,,,,,
dispatch,11202.666666666686,AGV_03,TOTE_0870,station_2,KIT_0016_02,{'PART_05': 15},11520.0,1.1991084737198565,1.1910017240400732,0.006421356421356421,0.0016853932584269663,0.2,0.35384615384615387,0.6,0.3,0.1,0.03,0.1,0.2,0.1,0.006,2.0,1200.0,0.6240804688472985,,,,
kitting_started,11204.666666666686,AGV_02,TOTE_0879,station_4,KIT_0017_02,,,,,,,,,,,,,,,,,,,,,,,
kitting_started,11207.333333333354,AGV_09,TOTE_0198,station_3,KIT_0018_01,,,,,,,,,,,,,,,,,,,,,,,
kitting_completed,11212.00000000002,AGV_08,TOTE_0834,station_2,KIT_0016_02,,,,,,,,,,,,,,,,,,,,{'PART_05': 15},False,,
dispatch,11213.333333333347,AGV_04,TOTE_0888,station_2,KIT_0016_02,{'PART_05': 15},11520.0,1.199585674700177,1.19155825767276,0.006313131313131312,0.0017142857142857144,0.2,0.27692307692307694,0.6,0.3,0.1,0.03,0.1,0.2,0.1,0.006,2.0,1200.0,0.6320590971277984,,,,
kitting_completed,11214.666666666686,AGV_02,TOTE_0879,station_4,KIT_0017_02,,,,,,,,,,,,,,,,,,,,{'PART_01': 10},False,,
kitting_started,11216.00000000002,AGV_05,TOTE_0897,station_4,KIT_0017_02,,,,,,,,,,,,,,,,,,,,,,,
dispatch,11222.00000000002,AGV_10,TOTE_0756,station_4,KIT_0017_02,{'PART_10': 25},11520.0,1.2166152314568262,1.1919850536064565,0.02265232974910394,0.001977848101265823,0.2,0.3333333333333333,0.6,0.3,0.1,0.03,0.1,0.2,0.1,0.006,2.0,1200.0,0.6366358055407623,,,,
kitting_completed,11222.666666666686,AGV_01,TOTE_0093,station_1,KIT_0017_01,,,,,,,,,,,,,,,,,,,,{'PART_01': 70},False,,
kitting_started,11224.00000000002,AGV_06,TOTE_0744,station_1,KIT_0017_01,,,,,,,,,,,,,,,,,,,,,,,
kitting_completed,11226.00000000002,AGV_05,TOTE_0897,station_4,KIT_0017_02,,,,,,,,,,,,,,,,,,,,{'PART_01': 10},False,,
dispatch,11233.333333333354,AGV_08,TOTE_0762,station_1,KIT_0017_01,{'PART_10': 25},11520.0,1.2063757252428366,1.1925108515228904,0.008924162257495588,0.004940711462450593,0.2,0.23076923076923078,0.6,0.3,0.1,0.03,0.1,0.2,0.1,0.006,2.0,1200.0,0.6407485120687789,,,,
kitting_completed,11234.00000000002,AGV_06,TOTE_0744,station_1,KIT_0017_01,,,,,,,,,,,,,,,,,,,,{'PART_10': 25},False,,
dispatch,11234.666666666686,AGV_02,TOTE_0879,station_4,KIT_0017_02,{'PART_01': 10},11520.0,1.21558180560582,1.1925704020285335,0.022204301075268815,0.0008071025020177562,0.2,0.23076923076923078,0.6,0.3,0.1,0.03,0.1,0.2,0.1,0.006,2.0,1200.0,0.646272160286569,,,,
kitting_started,11237.333333333354,AGV_03,TOTE_0870,station_2,KIT_0016_02,,,,,,,,,,,,,,,,,,,,,,,
dispatch,11242.666666666686,AGV_01,TOTE_0561,station_1,KIT_0017_01,{'PART_05': 15},11520.0,1.2045196596525167,1.192917911384102,0.008483245149911816,0.0031185031185031187,0.2,0.23076923076923078,0.6,0.3,0.1,0.03,0.1,0.2,0.1,0.006,2.0,1200.0,0.639634872714587,,,,
kitting_completed,11247.333333333354,AGV_09,TOTE_0198,station_3,KIT_0018_01,,,,,,,,,,,,,,,,,,,,{'PART_03': 200},False,,
kitting_completed,11247.333333333354,AGV_03,TOTE_0870,station_2,KIT_0016_02,,,,,,,,,,,,,,,,,,,,{'PART_05': 15},False,,
dispatch,11247.333333333354,AGV_05,TOTE_0897,station_3,KIT_0018_01,{'PART_01': 10},11520.0,1.2119483983395707,1.1931130838688973,0.018282828282828283,0.0005524861878453039,0.2,0.2512820512820513,0.6,0.3,0.1,0.03,0.1,0.2,0.1,0.006,2.0,1200.0,0.6420408338755372,,,,
kitting_started,11248.666666666688,AGV_07,TOTE_0216,station_3,KIT_0018_01,,,,,,,,,,,,,,,,,,,,,,,
kitting_started,11248.666666666688,AGV_04,TOTE_0888,station_2,KIT_0016_02,,,,,,,,,,,,,,,,,,,,,,,
kitting_started,11253.333333333354,AGV_08,TOTE_0762,station_1,KIT_0017_01,,,,,,,,,,,,,,,,,,,,,,,
dispatch,11254.00000000002,AGV_06,TOTE_0834,station_2,KIT_0016_02,{'PART_05': 15},11520.0,1.201331717717215,1.193382625465797,0.006204906204906204,0.0017441860465116279,0.2,0.2512820512820513,0.6,0.3,0.1,0.03,0.1,0.2,0.1,0.006,2.0,1200.0,0.6356708255021237,,,,
kitting_started,11254.666666666686,AGV_02,TOTE_0879,station_4,KIT_0017_02,,,,,,,,,,,,,,,,,,,,,,,
kitting_completed,11258.666666666688,AGV_04,TOTE_0888,station_2,KIT_0016_02,,,,,,,,,,,,,,,,,,,,{'PART_05': 15},False,,
kitting_completed,11263.333333333354,AGV_08,TOTE_0762,station_1,KIT_0017_01,,,,,,,,,,,,,,,,,,,,{'PART_10': 25},False,,
kitting_completed,11264.666666666686,AGV_02,TOTE_0879,station_4,KIT_0017_02,,,,,,,,,,,,,,,,,,,,{'PART_01': 10},False,,
kitting_started,11264.666666666688,AGV_01,TOTE_0561,station_1,KIT_0017_01,,,,,,,,,,,,,,,,,,,,,,,
kitting_started,11266.00000000002,AGV_10,TOTE_0756,station_4,KIT_0017_02,,,,,,,,,,,,,,,,,,,,,,,
dispatch,11268.666666666688,AGV_03,TOTE_0780,station_1,KIT_0017_01,{'PART_10': 25},11520.0,1.207522627231665,1.1939391254793508,0.008218694885361552,0.0053648068669527905,0.2,0.23076923076923078,0.6,0.3,0.1,0.03,0.1,0.2,0.1,0.006,2.0,1200.0,0.641436653262076,,,,
dispatch,11272.00000000002,AGV_09,TOTE_0774,station_4,KIT_0017_02,{'PART_10': 25},11520.0,1.218118203846387,1.194058940115347,0.022025089605734766,0.0020341741253051262,0.2,0.23076923076923078,0.6,0.3,0.1,0.03,0.1,0.2,0.1,0.006,2.0,1200.0,0.6477939992309091,,,,
kitting_completed,11274.666666666688,AGV_01,TOTE_0561,station_1,KIT_0017_01,,,,,,,,,,,,,,,,,,,,{'PART_05': 15},False,,
kitting_started,11275.333333333354,AGV_06,TOTE_0834,station_2,KIT_0016_02,,,,,,,,,,,,,,,,,,,,,,,
kitting_completed,11276.00000000002,AGV_10,TOTE_0756,station_4,KIT_0017_02,,,,,,,,,,,,,,,,,,,,{'PART_10': 25},False,,
dispatch,11280.000000000022,AGV_04,TOTE_0852,station_1,KIT_0017_01,{'PART_05': 15},11520.0,1.2055160739986714,1.194336935676676,0.007777777777777778,0.0034013605442176874,0.2,0.23076923076923078,0.6,0.3,0.1,0.03,0.1,0.2,0.1,0.006,2.0,1200.0,0.6402327213222797,,,,
dispatch,11283.333333333354,AGV_08,TOTE_0792,station_4,KIT_0017_02,{'PART_10': 25},11520.0,1.2181023713037928,1.1944488984117603,0.02157706093189964,0.0020764119601328905,0.2,0.3333333333333333,0.6,0.3,0.1,0.03,0.1,0.2,0.1,0.006,2.0,1200.0,0.6375280894489425,,,,
dispatch,11284.666666666686,AGV_02,TOTE_0870,station_2,KIT_0016_02,{'PART_05': 15},11520.0,1.2023648912176292,1.194493062191954,0.006096681096681096,0.001775147928994083,0.2,0.3282051282051282,0.6,0.3,0.1,0.03,0.1,0.2,0.1,0.006,2.0,1200.0,0.6285984219100647,,,,
kitting_completed,11285.333333333354,AGV_06,TOTE_0834,station_2,KIT_0016_02,,,,,,,,,,,,,,,,,,,,{'PART_05': 15},False,,
kitting_completed,11288.666666666688,AGV_07,TOTE_0216,station_3,KIT_0018_01,,,,,,,,,,,,,,,,,,,,{'PART_03': 200},False,,
kitting_started,11288.666666666688,AGV_03,TOTE_0780,station_1,KIT_0017_01,,,,,,,,,,,,,,,,,,,,,,,
kitting_started,11290.000000000022,AGV_05,TOTE_0897,station_3,KIT_0018_01,,,,,,,,,,,,,,,,,,,,,,,
kitting_started,11292.00000000002,AGV_09,TOTE_0774,station_4,KIT_0017_02,,,,,,,,,,,,,,,,,,,,,,,
dispatch,11294.666666666688,AGV_01,TOTE_0567,station_3,KIT_0018_01,{'PART_06': 30},11520.0,1.2146617827071944,1.1948132978587096,0.01818181818181818,0.0016666666666666668,0.2,0.3128205128205128,0.6,0.3,0.1,0.03,0.1,0.2,0.1,0.006,2.0,1200.0,0.6375150183422653,,,,
dispatch,11296.00000000002,AGV_10,TOTE_0888,station_2,KIT_0016_02,{'PART_05': 15},11520.0,1.2026502516073667,1.1948545667032482,0.005988455988455987,0.0018072289156626507,0.2,0.35384615384615387,0.6,0.3,0.1,0.03,0.1,0.2,0.1,0.006,2.0,1200.0,0.6262055355798046,,,,
kitting_completed,11298.666666666688,AGV_03,TOTE_0780,station_1,KIT_0017_01,,,,,,,,,,,,,,,,,,,,{'PART_10': 25},False,,
kitting_completed,11300.000000000022,AGV_05,TOTE_0897,station_3,KIT_0018_01,,,,,,,,,,,,,,,,,,,,{'PART_01': 10},False,,
kitting_started,11300.000000000022,AGV_04,TOTE_0852,station_1,KIT_0017_01,,,,,,,,,,,,,,,,,,,,,,,
kitting_completed,11302.00000000002,AGV_09,TOTE_0774,station_4,KIT_0017_02,,,,,,,,,,,,,,,,,,,,{'PART_10': 25},False,,
dispatch,11306.666666666688,AGV_06,TOTE_0527,station_1,KIT_0017_01,{'PART_10': 125},11520.0,1.232029079469397,1.1951731289514749,0.0075132275132275125,0.02934272300469484,0.2,0.38461538461538464,0.6,0.3,0.1,0.03,0.1,0.2,0.1,0.006,2.0,1200.0,0.6407559092200997,,,,
kitting_completed,11310.000000000022,AGV_04,TOTE_0852,station_1,KIT_0017_01,,,,,,,,,,,,,,,,,,,,{'PART_05': 15},False,,
dispatch,11313.333333333354,AGV_07,TOTE_0810,station_4,KIT_0017_02,{'PART_10': 25},11520.0,1.21861162211136,1.1953621488015567,0.021129032258064517,0.0021204410517387615,0.2,0.23076923076923078,0.6,0.3,0.1,0.03,0.1,0.2,0.1,0.006,2.0,1200.0,0.6480900501898929,,,,
kitting_started,11316.00000000002,AGV_02,TOTE_0870,station_2,KIT_0016_02,,,,,,,,,,,,,,,,,,,,,,,
kitting_started,11316.666666666688,AGV_08,TOTE_0792,station_4,KIT_0017_02,,,,,,,,,,,,,,,,,,,,,,,
dispatch,11318.666666666688,AGV_03,TOTE_0585,station_3,KIT_0018_01,{'PART_06': 30},11520.0,1.2150817310054374,1.1955080278724122,0.01787878787878788,0.0016949152542372883,0.2,0.28717948717948716,0.6,0.3,0.1,0.03,0.1,0.2,0.1,0.006,2.0,1200.0,0.6403310898853136,,,,
dispatch,11321.333333333356,AGV_05,TOTE_0747,station_1,KIT_0017_01,{'PART_10': 25},11520.0,1.2091935295515497,1.1955792397357095,0.0053086419753086405,0.008305647840531562,0.2,0.3333333333333333,0.6,0.3,0.1,0.03,0.1,0.2,0.1,0.006,2.0,1200.0,0.6321827843975966,,,,
kitting_started,11323.333333333354,AGV_01,TOTE_0567,station_3,KIT_0018_01,,,,,,,,,,,,,,,,,,,,,,,
kitting_completed,11326.00000000002,AGV_02,TOTE_0870,station_2,KIT_0016_02,,,,,,,,,,,,,,,,,,,,{'PART_05': 15},False,,
dispatch,11326.00000000002,AGV_09,TOTE_0906,station_2,KIT_0016_02,{'PART_05': 15},11520.0,1.2034218797103517,1.195701158032575,0.005880230880230879,0.0018404907975460125,0.2,0.35384615384615387,0.6,0.3,0.1,0.03,0.1,0.2,0.1,0.006,2.0,1200.0,0.6266685124415956,,,,
kitting_completed,11326.666666666688,AGV_08,TOTE_0792,station_4,KIT_0017_02,,,,,,,,,,,,,,,,,,,,{'PART_10': 25},False,,
dispatch,11330.000000000022,AGV_04,TOTE_0804,station_4,KIT_0017_02,{'PART_10': 25},11520.0,1.218650364287722,1.1958029828872014,0.02068100358422939,0.0021663778162911615,0.2,0.3333333333333333,0.6,0.3,0.1,0.03,0.1,0.2,0.1,0.006,2.0,1200.0,0.6378568852393,,,,
kitting_started,11330.666666666688,AGV_10,TOTE_0888,station_2,KIT_0016_02,,,,,,,,,,,,,,,,,,,,,,,
kitting_completed,11333.333333333354,AGV_01,TOTE_0567,station_3,KIT_0018_01,,,,,,,,,,,,,,,,,,,,{'PART_06': 30},False,,
kitting_started,11333.333333333354,AGV_07,TOTE_0810,station_4,KIT_0017_02,,,,,,,,,,,,,,,,,,,,,,,
kitting_started,11340.000000000022,AGV_06,TOTE_0527,station_1,KIT_0017_01,,,,,,,,,,,,,,,,,,,,,,,
kitting_completed,11340.666666666688,AGV_10,TOTE_0888,station_2,KIT_0016_02,,,,,,,,,,,,,,,,,,,,{'PART_05': 15},False,,
kitting_completed,11343.333333333354,AGV_07,TOTE_0810,station_4,KIT_0017_02,,,,,,,,,,,,,,,,,,,,{'PART_10': 25},False,,
kitting_started,11344.000000000022,AGV_03,TOTE_0585,station_3,KIT_0018_01,,,,,,,,,,,,,,,,,,,,,,,
dispatch,11346.666666666688,AGV_08,TOTE_0108,station_4,KIT_0017_02,{'PART_02': 20},11520.0,1.2182064136588908,1.196201959563377,0.020232974910394264,0.0017714791851195751,0.2,0.23076923076923078,0.6,0.3,0.1,0.03,0.1,0.2,0.1,0.006,2.0,1200.0,0.6478469251184115,,,,
dispatch,11347.333333333354,AGV_02,TOTE_0009,station_3,KIT_0018_01,{'PART_01': 10},11520.0,1.2143675756349697,1.196217105415534,0.017575757575757574,0.0005747126436781609,0.2,0.28717948717948716,0.6,0.3,0.1,0.03,0.1,0.2,0.1,0.006,2.0,1200.0,0.639902596663033,,,,
kitting_completed,11354.000000000022,AGV_03,TOTE_0585,station_3,KIT_0018_01,,,,,,,,,,,,,,,,,,,,{'PART_06': 30},False,,
dispatch,11355.333333333354,AGV_01,TOTE_0027,station_3,KIT_0018_01,{'PART_01': 10},11520.0,1.2144469995753078,1.1963942174184794,0.017474747474747473,0.0005780346820809249,0.2,0.26153846153846155,0.6,0.3,0.1,0.03,0.1,0.2,0.1,0.006,2.0,1200.0,0.6425143535913385,,,,
kitting_started,11360.000000000022,AGV_04,TOTE_0804,station_4,KIT_0017_02,,,,,,,,,,,,,,,,,,,,,,,
kitting_started,11360.666666666688,AGV_09,TOTE_0906,station_2,KIT_0016_02,,,,,,,,,,,,,,,,,,,,,,,
dispatch,11362.000000000022,AGV_10,TOTE_0888,station_2,KIT_0016_02,{'PART_05': 15},11520.0,1.2041824716153826,1.1965354658433767,0.00577200577200577,0.001875,0.2,0.2512820512820513,0.6,0.3,0.1,0.03,0.1,0.2,0.1,0.006,2.0,1200.0,0.6373812778410244,,,,
kitting_completed,11370.000000000022,AGV_04,TOTE_0804,station_4,KIT_0017_02,,,,,,,,,,,,,,,,,,,,{'PART_10': 25},False,,
dispatch,11370.000000000022,AGV_07,TOTE_0720,station_4,KIT_0017_02,{'PART_02': 20},11520.0,1.2183756646967552,1.1966976862150593,0.019874551971326166,0.0018034265103697026,0.2,0.23076923076923078,0.6,0.3,0.1,0.03,0.1,0.2,0.1,0.006,2.0,1200.0,0.6479484757411299,,,,
kitting_completed,11370.666666666688,AGV_09,TOTE_0906,station_2,KIT_0016_02,,,,,,,,,,,,,,,,,,,,{'PART_05': 15},False,,
kitting_started,11371.333333333356,AGV_08,TOTE_0108,station_4,KIT_0017_02,,,,,,,,,,,,,,,,,,,,,,,
kitting_started,11372.666666666688,AGV_02,TOTE_0009,station_3,KIT_0018_01,,,,,,,,,,,,,,,,,,,,,,,
dispatch,11376.000000000022,AGV_03,TOTE_0924,station_2,KIT_0016_02,{'PART_05': 15},11520.0,1.2043889602349123,1.1968143515456537,0.005663780663780665,0.001910828025477707,0.2,0.27692307692307694,0.6,0.3,0.1,0.03,0.1,0.2,0.1,0.006,2.0,1200.0,0.6349410684486396,,,,
kitting_completed,11381.333333333356,AGV_08,TOTE_0108,station_4,KIT_0017_02,,,,,,,,,,,,,,,,,,,,{'PART_02': 20},False,,
kitting_completed,11382.666666666688,AGV_02,TOTE_0009,station_3,KIT_0018_01,,,,,,,,,,,,,,,,,,,,{'PART_01': 10},False,,
kitting_started,11383.333333333356,AGV_10,TOTE_0888,station_2,KIT_0016_02,,,,,,,,,,,,,,,,,,,,,,,
kitting_started,11384.000000000022,AGV_01,TOTE_0027,station_3,KIT_0018_01,,,,,,,,,,,,,,,,,,,,,,,
kitting_completed,11390.000000000022,AGV_06,TOTE_0527,station_1,KIT_0017_01,,,,,,,,,,,,,,,,,,,,{'PART_10': 125},False,,
kitting_started,11390.000000000022,AGV_07,TOTE_0720,station_4,KIT_0017_02,,,,,,,,,,,,,,,,,,,,,,,
kitting_started,11391.333333333356,AGV_05,TOTE_0747,station_1,KIT_0017_01,,,,,,,,,,,,,,,,,,,,,,,
dispatch,11392.000000000022,AGV_09,TOTE_0855,station_3,KIT_0018_01,{'PART_01': 10},11520.0,1.2150608508991758,1.1971057181766012,0.017373737373737375,0.0005813953488372093,0.2,0.28717948717948716,0.6,0.3,0.1,0.03,0.1,0.2,0.1,0.006,2.0,1200.0,0.6403185618215568,,,,
kitting_completed,11393.333333333356,AGV_10,TOTE_0888,station_2,KIT_0016_02,,,,,,,,,,,,,,,,,,,,{'PART_05': 15},False,,
dispatch,11393.333333333356,AGV_04,TOTE_0822,station_4,KIT_0017_02,{'PART_10': 25},11520.0,1.2189405747838833,1.1971287616377593,0.019516129032258064,0.002295684113865932,0.2,0.28205128205128205,0.6,0.3,0.1,0.03,0.1,0.2,0.1,0.006,2.0,1200.0,0.6431592166652017,,,,
kitting_completed,11394.000000000022,AGV_01,TOTE_0027,station_3,KIT_0018_01,,,,,,,,,,,,,,,,,,,,{'PART_01': 10},False,,
kitting_completed,11400.000000000022,AGV_07,TOTE_0720,station_4,KIT_0017_02,,,,,,,,,,,,,,,,,,,,{'PART_02': 20},False,,
kitting_started,11400.66666666669,AGV_03,TOTE_0924,station_2,KIT_0016_02,,,,,,,,,,,,,,,,,,,,,,,
kitting_completed,11401.333333333356,AGV_05,TOTE_0747,station_1,KIT_0017_01,,,,,,,,,,,,,,,,,,,,{'PART_10': 25},False,,
dispatch,11401.333333333356,AGV_08,TOTE_0828,station_4,KIT_0017_02,{'PART_02': 20},11520.0,1.2182110228553436,1.1972632232488003,0.019068100358422935,0.0018796992481203006,0.2,0.23076923076923078,0.6,0.3,0.1,0.03,0.1,0.2,0.1,0.006,2.0,1200.0,0.6478496906362831,,,,
dispatch,11404.666666666688,AGV_02,TOTE_0024,station_1,KIT_0017_01,{'PART_01': 10},11520.0,1.2058082878896408,1.1973173746161188,0.004867724867724867,0.003623188405797102,0.2,0.2564102564102564,0.6,0.3,0.1,0.03,0.1,0.2,0.1,0.006,2.0,1200.0,0.6378439470927587,,,,
kitting_completed,11410.66666666669,AGV_03,TOTE_0924,station_2,KIT_0016_02,,,,,,,,,,,,,,,,,,,,{'PART_05': 15},False,,
dispatch,11414.66666666669,AGV_10,TOTE_0078,station_1,KIT_0017_01,{'PART_01': 10},11520.0,1.205924245279249,1.197473488758317,0.004691358024691356,0.0037593984962406013,0.2,0.23076923076923078,0.6,0.3,0.1,0.03,0.1,0.2,0.1,0.006,2.0,1200.0,0.6404776240906261,,,,
dispatch,11416.000000000022,AGV_01,TOTE_0234,station_3,KIT_0018_01,{'PART_03': 200},11520.0,1.2264622398849694,1.1974936061794936,0.01727272727272727,0.011695906432748537,0.2,0.37948717948717947,0.6,0.3,0.1,0.03,0.1,0.2,0.1,0.006,2.0,1200.0,0.6379286259822636,,,,
dispatch,11416.666666666688,AGV_06,TOTE_0509,station_2,KIT_0016_02,{'PART_09': 200},11520.0,1.2290331863119761,1.1975036047823946,0.005555555555555557,0.025974025974025972,0.2,0.35384615384615387,0.6,0.3,0.1,0.03,0.1,0.2,0.1,0.006,2.0,1200.0,0.6420352964025704,,,,
kitting_started,11416.66666666669,AGV_04,TOTE_0822,station_4,KIT_0017_02,,,,,,,,,,,,,,,,,,,,,,,
kitting_started,11417.333333333356,AGV_09,TOTE_0855,station_3,KIT_0018_01,,,,,,,,,,,,,,,,,,,,,,,
dispatch,11420.000000000022,AGV_07,TOTE_0518,station_2,KIT_0016_02,{'PART_09': 200},11520.0,1.2367532764842921,1.1975530030734922,0.004112554112554111,0.03508771929824561,0.2,0.49230769230769234,0.6,0.3,0.1,0.03,0.1,0.2,0.1,0.006,2.0,1200.0,0.6328211966598061,,,,
kitting_completed,11426.66666666669,AGV_04,TOTE_0822,station_4,KIT_0017_02,,,,,,,,,,,,,,,,,,,,{'PART_10': 25},False,,
dispatch,11426.66666666669,AGV_05,TOTE_0324,station_4,KIT_0017_02,{'PART_05': 15},11520.0,1.2177953474778396,1.1976488884492893,0.018709677419354837,0.0014367816091954023,0.2,0.3076923076923077,0.6,0.3,0.1,0.03,0.1,0.2,0.1,0.006,2.0,1200.0,0.6399079777174729,,,,
kitting_completed,11427.333333333356,AGV_09,TOTE_0855,station_3,KIT_0018_01,,,,,,,,,,,,,,,,,,,,{'PART_01': 10},False,,
kitting_started,11428.000000000022,AGV_02,TOTE_0024,station_1,KIT_0017_01,,,,,,,,,,,,,,,,,,,,,,,
kitting_started,11428.000000000024,AGV_08,TOTE_0828,station_4,KIT_0017_02,,,,,,,,,,,,,,,,,,,,,,,
dispatch,11432.000000000024,AGV_03,TOTE_0150,station_3,KIT_0018_01,{'PART_02': 20},11520.0,1.2142999146558948,1.1977228860921112,0.015252525252525252,0.0013245033112582781,0.2,0.3128205128205128,0.6,0.3,0.1,0.03,0.1,0.2,0.1,0.006,2.0,1200.0,0.6372978975114856,,,,
kitting_completed,11438.000000000022,AGV_02,TOTE_0024,station_1,KIT_0017_01,,,,,,,,,,,,,,,,,,,,{'PART_01': 10},False,,
kitting_completed,11438.000000000024,AGV_08,TOTE_0828,station_4,KIT_0017_02,,,,,,,,,,,,,,,,,,,,{'PART_02': 20},False,,
kitting_started,11439.333333333356,AGV_10,TOTE_0078,station_1,KIT_0017_01,,,,,,,,,,,,,,,,,,,,,,,
kitting_started,11444.666666666688,AGV_06,TOTE_0509,station_2,KIT_0016_02,,,,,,,,,,,,,,,,,,,,,,,
kitting_completed,11449.333333333356,AGV_10,TOTE_0078,station_1,KIT_0017_01,,,,,,,,,,,,,,,,,,,,{'PART_01': 10},False,,
dispatch,11449.333333333356,AGV_09,TOTE_0918,station_4,KIT_0017_02,{'PART_05': 15},11520.0,1.2178462651240682,1.1979476789614925,0.018440860215053763,0.0014577259475218659,0.2,0.3076923076923077,0.6,0.3,0.1,0.03,0.1,0.2,0.1,0.006,2.0,1200.0,0.6399385283052103,,,,
dispatch,11450.000000000024,AGV_04,TOTE_0005,station_1,KIT_0017_01,{'PART_01': 70},11520.0,1.2298146083732626,1.1979558671916049,0.004514991181657849,0.02734375,0.2,0.4358974358974359,0.6,0.3,0.1,0.03,0.1,0.2,0.1,0.006,2.0,1200.0,0.634299021434214,,,,
kitting_started,11450.66666666669,AGV_01,TOTE_0234,station_3,KIT_0018_01,,,,,,,,,,,,,,,,,,,,,,,
kitting_started,11456.66666666669,AGV_05,TOTE_0324,station_4,KIT_0017_02,,,,,,,,,,,,,,,,,,,,,,,
dispatch,11458.000000000022,AGV_02,TOTE_0023,station_1,KIT_0017_01,{'PART_01': 70},11520.0,1.2389664479309617,1.1980516160483878,0.0032804232804232803,0.03763440860215054,0.2,0.38461538461538464,0.6,0.3,0.1,0.03,0.1,0.2,0.1,0.006,2.0,1200.0,0.6449183302970386,,,,
kitting_completed,11466.66666666669,AGV_05,TOTE_0324,station_4,KIT_0017_02,,,,,,,,,,,,,,,,,,,,{'PART_05': 15},False,,
dispatch,11466.66666666669,AGV_08,TOTE_0936,station_4,KIT_0017_02,{'PART_05': 15},11520.0,1.2178016250424268,1.1981502920908458,0.01817204301075269,0.0014792899408284023,0.2,0.23076923076923078,0.6,0.3,0.1,0.03,0.1,0.2,0.1,0.006,2.0,1200.0,0.647604051948533,,,,
kitting_started,11479.333333333356,AGV_09,TOTE_0918,station_4,KIT_0017_02,,,,,,,,,,,,,,,,,,,,,,,
kitting_completed,11489.333333333356,AGV_09,TOTE_0918,station_4,KIT_0017_02,,,,,,,,,,,,,,,,,,,,{'PART_05': 15},False,,
dispatch,11489.333333333356,AGV_10,TOTE_0954,station_4,KIT_0017_02,{'PART_05': 15},11520.0,1.2177901177959447,1.1983853904879918,0.017903225806451612,0.0015015015015015015,0.2,0.23076923076923078,0.6,0.3,0.1,0.03,0.1,0.2,0.1,0.006,2.0,1200.0,0.6475971476006438,,,,
kitting_started,11490.000000000025,AGV_04,TOTE_0005,station_1,KIT_0017_01,,,,,,,,,,,,,,,,,,,,,,,
kitting_completed,11490.66666666669,AGV_01,TOTE_0234,station_3,KIT_0018_01,,,,,,,,,,,,,,,,,,,,{'PART_03': 200},False,,
kitting_started,11490.66666666669,AGV_08,TOTE_0936,station_4,KIT_0017_02,,,,,,,,,,,,,,,,,,,,,,,
dispatch,11490.66666666669,AGV_05,TOTE_0738,station_3,KIT_0018_01,{'PART_03': 50},11520.0,1.216804459853275,1.1983982501047834,0.015050505050505052,0.0033557046979865775,0.2,0.30256410256410254,0.6,0.3,0.1,0.03,0.1,0.2,0.1,0.006,2.0,1200.0,0.6398262656555547,,,,
kitting_started,11492.000000000024,AGV_03,TOTE_0150,station_3,KIT_0018_01,,,,,,,,,,,,,,,,,,,,,,,
kitting_completed,11494.666666666688,AGV_06,TOTE_0509,station_2,KIT_0016_02,,,,,,,,,,,,,,,,,,,,{'PART_09': 200},False,,
kitting_started,11496.000000000022,AGV_07,TOTE_0518,station_2,KIT_0016_02,,,,,,,,,,,,,,,,,,,,,,,
kitting_completed,11500.66666666669,AGV_08,TOTE_0936,station_4,KIT_0017_02,,,,,,,,,,,,,,,,,,,,{'PART_05': 15},False,,
kitting_completed,11502.000000000024,AGV_03,TOTE_0150,station_3,KIT_0018_01,,,,,,,,,,,,,,,,,,,,{'PART_02': 20},False,,
dispatch,11509.333333333356,AGV_09,TOTE_0972,station_4,KIT_0017_02,{'PART_05': 15},11520.0,1.2177266959797808,1.198567897133728,0.01763440860215054,0.001524390243902439,0.2,0.23076923076923078,0.6,0.3,0.1,0.03,0.1,0.2,0.1,0.006,2.0,1200.0,0.6475590945109454,,,,
dispatch,11515.333333333356,AGV_01,TOTE_0503,station_2,KIT_0016_02,{'PART_09': 200},11520.0,1.2553421231468014,1.1986185164231946,0.002669552669552668,0.05405405405405406,0.2,0.517948717948718,0.6,0.3,0.1,0.03,0.1,0.2,0.1,0.006,2.0,1200.0,0.641410402093209,,,,
kitting_started,11515.333333333358,AGV_05,TOTE_0738,station_3,KIT_0018_01,,,,,,,,,,,,,,,,,,,,,,,
dispatch,11520.66666666669,AGV_08,TOTE_0558,station_3,KIT_0018_01,{'PART_01': 10},11520.0,1.213901906870258,1.1986620078803587,0.014545454545454545,0.0006944444444444445,0.2,0.30256410256410254,0.6,0.3,0.1,0.03,0.1,0.2,0.1,0.006,2.0,1200.0,0.6380847338657445,,,,
kitting_started,11522.66666666669,AGV_10,TOTE_0954,station_4,KIT_0017_02,,,,,,,,,,,,,,,,,,,,,,,
kitting_completed,11525.333333333358,AGV_05,TOTE_0738,station_3,KIT_0018_01,,,,,,,,,,,,,,,,,,,,{'PART_03': 50},False,,
dispatch,11525.333333333358,AGV_06,TOTE_0209,station_3,KIT_0018_01,{'PART_03': 200},11520.0,1.2271293970968171,1.1986989386663587,0.014444444444444446,0.013986013986013988,0.2,0.3641025641025641,0.6,0.3,0.1,0.03,0.1,0.2,0.1,0.006,2.0,1200.0,0.6398673818478338,,,,
kitting_completed,11532.66666666669,AGV_10,TOTE_0954,station_4,KIT_0017_02,,,,,,,,,,,,,,,,,,,,{'PART_05': 15},False,,
dispatch,11532.66666666669,AGV_03,TOTE_0576,station_4,KIT_0017_02,{'PART_01': 10},11520.0,1.217152507966308,1.1987549248243925,0.017365591397849465,0.0010319917440660476,0.2,0.3333333333333333,0.6,0.3,0.1,0.03,0.1,0.2,0.1,0.006,2.0,1200.0,0.6369581714464515,,,,
kitting_started,11534.000000000024,AGV_09,TOTE_0972,station_4,KIT_0017_02,,,,,,,,,,,,,,,,,,,,,,,
kitting_completed,11544.000000000024,AGV_09,TOTE_0972,station_4,KIT_0017_02,,,,,,,,,,,,,,,,,,,,{'PART_05': 15},False,,
kitting_started,11545.333333333358,AGV_08,TOTE_0558,station_3,KIT_0018_01,,,,,,,,,,,,,,,,,,,,,,,
kitting_completed,11546.000000000022,AGV_07,TOTE_0518,station_2,KIT_0016_02,,,,,,,,,,,,,,,,,,,,{'PART_09': 200},False,,
dispatch,11550.000000000024,AGV_05,TOTE_0332,station_2,KIT_0016_02,{'PART_05': 90},11520.0,1.2530455960925992,1.1988778683954597,0.0012265512265512257,0.05294117647058824,0.2,0.441025641025641,0.6,0.3,0.1,0.03,0.1,0.2,0.1,0.006,2.0,1200.0,0.6477247935529955,,,,
dispatch,11552.66666666669,AGV_10,TOTE_0594,station_4,KIT_0017_02,{'PART_01': 10},11520.0,1.2171248069600542,1.1988956741641683,0.017186379928315412,0.0010427528675703858,0.2,0.23076923076923078,0.6,0.3,0.1,0.03,0.1,0.2,0.1,0.006,2.0,1200.0,0.6471979610991093,,,,
kitting_completed,11555.333333333358,AGV_08,TOTE_0558,station_3,KIT_0018_01,,,,,,,,,,,,,,,,,,,,{'PART_01': 10},False,,
kitting_started,11557.333333333356,AGV_01,TOTE_0503,station_2,KIT_0016_02,,,,,,,,,,,,,,,,,,,,,,,
kitting_started,11557.333333333358,AGV_06,TOTE_0209,station_3,KIT_0018_01,,,,,,,,,,,,,,,,,,,,,,,
kitting_completed,11560.000000000025,AGV_04,TOTE_0005,station_1,KIT_0017_01,,,,,,,,,,,,,,,,,,,,{'PART_01': 70},False,,
kitting_started,11561.33333333336,AGV_02,TOTE_0023,station_1,KIT_0017_01,,,,,,,,,,,,,,,,,,,,,,,
dispatch,11564.000000000024,AGV_09,TOTE_0041,station_1,KIT_0017_01,{'PART_01': 70},11520.0,1.261358934168353,1.1989682512029576,0.0020458553791887113,0.0603448275862069,0.2,0.48717948717948717,0.6,0.3,0.1,0.03,0.1,0.2,0.1,0.006,2.0,1200.0,0.6480974117830631,,,,
kitting_started,11566.000000000024,AGV_03,TOTE_0576,station_4,KIT_0017_02,,,,,,,,,,,,,,,,,,,,,,,
kitting_completed,11576.000000000024,AGV_03,TOTE_0576,station_4,KIT_0017_02,,,,,,,,,,,,,,,,,,,,{'PART_01': 10},False,,
kitting_started,11577.333333333358,AGV_10,TOTE_0594,station_4,KIT_0017_02,,,,,,,,,,,,,,,,,,,,,,,
dispatch,11578.000000000022,AGV_07,TOTE_0320,station_4,KIT_0017_02,{'PART_05': 90},11520.0,1.2255421914672944,1.1990513559905993,0.017007168458781363,0.009483667017913594,0.2,0.3333333333333333,0.6,0.3,0.1,0.03,0.1,0.2,0.1,0.006,2.0,1200.0,0.6419919815470433,,,,
dispatch,11580.000000000024,AGV_08,TOTE_0612,station_3,KIT_0018_01,{'PART_01': 10},11520.0,1.2122999192952486,1.199062668740925,0.012424242424242424,0.0008130081300813009,0.2,0.30256410256410254,0.6,0.3,0.1,0.03,0.1,0.2,0.1,0.006,2.0,1200.0,0.637123541320739,,,,
kitting_completed,11587.333333333358,AGV_10,TOTE_0594,station_4,KIT_0017_02,,,,,,,,,,,,,,,,,,,,{'PART_01': 10},False,,
dispatch,11587.333333333358,AGV_04,TOTE_0338,station_4,KIT_0017_02,{'PART_05': 90},11520.0,1.2249745715017155,1.1991030070836417,0.01539426523297491,0.010477299185098952,0.2,0.41025641025641024,0.6,0.3,0.1,0.03,0.1,0.2,0.1,0.006,2.0,1200.0,0.6339591018753884,,,,
kitting_completed,11597.333333333358,AGV_06,TOTE_0209,station_3,KIT_0018_01,,,,,,,,,,,,,,,,,,,,{'PART_03': 200},False,,
dispatch,11597.333333333358,AGV_03,TOTE_0630,station_3,KIT_0018_01,{'PART_01': 10},11520.0,1.2122981360751661,1.1991552316207863,0.012323232323232323,0.0008196721311475411,0.2,0.30256410256410254,0.6,0.3,0.1,0.03,0.1,0.2,0.1,0.006,2.0,1200.0,0.6371224713886894,,,,
kitting_started,11604.66666666669,AGV_07,TOTE_0320,station_4,KIT_0017_02,,,,,,,,,,,,,,,,,,,,,,,
kitting_started,11604.666666666692,AGV_08,TOTE_0612,station_3,KIT_0018_01,,,,,,,,,,,,,,,,,,,,,,,
kitting_completed,11607.333333333356,AGV_01,TOTE_0503,station_2,KIT_0016_02,,,,,,,,,,,,,,,,,,,,{'PART_09': 200},False,,
dispatch,11607.333333333358,AGV_10,TOTE_0942,station_2,KIT_0016_02,{'PART_05': 15},11520.0,1.2185316168016276,1.1992044162244269,0.0005772005772005784,0.018750000000000003,0.2,0.35384615384615387,0.6,0.3,0.1,0.03,0.1,0.2,0.1,0.006,2.0,1200.0,0.6357343546963612,,,,
kitting_started,11608.66666666669,AGV_05,TOTE_0332,station_2,KIT_0016_02,,,,,,,,,,,,,,,,,,,,,,,
kitting_completed,11614.666666666692,AGV_08,TOTE_0612,station_3,KIT_0018_01,,,,,,,,,,,,,,,,,,,,{'PART_01': 10},False,,
kitting_started,11622.000000000025,AGV_03,TOTE_0630,station_3,KIT_0018_01,,,,,,,,,,,,,,,,,,,,,,,
dispatch,11622.666666666692,AGV_06,TOTE_0461,station_3,KIT_0018_01,{'PART_06': 180},11520.0,1.2263725851198364,1.199274329839763,0.012222222222222223,0.014876033057851241,0.2,0.3128205128205128,0.6,0.3,0.1,0.03,0.1,0.2,0.1,0.006,2.0,1200.0,0.6445414997898504,,,,
kitting_completed,11631.33333333336,AGV_02,TOTE_0023,station_1,KIT_0017_01,,,,,,,,,,,,,,,,,,,,{'PART_01': 70},False,,
kitting_completed,11632.000000000025,AGV_03,TOTE_0630,station_3,KIT_0018_01,,,,,,,,,,,,,,,,,,,,{'PART_01': 10},False,,
kitting_started,11632.666666666693,AGV_09,TOTE_0041,station_1,KIT_0017_01,,,,,,,,,,,,,,,,,,,,,,,
dispatch,11639.333333333358,AGV_08,TOTE_0460,station_3,KIT_0018_01,{'PART_06': 120},11520.0,1.2213978997262944,1.1993433738853607,0.010404040404040403,0.011650485436893204,0.0,0.5692307692307692,0.6,0.3,0.1,0.03,0.1,0.2,0.1,0.006,2.0,1200.0,0.6759156629126997,,,,
dispatch,11642.66666666669,AGV_01,TOTE_0003,station_1,KIT_0017_01,{'PART_01': 10},11520.0,1.2219067915408928,1.1993563736281558,0.0008112874779541456,0.021739130434782608,0.2,0.41025641025641024,0.6,0.3,0.1,0.03,0.1,0.2,0.1,0.006,2.0,1200.0,0.6321184338988947,,,,
kitting_started,11648.000000000025,AGV_06,TOTE_0461,station_3,KIT_0018_01,,,,,,,,,,,,,,,,,,,,,,,
kitting_completed,11664.66666666669,AGV_07,TOTE_0320,station_4,KIT_0017_02,,,,,,,,,,,,,,,,,,,,{'PART_05': 90},False,,
dispatch,11664.66666666669,AGV_02,TOTE_0648,station_4,KIT_0017_02,{'PART_01': 10},11520.0,1.2145177034746513,1.1994359513504476,0.013781362007168459,0.0013003901170351106,0.2,0.23076923076923078,0.6,0.3,0.1,0.03,0.1,0.2,0.1,0.006,2.0,1200.0,0.6456336990078676,,,,
kitting_started,11666.000000000024,AGV_04,TOTE_0338,station_4,KIT_0017_02,,,,,,,,,,,,,,,,,,,,,,,
kitting_completed,11668.66666666669,AGV_05,TOTE_0332,station_2,KIT_0016_02,,,,,,,,,,,,,,,,,,,,{'PART_05': 90},False,,
dispatch,11668.66666666669,AGV_03,TOTE_0960,station_2,KIT_0016_02,{'PART_05': 15},11520.0,1.222995223863034,1.1994493253171354,0.0004689754689754699,0.023076923076923078,0.2,0.35384615384615387,0.6,0.3,0.1,0.03,0.1,0.2,0.1,0.006,2.0,1200.0,0.638412518933205,,,,
kitting_started,11670.000000000024,AGV_10,TOTE_0942,station_2,KIT_0016_02,,,,,,,,,,,,,,,,,,,,,,,
kitting_completed,11680.000000000024,AGV_10,TOTE_0942,station_2,KIT_0016_02,,,,,,,,,,,,,,,,,,,,{'PART_05': 15},False,,
dispatch,11691.333333333356,AGV_07,TOTE_0908,station_2,KIT_0016_02,{'PART_05': 15},11520.0,1.229880088669052,1.1995193383083016,0.00036075036075036145,0.03,0.2,0.3641025641025641,0.6,0.3,0.1,0.03,0.1,0.2,0.1,0.006,2.0,1200.0,0.6415177967911747,,,,
kitting_completed,11702.666666666693,AGV_09,TOTE_0041,station_1,KIT_0017_01,,,,,,,,,,,,,,,,,,,,{'PART_01': 70},False,,
dispatch,11702.666666666693,AGV_05,TOTE_0978,station_1,KIT_0017_01,{'PART_05': 6},11520.0,1.216852520139231,1.199550932837644,0.0006349206349206348,0.016666666666666666,0.32000000000000006,0.23076923076923078,0.6,0.3,0.1,0.03,0.1,0.2,0.1,0.006,2.0,1200.0,0.6110345890066156,,,,
kitting_started,11703.333333333358,AGV_03,TOTE_0960,station_2,KIT_0016_02,,,,,,,,,,,,,,,,,,,,,,,
kitting_started,11704.000000000027,AGV_01,TOTE_0003,station_1,KIT_0017_01,,,,,,,,,,,,,,,,,,,,,,,
kitting_completed,11708.000000000025,AGV_06,TOTE_0461,station_3,KIT_0018_01,,,,,,,,,,,,,,,,,,,,{'PART_06': 180},False,,
dispatch,11708.000000000025,AGV_10,TOTE_0101,station_3,KIT_0018_01,{'PART_02': 120},11520.0,1.2219438061671604,1.199565073788428,0.009191919191919194,0.013186813186813189,0.2,0.4153846153846154,0.6,0.3,0.1,0.03,0.1,0.2,0.1,0.006,2.0,1200.0,0.6316278221618348,,,,
kitting_started,11709.33333333336,AGV_08,TOTE_0460,station_3,KIT_0018_01,,,,,,,,,,,,,,,,,,,,,,,
kitting_completed,11713.333333333358,AGV_03,TOTE_0960,station_2,KIT_0016_02,,,,,,,,,,,,,,,,,,,,{'PART_05': 15},False,,
kitting_completed,11714.000000000027,AGV_01,TOTE_0003,station_1,KIT_0017_01,,,,,,,,,,,,,,,,,,,,{'PART_01': 10},False,,
kitting_started,11723.333333333356,AGV_07,TOTE_0908,station_2,KIT_0016_02,,,,,,,,,,,,,,,,,,,,,,,
kitting_completed,11726.000000000024,AGV_04,TOTE_0338,station_4,KIT_0017_02,,,,,,,,,,,,,,,,,,,,{'PART_05': 90},False,,
kitting_started,11727.333333333358,AGV_02,TOTE_0648,station_4,KIT_0017_02,,,,,,,,,,,,,,,,,,,,,,,
dispatch,11729.33333333336,AGV_09,TOTE_0926,station_2,KIT_0016_02,{'PART_05': 15},11520.0,1.2427269912568244,1.1996173231471563,0.000252525252525253,0.04285714285714286,0.2,0.3384615384615385,0.6,0.3,0.1,0.03,0.1,0.2,0.1,0.006,2.0,1200.0,0.6517900409079407,,,,
kitting_started,11732.666666666693,AGV_05,TOTE_0978,station_1,KIT_0017_01,,,,,,,,,,,,,,,,,,,,,,,
kitting_completed,11733.333333333356,AGV_07,TOTE_0908,station_2,KIT_0016_02,,,,,,,,,,,,,,,,,,,,{'PART_05': 15},False,,
dispatch,11733.33333333336,AGV_06,TOTE_0512,station_2,KIT_0016_02,{'PART_09': 10},11520.0,1.2497706972594345,1.1996263971151342,0.0001443001443001446,0.05,0.2,0.3384615384615385,0.6,0.3,0.1,0.03,0.1,0.2,0.1,0.006,2.0,1200.0,0.6560162645095069,,,,
dispatch,11734.000000000027,AGV_01,TOTE_0684,station_4,KIT_0017_02,{'PART_01': 10},11520.0,1.2145475619819275,1.1996278883876395,0.013602150537634408,0.0013175230566534915,0.2,0.358974358974359,0.6,0.3,0.1,0.03,0.1,0.2,0.1,0.006,2.0,1200.0,0.6328311012917206,,,,
dispatch,11734.666666666692,AGV_03,TOTE_0765,station_1,KIT_0017_01,{'PART_10': 13},11520.0,1.2434918075706314,1.1996293737081976,0.000529100529100529,0.043333333333333335,0.41600000000000004,0.3076923076923077,0.6,0.3,0.1,0.03,0.1,0.2,0.1,0.006,2.0,1200.0,0.590525853773148,,,,
kitting_completed,11737.333333333358,AGV_02,TOTE_0648,station_4,KIT_0017_02,,,,,,,,,,,,,,,,,,,,{'PART_01': 10},False,,
kitting_completed,11749.33333333336,AGV_08,TOTE_0460,station_3,KIT_0018_01,,,,,,,,,,,,,,,,,,,,{'PART_06': 120},False,,
kitting_started,11750.666666666693,AGV_10,TOTE_0101,station_3,KIT_0018_01,,,,,,,,,,,,,,,,,,,,,,,
dispatch,11752.66666666669,AGV_04,TOTE_0356,station_4,KIT_0017_02,{'PART_05': 90},11520.0,1.2251062725354098,1.1996673121054937,0.013422939068100357,0.012016021361815754,0.2,0.3333333333333333,0.6,0.3,0.1,0.03,0.1,0.2,0.1,0.006,2.0,1200.0,0.6417304301879126,,,,
kitting_completed,11752.666666666693,AGV_05,TOTE_0978,station_1,KIT_0017_01,,,,,,,,,,,,,,,,,,,,{'PART_05': 6},False,,
dispatch,11757.333333333358,AGV_02,TOTE_0702,station_3,KIT_0018_01,{'PART_01': 10},11520.0,1.2089221181005878,1.1996764973359797,0.00797979797979798,0.0012658227848101266,0.2,0.30256410256410254,0.6,0.3,0.1,0.03,0.1,0.2,0.1,0.006,2.0,1200.0,0.6350968606039424,,,,
kitting_started,11758.000000000027,AGV_09,TOTE_0926,station_2,KIT_0016_02,,,,,,,,,,,,,,,,,,,,,,,
dispatch,11758.66666666669,AGV_07,TOTE_0113,station_1,KIT_0017_01,{'PART_02': 12},11520.0,1.2705671337301998,1.1996790748029251,0.000299823633156967,0.07058823529411766,0.47999999999999976,0.358974358974359,0.6,0.3,0.1,0.03,0.1,0.2,0.1,0.006,2.0,1200.0,0.582442844340684,,,,
kitting_started,11761.33333333336,AGV_03,TOTE_0765,station_1,KIT_0017_01,,,,,,,,,,,,,,,,,,,,,,,
kitting_completed,11768.000000000027,AGV_09,TOTE_0926,station_2,KIT_0016_02,,,,,,,,,,,,,,,,,,,,{'PART_05': 15},False,,
kitting_started,11769.333333333361,AGV_06,TOTE_0512,station_2,KIT_0016_02,,,,,,,,,,,,,,,,,,,,,,,
kitting_started,11770.666666666693,AGV_01,TOTE_0684,station_4,KIT_0017_02,,,,,,,,,,,,,,,,,,,,,,,
dispatch,11772.666666666693,AGV_05,TOTE_0978,station_2,KIT_0016_02,{'PART_05': 9},11520.0,1.2897770792954202,1.19970492922327,7.21500721500723e-05,0.09000000000000001,-0.12000000000000005,0.2512820512820513,0.6,0.3,0.1,0.03,0.1,0.2,0.1,0.006,2.0,1200.0,0.784738042449047,,,,
kitting_completed,11780.666666666693,AGV_01,TOTE_0684,station_4,KIT_0017_02,,,,,,,,,,,,,,,,,,,,{'PART_01': 10},False,,
kitting_completed,11781.33333333336,AGV_03,TOTE_0765,station_1,KIT_0017_01,,,,,,,,,,,,,,,,,,,,{'PART_10': 13},False,,
dispatch,11781.33333333336,AGV_08,TOTE_0374,station_4,KIT_0017_02,{'PART_05': 90},11520.0,1.2251869716182717,1.1997198796303026,0.011810035842293908,0.013657056145675264,0.2,0.41025641025641024,0.6,0.3,0.1,0.03,0.1,0.2,0.1,0.006,2.0,1200.0,0.634086541945322,,,,
kitting_started,11782.000000000027,AGV_04,TOTE_0356,station_4,KIT_0017_02,,,,,,,,,,,,,,,,,,,,,,,
kitting_started,11788.666666666692,AGV_07,TOTE_0113,station_1,KIT_0017_01,,,,,,,,,,,,,,,,,,,,,,,
kitting_completed,11789.333333333361,AGV_06,TOTE_0512,station_2,KIT_0016_02,,,,,,,,,,,,,,,,,,,,{'PART_09': 10},False,,
dispatch,11793.333333333361,AGV_09,TOTE_0350,station_2,KIT_0016_02,{'PART_05': 1},11520.0,1.2997465529394514,1.1997393379322363,7.215007215007896e-06,0.1,0.05333333333333315,0.3128205128205128,0.6,0.3,0.1,0.03,0.1,0.2,0.1,0.006,2.0,1200.0,0.7325658804816196,,,,
kitting_started,11794.000000000027,AGV_05,TOTE_0978,station_2,KIT_0016_02,,,,,,,,,,,,,,,,,,,,,,,
dispatch,11800.666666666693,AGV_01,TOTE_0059,station_1,KIT_0017_01,{'PART_01': 5},11520.0,1.2998387410466359,1.199750557625119,8.81834215167554e-05,0.1,0.4,0.48717948717948717,0.6,0.3,0.1,0.03,0.1,0.2,0.1,0.006,2.0,1200.0,0.6111852959100328,,,,
kitting_completed,11808.666666666692,AGV_07,TOTE_0113,station_1,KIT_0017_01,,,,,,,,,,,,,,,,,,,,{'PART_02': 12},False,,
kitting_completed,11810.666666666693,AGV_10,TOTE_0101,station_3,KIT_0018_01,,,,,,,,,,,,,,,,,,,,{'PART_02': 120},False,,
dispatch,11810.666666666693,AGV_03,TOTE_0119,station_3,KIT_0018_01,{'PART_02': 120},11520.0,1.2230284863335241,1.199765083070121,0.00787878787878788,0.015384615384615385,0.2,0.38974358974358975,0.6,0.3,0.1,0.03,0.1,0.2,0.1,0.006,2.0,1200.0,0.6348427328257555,,,,
kitting_started,11812.000000000027,AGV_02,TOTE_0702,station_3,KIT_0018_01,,,,,,,,,,,,,,,,,,,,,,,
kitting_completed,11814.000000000027,AGV_05,TOTE_0978,station_2,KIT_0016_02,,,,,,,,,,,,,,,,,,,,{'PART_05': 9},False,,
kitting_started,11818.666666666695,AGV_09,TOTE_0350,station_2,KIT_0016_02,,,,,,,,,,,,,,,,,,,,,,,
kitting_completed,11822.000000000027,AGV_02,TOTE_0702,station_3,KIT_0018_01,,,,,,,,,,,,,,,,,,,,{'PART_01': 10},False,,
dispatch,11822.000000000027,AGV_06,TOTE_0137,station_3,KIT_0018_01,{'PART_02': 120},11520.0,1.224629010304701,1.1997805254562164,0.006666666666666666,0.018181818181818184,0.2,0.3384615384615385,0.6,0.3,0.1,0.03,0.1,0.2,0.1,0.006,2.0,1200.0,0.6409312523366668,,,,
kitting_completed,11838.666666666695,AGV_09,TOTE_0350,station_2,KIT_0016_02,,,,,,,,,,,,,,,,,,,,{'PART_05': 1},True,,
kitting_completed,11842.000000000027,AGV_04,TOTE_0356,station_4,KIT_0017_02,,,,,,,,,,,,,,,,,,,,{'PART_05': 90},False,,
dispatch,11842.000000000027,AGV_10,TOTE_0765,station_4,KIT_0017_02,{'PART_10': 12},11520.0,1.212111437909304,1.1998053421996708,0.010197132616487454,0.00210896309314587,-0.21600000000000003,0.41025641025641024,0.6,0.3,0.1,0.03,0.1,0.2,0.1,0.006,2.0,1200.0,0.7510412217199414,,,,
kitting_started,11843.333333333361,AGV_08,TOTE_0374,station_4,KIT_0017_02,,,,,,,,,,,,,,,,,,,,,,,
kitting_started,11846.000000000027,AGV_03,TOTE_0119,station_3,KIT_0018_01,,,,,,,,,,,,,,,,,,,,,,,
kitting_started,11847.333333333361,AGV_01,TOTE_0059,station_1,KIT_0017_01,,,,,,,,,,,,,,,,,,,,,,,
kitting_completed,11867.333333333361,AGV_01,TOTE_0059,station_1,KIT_0017_01,,,,,,,,,,,,,,,,,,,,{'PART_01': 5},True,,
kit_replacement,11898.666666666695,,,station_2,,,,,,,,,,,,,,,,,,,,,,,KIT_0016_02,KIT_0019_01
dispatch,11898.666666666695,AGV_02,TOTE_0113,station_2,KIT_0019_01,{'PART_02': 108},11520.0,1.2323614461950647,1.1998614461950647,0.03,0.0025000000000000005,-0.27999999999999975,0.35384615384615387,0.6,0.3,0.1,0.03,0.1,0.2,0.1,0.006,2.0,1200.0,0.7880322523324235,,,,
dispatch,11898.666666666695,AGV_04,TOTE_0059,station_2,KIT_0019_01,{'PART_01': 65},11520.0,1.2306546560716078,1.1998614461950647,0.029249999999999998,0.0015432098765432098,-0.2,0.35384615384615387,0.6,0.3,0.1,0.03,0.1,0.2,0.1,0.006,2.0,1200.0,0.7630081782583493,,,,
kitting_completed,11903.333333333361,AGV_08,TOTE_0374,station_4,KIT_0017_02,,,,,,,,,,,,,,,,,,,,{'PART_05': 90},False,,
dispatch,11903.333333333361,AGV_09,TOTE_0350,station_4,KIT_0017_02,{'PART_05': 89},11520.0,1.2258258066161285,1.199865271748719,0.009982078853046595,0.01597845601436266,0.14666666666666686,0.4358974358974359,0.6,0.3,0.1,0.03,0.1,0.2,0.1,0.006,2.0,1200.0,0.6479057403799335,,,,
kitting_started,11904.666666666695,AGV_10,TOTE_0765,station_4,KIT_0017_02,,,,,,,,,,,,,,,,,,,,,,,
kitting_completed,11906.000000000027,AGV_03,TOTE_0119,station_3,KIT_0018_01,,,,,,,,,,,,,,,,,,,,{'PART_02': 120},False,,
dispatch,11906.000000000027,AGV_07,TOTE_0155,station_3,KIT_0018_01,{'PART_02': 120},11520.0,1.227544177845131,1.1998674101683635,0.005454545454545453,0.022222222222222223,0.2,0.3641025641025641,0.6,0.3,0.1,0.03,0.1,0.2,0.1,0.006,2.0,1200.0,0.6401162502968223,,,,
kitting_started,11907.333333333361,AGV_06,TOTE_0137,station_3,KIT_0018_01,,,,,,,,,,,,,,,,,,,,,,,
kitting_completed,11924.666666666695,AGV_10,TOTE_0765,station_4,KIT_0017_02,,,,,,,,,,,,,,,,,,,,{'PART_10': 12},False,,
dispatch,11924.666666666695,AGV_01,TOTE_0392,station_4,KIT_0017_02,{'PART_05': 90},11520.0,1.2274993243647554,1.1998814583597928,0.008387096774193548,0.019230769230769232,0.2,0.41025641025641024,0.6,0.3,0.1,0.03,0.1,0.2,0.1,0.006,2.0,1200.0,0.6354739535932122,,,,
kit_replacement,11927.333333333361,,,station_1,,,,,,,,,,,,,,,,,,,,,,,KIT_0017_01,KIT_0020_01
dispatch,11927.333333333361,AGV_05,TOTE_0489,station_1,KIT_0020_01,{'PART_08': 64},11520.0,1.2335032493745928,1.1998833398723303,0.03,0.003619909502262444,-0.33333333333333354,0.2564102564102564,0.6,0.3,0.1,0.03,0.1,0.2,0.1,0.006,2.0,1200.0,0.81446092398373,,,,
dispatch,11930.000000000027,AGV_08,TOTE_0221,station_1,KIT_0020_01,{'PART_03': 200},11520.0,1.2405363078733411,1.1998851915221418,0.028914027149321266,0.011737089201877935,0.2,0.41025641025641024,0.6,0.3,0.1,0.03,0.1,0.2,0.1,0.006,2.0,1200.0,0.6432961436983636,,,,
kitting_started,11936.666666666695,AGV_09,TOTE_0350,station_4,KIT_0017_02,,,,,,,,,,,,,,,,,,,,,,,
kitting_started,11936.666666666695,AGV_04,TOTE_0059,station_2,KIT_0019_01,,,,,,,,,,,,,,,,,,,,,,,
kitting_started,11950.666666666695,AGV_05,TOTE_0489,station_1,KIT_0020_01,,,,,,,,,,,,,,,,,,,,,,,
kitting_completed,11967.333333333361,AGV_06,TOTE_0137,station_3,KIT_0018_01,,,,,,,,,,,,,,,,,,,,{'PART_02': 120},False,,
dispatch,11967.333333333361,AGV_03,TOTE_0173,station_3,KIT_0018_01,{'PART_02': 120},11520.0,1.232722084072585,1.1999082312587324,0.004242424242424243,0.02857142857142857,0.2,0.3128205128205128,0.6,0.3,0.1,0.03,0.1,0.2,0.1,0.006,2.0,1200.0,0.6483511991614996,,,,
kitting_started,11968.666666666695,AGV_07,TOTE_0155,station_3,KIT_0018_01,,,,,,,,,,,,,,,,,,,,,,,
kitting_completed,12006.666666666695,AGV_09,TOTE_0350,station_4,KIT_0017_02,,,,,,,,,,,,,,,,,,,,{'PART_05': 89},False,,
dispatch,12006.666666666695,AGV_06,TOTE_0032,station_4,KIT_0017_02,{'PART_01': 70},11520.0,1.2252202345001733,1.1999275224332675,0.006774193548387097,0.018518518518518517,0.2,0.358974358974359,0.6,0.3,0.1,0.03,0.1,0.2,0.1,0.006,2.0,1200.0,0.639234704802668,,,,
kitting_started,12008.00000000003,AGV_01,TOTE_0392,station_4,KIT_0017_02,,,,,,,,,,,,,,,,,,,,,,,
kitting_completed,12016.666666666695,AGV_04,TOTE_0059,station_2,KIT_0019_01,,,,,,,,,,,,,,,,,,,,{'PART_01': 65},False,,
dispatch,12016.666666666695,AGV_10,TOTE_0309,station_2,KIT_0019_01,{'PART_04': 60},11520.0,1.2301771832622879,1.1999317431181409,0.028798611111111108,0.0014468290330359296,-0.12000000000000005,0.35384615384615387,0.6,0.3,0.1,0.03,0.1,0.2,0.1,0.006,2.0,1200.0,0.7387216945727574,,,,
kitting_started,12018.00000000003,AGV_02,TOTE_0113,station_2,KIT_0019_01,,,,,,,,,,,,,,,,,,,,,,,
kitting_completed,12020.666666666695,AGV_05,TOTE_0489,station_1,KIT_0020_01,,,,,,,,,,,,,,,,,,,,{'PART_08': 64},False,,
kitting_started,12022.00000000003,AGV_08,TOTE_0221,station_1,KIT_0020_01,,,,,,,,,,,,,,,,,,,,,,,
kitting_completed,12028.666666666695,AGV_07,TOTE_0155,station_3,KIT_0018_01,,,,,,,,,,,,,,,,,,,,{'PART_02': 120},False,,
kitting_started,12030.00000000003,AGV_03,TOTE_0173,station_3,KIT_0018_01,,,,,,,,,,,,,,,,,,,,,,,
dispatch,12040.00000000003,AGV_09,TOTE_0239,station_1,KIT_0020_01,{'PART_03': 200},11520.0,1.2387588945020191,1.1999406601706433,0.025520361990950223,0.013297872340425532,0.2,0.358974358974359,0.6,0.3,0.1,0.03,0.1,0.2,0.1,0.006,2.0,1200.0,0.6473579008037756,,,,
dispatch,12040.666666666695,AGV_05,TOTE_0011,station_3,KIT_0018_01,{'PART_01': 70},11520.0,1.2263045334156217,1.1999408970519854,0.00303030303030303,0.023333333333333334,0.2,0.441025641025641,0.6,0.3,0.1,0.03,0.1,0.2,0.1,0.006,2.0,1200.0,0.631680155946809,,,,
kitting_completed,12062.00000000003,AGV_08,TOTE_0221,station_1,KIT_0020_01,,,,,,,,,,,,,,,,,,,,{'PART_03': 200},False,,
dispatch,12062.00000000003,AGV_07,TOTE_0218,station_1,KIT_0020_01,{'PART_03': 200},11520.0,1.237412118114357,1.1999479979688943,0.022126696832579187,0.015337423312883437,0.2,0.358974358974359,0.6,0.3,0.1,0.03,0.1,0.2,0.1,0.006,2.0,1200.0,0.6465498349711783,,,,
kitting_completed,12068.00000000003,AGV_01,TOTE_0392,station_4,KIT_0017_02,,,,,,,,,,,,,,,,,,,,{'PART_05': 90},False,,
dispatch,12068.00000000003,AGV_04,TOTE_0050,station_4,KIT_0017_02,{'PART_01': 70},11520.0,1.2281968227087512,1.1999498367198298,0.005519713261648745,0.022727272727272728,0.2,0.41025641025641024,0.6,0.3,0.1,0.03,0.1,0.2,0.1,0.006,2.0,1200.0,0.6358924525996098,,,,
kitting_started,12069.333333333363,AGV_06,TOTE_0032,station_4,KIT_0017_02,,,,,,,,,,,,,,,,,,,,,,,
kitting_started,12070.000000000031,AGV_09,TOTE_0239,station_1,KIT_0020_01,,,,,,,,,,,,,,,,,,,,,,,
kitting_completed,12088.00000000003,AGV_02,TOTE_0113,station_2,KIT_0019_01,,,,,,,,,,,,,,,,,,,,{'PART_02': 108},False,,
dispatch,12088.666666666695,AGV_08,TOTE_0302,station_2,KIT_0019_01,{'PART_04': 90},11520.0,1.2305397353749117,1.1999556866975336,0.028381944444444446,0.0022021042329336926,0.12000000000000002,0.49230769230769234,0.6,0.3,0.1,0.03,0.1,0.2,0.1,0.006,2.0,1200.0,0.6530930719941778,,,,
kitting_started,12089.333333333363,AGV_10,TOTE_0309,station_2,KIT_0019_01,,,,,,,,,,,,,,,,,,,,,,,
kitting_completed,12090.00000000003,AGV_03,TOTE_0173,station_3,KIT_0018_01,,,,,,,,,,,,,,,,,,,,{'PART_02': 120},False,,
kitting_started,12091.333333333363,AGV_05,TOTE_0011,station_3,KIT_0018_01,,,,,,,,,,,,,,,,,,,,,,,
dispatch,12094.666666666695,AGV_01,TOTE_0029,station_3,KIT_0018_01,{'PART_01': 70},11520.0,1.2327152685162255,1.1999572535842975,0.0023232323232323226,0.030434782608695657,0.2,0.3384615384615385,0.6,0.3,0.1,0.03,0.1,0.2,0.1,0.006,2.0,1200.0,0.6457830072635815,,,,
kitting_completed,12109.333333333363,AGV_10,TOTE_0309,station_2,KIT_0019_01,,,,,,,,,,,,,,,,,,,,{'PART_04': 60},False,,
kitting_completed,12110.000000000031,AGV_09,TOTE_0239,station_1,KIT_0020_01,,,,,,,,,,,,,,,,,,,,{'PART_03': 200},False,,
kitting_started,12111.333333333365,AGV_07,TOTE_0218,station_1,KIT_0020_01,,,,,,,,,,,,,,,,,,,,,,,
dispatch,12115.333333333363,AGV_03,TOTE_0116,station_2,KIT_0019_01,{'PART_02': 120},11520.0,1.2307214347590185,1.1999622386258073,0.027756944444444445,0.003002251688766575,0.2,0.3384615384615385,0.6,0.3,0.1,0.03,0.1,0.2,0.1,0.006,2.0,1200.0,0.6445867070092572,,,,
dispatch,12116.00000000003,AGV_02,TOTE_0236,station_1,KIT_0020_01,{'PART_03': 200},11520.0,1.2368113630712345,1.1999623893680407,0.018733031674208145,0.018115942028985508,0.2,0.358974358974359,0.6,0.3,0.1,0.03,0.1,0.2,0.1,0.006,2.0,1200.0,0.6461893819453047,,,,
kitting_started,12130.666666666695,AGV_08,TOTE_0302,station_2,KIT_0019_01,,,,,,,,,,,,,,,,,,,,,,,
kitting_completed,12139.333333333363,AGV_06,TOTE_0032,station_4,KIT_0017_02,,,,,,,,,,,,,,,,,,,,{'PART_01': 70},False,,
dispatch,12139.333333333363,AGV_09,TOTE_0014,station_4,KIT_0017_02,{'PART_01': 20},11520.0,1.2126358971621876,1.1999673028427393,0.004265232974910394,0.008403361344537816,0.0,0.41025641025641024,0.6,0.3,0.1,0.03,0.1,0.2,0.1,0.006,2.0,1200.0,0.6865558972716715,,,,
kitting_started,12140.666666666697,AGV_04,TOTE_0050,station_4,KIT_0017_02,,,,,,,,,,,,,,,,,,,,,,,
kitting_completed,12150.666666666695,AGV_08,TOTE_0302,station_2,KIT_0019_01,,,,,,,,,,,,,,,,,,,,{'PART_04': 90},False,,
dispatch,12150.666666666695,AGV_10,TOTE_0633,station_2,KIT_0019_01,{'PART_04': 100},11520.0,1.2294723773337461,1.1999694523201332,0.02692361111111111,0.0025793139025019345,0.2,0.30256410256410254,0.6,0.3,0.1,0.03,0.1,0.2,0.1,0.006,2.0,1200.0,0.6474270161438374,,,,
kitting_completed,12151.333333333365,AGV_07,TOTE_0218,station_1,KIT_0020_01,,,,,,,,,,,,,,,,,,,,{'PART_03': 200},False,,
kitting_started,12152.00000000003,AGV_03,TOTE_0116,station_2,KIT_0019_01,,,,,,,,,,,,,,,,,,,,,,,
kitting_started,12152.666666666699,AGV_02,TOTE_0236,station_1,KIT_0020_01,,,,,,,,,,,,,,,,,,,,,,,
kitting_completed,12161.333333333363,AGV_05,TOTE_0011,station_3,KIT_0018_01,,,,,,,,,,,,,,,,,,,,{'PART_01': 70},False,,
kitting_started,12162.666666666697,AGV_01,TOTE_0029,station_3,KIT_0018_01,,,,,,,,,,,,,,,,,,,,,,,
dispatch,12166.00000000003,AGV_06,TOTE_0047,station_3,KIT_0018_01,{'PART_01': 70},11520.0,1.2453382988992672,1.1999721372831056,0.0016161616161616155,0.043750000000000004,0.2,0.3384615384615385,0.6,0.3,0.1,0.03,0.1,0.2,0.1,0.006,2.0,1200.0,0.6533568254934063,,,,
dispatch,12178.000000000031,AGV_07,TOTE_0579,station_1,KIT_0020_01,{'PART_05': 15},11520.0,1.2169727314183836,1.1999740728671484,0.015339366515837102,0.0016592920353982303,0.2,0.28205128205128205,0.6,0.3,0.1,0.03,0.1,0.2,0.1,0.006,2.0,1200.0,0.6419785106459018,,,,
kitting_completed,12192.666666666699,AGV_02,TOTE_0236,station_1,KIT_0020_01,,,,,,,,,,,,,,,,,,,,{'PART_03': 200},False,,
dispatch,12192.666666666699,AGV_08,TOTE_0206,station_1,KIT_0020_01,{'PART_03': 200},11520.0,1.2375582864121617,1.1999762569316839,0.015084841628959275,0.022497187851518562,0.2,0.4358974358974359,0.6,0.3,0.1,0.03,0.1,0.2,0.1,0.006,2.0,1200.0,0.6389452282575535,,,,
kitting_started,12204.666666666697,AGV_07,TOTE_0579,station_1,KIT_0020_01,,,,,,,,,,,,,,,,,,,,,,,
kitting_completed,12210.666666666697,AGV_04,TOTE_0050,station_4,KIT_0017_02,,,,,,,,,,,,,,,,,,,,{'PART_01': 70},False,,
dispatch,12210.666666666697,AGV_05,TOTE_0662,station_4,KIT_0017_02,{'PART_10': 25},11520.0,1.2153533874963653,1.199978687552266,0.003906810035842295,0.011467889908256881,0.2,0.358974358974359,0.6,0.3,0.1,0.03,0.1,0.2,0.1,0.006,2.0,1200.0,0.6333145966003834,,,,
kitting_completed,12212.00000000003,AGV_03,TOTE_0116,station_2,KIT_0019_01,,,,,,,,,,,,,,,,,,,,{'PART_02': 120},False,,
kitting_started,12212.000000000031,AGV_09,TOTE_0014,station_4,KIT_0017_02,,,,,,,,,,,,,,,,,,,,,,,
kitting_started,12213.333333333363,AGV_10,TOTE_0633,station_2,KIT_0019_01,,,,,,,,,,,,,,,,,,,,,,,
kitting_completed,12214.666666666697,AGV_07,TOTE_0579,station_1,KIT_0020_01,,,,,,,,,,,,,,,,,,,,{'PART_05': 15},False,,
dispatch,12219.333333333365,AGV_02,TOTE_0257,station_2,KIT_0019_01,{'PART_04': 400},11520.0,1.2367993498125553,1.1999797674720734,0.026229166666666665,0.010590415673815197,0.2,0.37948717948717947,0.6,0.3,0.1,0.03,0.1,0.2,0.1,0.006,2.0,1200.0,0.6441308919388153,,,,
kitting_completed,12223.333333333363,AGV_10,TOTE_0633,station_2,KIT_0019_01,,,,,,,,,,,,,,,,,,,,{'PART_04': 100},False,,
kitting_started,12229.333333333365,AGV_08,TOTE_0206,station_1,KIT_0020_01,,,,,,,,,,,,,,,,,,,,,,,
kitting_completed,12232.000000000031,AGV_09,TOTE_0014,station_4,KIT_0017_02,,,,,,,,,,,,,,,,,,,,{'PART_01': 20},False,,
kitting_completed,12232.666666666697,AGV_01,TOTE_0029,station_3,KIT_0018_01,,,,,,,,,,,,,,,,,,,,{'PART_01': 70},False,,
kitting_started,12234.000000000031,AGV_06,TOTE_0047,station_3,KIT_0018_01,,,,,,,,,,,,,,,,,,,,,,,
dispatch,12234.666666666697,AGV_07,TOTE_0651,station_2,KIT_0019_01,{'PART_04': 100},11520.0,1.2263941428597973,1.1999815457979737,0.02345138888888889,0.002961208172934557,0.2,0.30256410256410254,0.6,0.3,0.1,0.03,0.1,0.2,0.1,0.006,2.0,1200.0,0.645580075459468,,,,
dispatch,12237.333333333363,AGV_04,TOTE_0191,station_3,KIT_0018_01,{'PART_02': 20},11520.0,1.2231131518454514,1.1999818387141383,0.0009090909090909082,0.022222222222222223,0.2,0.3384615384615385,0.6,0.3,0.1,0.03,0.1,0.2,0.1,0.006,2.0,1200.0,0.640021737261117,,,,
dispatch,12237.333333333363,AGV_03,TOTE_0329,station_1,KIT_0020_01,{'PART_05': 90},11520.0,1.2247354244735509,1.1999818387141383,0.011691176470588233,0.013062409288824385,0.2,0.358974358974359,0.6,0.3,0.1,0.03,0.1,0.2,0.1,0.006,2.0,1200.0,0.6389438187866946,,,,
kitting_started,12240.666666666699,AGV_05,TOTE_0662,station_4,KIT_0017_02,,,,,,,,,,,,,,,,,,,,,,,
dispatch,12248.00000000003,AGV_10,TOTE_0783,station_4,KIT_0017_02,{'PART_10': 25},11520.0,1.2163951138553908,1.1999829646177358,0.0034587813620071683,0.012953367875647668,0.2,0.38461538461538464,0.6,0.3,0.1,0.03,0.1,0.2,0.1,0.006,2.0,1200.0,0.631375529851696,,,,
kitting_completed,12250.666666666699,AGV_05,TOTE_0662,station_4,KIT_0017_02,,,,,,,,,,,,,,,,,,,,{'PART_10': 25},False,,
kitting_started,12250.666666666699,AGV_02,TOTE_0257,station_2,KIT_0019_01,,,,,,,,,,,,,,,,,,,,,,,
dispatch,12258.000000000031,AGV_01,TOTE_0680,station_4,KIT_0017_02,{'PART_10': 25},11520.0,1.217875661745871,1.1999839566767467,0.0030107526881720413,0.014880952380952382,0.2,0.358974358974359,0.6,0.3,0.1,0.03,0.1,0.2,0.1,0.006,2.0,1200.0,0.6348279611500868,,,,
kitting_completed,12269.333333333365,AGV_08,TOTE_0206,station_1,KIT_0020_01,,,,,,,,,,,,,,,,,,,,{'PART_03': 200},False,,
dispatch,12269.333333333365,AGV_09,TOTE_0347,station_1,KIT_0020_01,{'PART_05': 90},11520.0,1.2251740802383766,1.1999850113528283,0.010164027149321268,0.015025041736227047,0.2,0.41025641025641024,0.6,0.3,0.1,0.03,0.1,0.2,0.1,0.006,2.0,1200.0,0.634078807117385,,,,
kitting_started,12270.666666666699,AGV_03,TOTE_0329,station_1,KIT_0020_01,,,,,,,,,,,,,,,,,,,,,,,
kitting_started,12281.333333333363,AGV_10,TOTE_0783,station_4,KIT_0017_02,,,,,,,,,,,,,,,,,,,,,,,
kitting_completed,12290.666666666699,AGV_02,TOTE_0257,station_2,KIT_0019_01,,,,,,,,,,,,,,,,,,,,{'PART_04': 400},False,,
dispatch,12290.666666666699,AGV_05,TOTE_0134,station_2,KIT_0019_01,{'PART_02': 120},11520.0,1.2264056424972083,1.1999868121815402,0.02275694444444444,0.00366188587122368,0.2,0.3641025641025641,0.6,0.3,0.1,0.03,0.1,0.2,0.1,0.006,2.0,1200.0,0.6394331290880686,,,,
kitting_completed,12291.333333333363,AGV_10,TOTE_0783,station_4,KIT_0017_02,,,,,,,,,,,,,,,,,,,,{'PART_10': 25},False,,
kitting_started,12292.000000000033,AGV_07,TOTE_0651,station_2,KIT_0019_01,,,,,,,,,,,,,,,,,,,,,,,
kitting_started,12292.666666666697,AGV_01,TOTE_0680,station_4,KIT_0017_02,,,,,,,,,,,,,,,,,,,,,,,
dispatch,12299.333333333365,AGV_08,TOTE_0698,station_4,KIT_0017_02,{'PART_10': 25},11520.0,1.2200327219177758,1.1999874804209214,0.0025627240143369177,0.017482517482517484,0.2,0.38461538461538464,0.6,0.3,0.1,0.03,0.1,0.2,0.1,0.006,2.0,1200.0,0.6335580946891269,,,,
kitting_completed,12302.000000000033,AGV_07,TOTE_0651,station_2,KIT_0019_01,,,,,,,,,,,,,,,,,,,,{'PART_04': 100},False,,
kitting_completed,12302.666666666697,AGV_01,TOTE_0680,station_4,KIT_0017_02,,,,,,,,,,,,,,,,,,,,{'PART_10': 25},False,,
kitting_completed,12304.000000000031,AGV_06,TOTE_0047,station_3,KIT_0018_01,,,,,,,,,,,,,,,,,,,,{'PART_01': 70},False,,
kitting_started,12305.333333333365,AGV_04,TOTE_0191,station_3,KIT_0018_01,,,,,,,,,,,,,,,,,,,,,,,
kitting_completed,12315.333333333365,AGV_04,TOTE_0191,station_3,KIT_0018_01,,,,,,,,,,,,,,,,,,,,{'PART_02': 20},False,,
dispatch,12318.00000000003,AGV_10,TOTE_0741,station_2,KIT_0019_01,{'PART_04': 100},11520.0,1.225079982192379,1.199988806938094,0.021923611111111112,0.0031675641431738997,0.2,0.35384615384615387,0.6,0.3,0.1,0.03,0.1,0.2,0.1,0.006,2.0,1200.0,0.639663373930812,,,,
dispatch,12318.666666666699,AGV_02,TOTE_0782,station_3,KIT_0018_01,{'PART_02': 20},11520.0,1.2292673508992773,1.1999888516207782,0.0007070707070707072,0.02857142857142857,0.2,0.38974358974358975,0.6,0.3,0.1,0.03,0.1,0.2,0.1,0.006,2.0,1200.0,0.6385860515652073,,,,
kitting_started,12322.666666666699,AGV_05,TOTE_0134,station_2,KIT_0019_01,,,,,,,,,,,,,,,,,,,,,,,
dispatch,12326.666666666699,AGV_07,TOTE_0885,station_3,KIT_0018_01,{'PART_01': 10},11520.0,1.2204944246066007,1.1999893741015502,0.000505050505050506,0.020000000000000004,0.2,0.3641025641025641,0.6,0.3,0.1,0.03,0.1,0.2,0.1,0.006,2.0,1200.0,0.635886398353704,,,,
dispatch,12329.333333333363,AGV_01,TOTE_0608,station_4,KIT_0017_02,{'PART_02': 20},11520.0,1.2190533906454202,1.1999895427625455,0.002114695340501791,0.01694915254237288,0.2,0.3333333333333333,0.6,0.3,0.1,0.03,0.1,0.2,0.1,0.006,2.0,1200.0,0.6380987010539189,,,,
kitting_completed,12330.666666666699,AGV_03,TOTE_0329,station_1,KIT_0020_01,,,,,,,,,,,,,,,,,,,,{'PART_05': 90},False,,
dispatch,12330.666666666699,AGV_06,TOTE_0365,station_1,KIT_0020_01,{'PART_05': 90},11520.0,1.2263082327946755,1.199989626086464,0.008636877828054298,0.017681728880157174,0.2,0.38461538461538464,0.6,0.3,0.1,0.03,0.1,0.2,0.1,0.006,2.0,1200.0,0.6373234012152668,,,,
kitting_started,12332.000000000033,AGV_09,TOTE_0347,station_1,KIT_0020_01,,,,,,,,,,,,,,,,,,,,,,,
kitting_started,12332.666666666699,AGV_08,TOTE_0698,station_4,KIT_0017_02,,,,,,,,,,,,,,,,,,,,,,,
kitting_completed,12342.666666666699,AGV_08,TOTE_0698,station_4,KIT_0017_02,,,,,,,,,,,,,,,,,,,,{'PART_10': 25},False,,
dispatch,12342.666666666699,AGV_04,TOTE_0914,station_4,KIT_0017_02,{'PART_05': 15},11520.0,1.2170527416014254,1.199990346751012,0.0017562724014336926,0.015306122448979593,0.2,0.358974358974359,0.6,0.3,0.1,0.03,0.1,0.2,0.1,0.006,2.0,1200.0,0.6343342090634193,,,,
kitting_started,12350.6666666667,AGV_02,TOTE_0782,station_3,KIT_0018_01,,,,,,,,,,,,,,,,,,,,,,,
kitting_started,12356.000000000031,AGV_01,TOTE_0608,station_4,KIT_0017_02,,,,,,,,,,,,,,,,,,,,,,,
kitting_completed,12360.6666666667,AGV_02,TOTE_0782,station_3,KIT_0018_01,,,,,,,,,,,,,,,,,,,,{'PART_02': 20},False,,
dispatch,12360.6666666667,AGV_03,TOTE_0014,station_3,KIT_0018_01,{'PART_01': 20},11520.0,1.250395375378975,1.1999913349749345,0.0004040404040404055,0.05,0.2,0.4307692307692308,0.6,0.3,0.1,0.03,0.1,0.2,0.1,0.006,2.0,1200.0,0.6471603021504618,,,,
kitting_started,12362.000000000035,AGV_07,TOTE_0885,station_3,KIT_0018_01,,,,,,,,,,,,,,,,,,,,,,,
kitting_completed,12366.000000000031,AGV_01,TOTE_0608,station_4,KIT_0017_02,,,,,,,,,,,,,,,,,,,,{'PART_02': 20},False,,
dispatch,12369.333333333365,AGV_08,TOTE_0932,station_4,KIT_0017_02,{'PART_05': 15},11520.0,1.2195515183943293,1.1999917740405701,0.0014874551971326166,0.018072289156626505,0.2,0.3333333333333333,0.6,0.3,0.1,0.03,0.1,0.2,0.1,0.006,2.0,1200.0,0.6383975777032643,,,,
kitting_completed,12372.000000000035,AGV_07,TOTE_0885,station_3,KIT_0018_01,,,,,,,,,,,,,,,,,,,,{'PART_01': 10},False,,
kitting_started,12372.6666666667,AGV_04,TOTE_0914,station_4,KIT_0017_02,,,,,,,,,,,,,,,,,,,,,,,
kitting_completed,12382.666666666699,AGV_05,TOTE_0134,station_2,KIT_0019_01,,,,,,,,,,,,,,,,,,,,{'PART_02': 120},False,,
kitting_completed,12382.6666666667,AGV_04,TOTE_0914,station_4,KIT_0017_02,,,,,,,,,,,,,,,,,,,,{'PART_05': 15},False,,
kitting_started,12384.000000000033,AGV_10,TOTE_0741,station_2,KIT_0019_01,,,,,,,,,,,,,,,,,,,,,,,
dispatch,12389.333333333367,AGV_02,TOTE_0152,station_2,KIT_0019_01,{'PART_02': 120},11520.0,1.2251472879688157,1.1999927042265848,0.021229166666666667,0.003925417075564279,0.2,0.3128205128205128,0.6,0.3,0.1,0.03,0.1,0.2,0.1,0.006,2.0,1200.0,0.643806321499238,,,,
kitting_completed,12392.000000000033,AGV_09,TOTE_0347,station_1,KIT_0020_01,,,,,,,,,,,,,,,,,,,,{'PART_05': 90},False,,
dispatch,12392.666666666697,AGV_01,TOTE_0950,station_4,KIT_0017_02,{'PART_05': 15},11520.0,1.223270310214534,1.1999928486922906,0.0012186379928315406,0.022058823529411766,0.2,0.3333333333333333,0.6,0.3,0.1,0.03,0.1,0.2,0.1,0.006,2.0,1200.0,0.6406288527953871,,,,
kitting_started,12393.333333333367,AGV_06,TOTE_0365,station_1,KIT_0020_01,,,,,,,,,,,,,,,,,,,,,,,
kitting_completed,12394.000000000033,AGV_10,TOTE_0741,station_2,KIT_0019_01,,,,,,,,,,,,,,,,,,,,{'PART_04': 100},False,,
kitting_started,12396.000000000033,AGV_08,TOTE_0932,station_4,KIT_0017_02,,,,,,,,,,,,,,,,,,,,,,,
kitting_started,12398.6666666667,AGV_03,TOTE_0014,station_3,KIT_0018_01,,,,,,,,,,,,,,,,,,,,,,,
dispatch,12400.6666666667,AGV_07,TOTE_0759,station_2,KIT_0019_01,{'PART_04': 100},11520.0,1.2237938520452085,1.199993183846366,0.020395833333333332,0.003404834865509023,0.2,0.30256410256410254,0.6,0.3,0.1,0.03,0.1,0.2,0.1,0.006,2.0,1200.0,0.6440199009707148,,,,
kitting_completed,12406.000000000033,AGV_08,TOTE_0932,station_4,KIT_0017_02,,,,,,,,,,,,,,,,,,,,{'PART_05': 15},False,,
dispatch,12408.000000000033,AGV_05,TOTE_0968,station_4,KIT_0017_02,{'PART_05': 15},11520.0,1.229245184835257,1.1999934772542735,0.0009498207885304643,0.02830188679245283,0.2,0.38461538461538464,0.6,0.3,0.1,0.03,0.1,0.2,0.1,0.006,2.0,1200.0,0.6390855724396157,,,,
dispatch,12409.333333333367,AGV_04,TOTE_0491,station_1,KIT_0020_01,{'PART_08': 72},11520.0,1.2242870286178158,1.1999935292279735,0.007109728506787332,0.01718377088305489,0.2,0.41025641025641024,0.6,0.3,0.1,0.03,0.1,0.2,0.1,0.006,2.0,1200.0,0.6335465761450484,,,,
kitting_started,12414.6666666667,AGV_02,TOTE_0152,station_2,KIT_0019_01,,,,,,,,,,,,,,,,,,,,,,,
dispatch,12418.666666666699,AGV_09,TOTE_0065,station_3,KIT_0018_01,{'PART_01': 5},11520.0,1.2251959018332308,1.1999938816312108,0.0002020202020202011,0.025,0.4,0.3641025641025641,0.6,0.3,0.1,0.03,0.1,0.2,0.1,0.006,2.0,1200.0,0.578707284689682,,,,
kitting_completed,12418.6666666667,AGV_03,TOTE_0014,station_3,KIT_0018_01,,,,,,,,,,,,,,,,,,,,{'PART_01': 20},False,,
dispatch,12418.6666666667,AGV_10,TOTE_0170,station_3,KIT_0018_01,{'PART_02': 15},11520.0,1.3001453967827261,1.1999938816312108,0.0001515151515151525,0.1,0.6000000000000001,0.4666666666666667,0.6,0.3,0.1,0.03,0.1,0.2,0.1,0.006,2.0,1200.0,0.553420571402969,,,,
kitting_started,12419.333333333365,AGV_01,TOTE_0950,station_4,KIT_0017_02,,,,,,,,,,,,,,,,,,,,,,,
kitting_completed,12429.333333333365,AGV_01,TOTE_0950,station_4,KIT_0017_02,,,,,,,,,,,,,,,,,,,,{'PART_05': 15},False,,
dispatch,12432.666666666699,AGV_08,TOTE_0716,station_4,KIT_0017_02,{'PART_10': 10},11520.0,1.226991167637642,1.1999943745797284,0.0006810035842293915,0.02631578947368421,0.32000000000000006,0.3333333333333333,0.6,0.3,0.1,0.03,0.1,0.2,0.1,0.006,2.0,1200.0,0.6068613672492519,,,,
kitting_started,12441.333333333367,AGV_05,TOTE_0968,station_4,KIT_0017_02,,,,,,,,,,,,,,,,,,,,,,,
kitting_started,12450.666666666699,AGV_09,TOTE_0065,station_3,KIT_0018_01,,,,,,,,,,,,,,,,,,,,,,,
kitting_completed,12451.333333333367,AGV_05,TOTE_0968,station_4,KIT_0017_02,,,,,,,,,,,,,,,,,,,,{'PART_05': 15},False,,
dispatch,12451.333333333367,AGV_03,TOTE_0410,station_4,KIT_0017_02,{'PART_05': 10},11520.0,1.2362110484534585,1.1999949706244775,0.0005017921146953408,0.03571428571428572,0.5333333333333335,0.3333333333333333,0.6,0.3,0.1,0.03,0.1,0.2,0.1,0.006,2.0,1200.0,0.5483932957387417,,,,
kitting_completed,12453.333333333367,AGV_06,TOTE_0365,station_1,KIT_0020_01,,,,,,,,,,,,,,,,,,,,{'PART_05': 90},False,,
kitting_started,12454.6666666667,AGV_04,TOTE_0491,station_1,KIT_0020_01,,,,,,,,,,,,,,,,,,,,,,,
dispatch,12456.000000000031,AGV_01,TOTE_0077,station_1,KIT_0020_01,{'PART_01': 70},11520.0,1.2260560292061589,1.199995109493561,0.005888009049773754,0.02017291066282421,0.2,0.41025641025641024,0.6,0.3,0.1,0.03,0.1,0.2,0.1,0.006,2.0,1200.0,0.6346079764980542,,,,
kitting_started,12459.333333333367,AGV_08,TOTE_0716,station_4,KIT_0017_02,,,,,,,,,,,,,,,,,,,,,,,
kitting_completed,12470.666666666699,AGV_09,TOTE_0065,station_3,KIT_0018_01,,,,,,,,,,,,,,,,,,,,{'PART_01': 5},False,,
kitting_started,12472.000000000033,AGV_10,TOTE_0170,station_3,KIT_0018_01,,,,,,,,,,,,,,,,,,,,,,,
kitting_completed,12474.6666666667,AGV_02,TOTE_0152,station_2,KIT_0019_01,,,,,,,,,,,,,,,,,,,,{'PART_02': 120},False,,
kitting_started,12476.000000000035,AGV_07,TOTE_0759,station_2,KIT_0019_01,,,,,,,,,,,,,,,,,,,,,,,
dispatch,12478.000000000033,AGV_05,TOTE_0188,station_2,KIT_0019_01,{'PART_02': 120},11520.0,1.2239269233695296,1.1999957142480007,0.019701388888888886,0.004229820232640113,0.2,0.3641025641025641,0.6,0.3,0.1,0.03,0.1,0.2,0.1,0.006,2.0,1200.0,0.6379458976114614,,,,
kitting_completed,12479.333333333367,AGV_08,TOTE_0716,station_4,KIT_0017_02,,,,,,,,,,,,,,,,,,,,{'PART_10': 10},False,,
dispatch,12480.000000000033,AGV_06,TOTE_0122,station_4,KIT_0017_02,{'PART_02': 18},11520.0,1.3003183460147825,1.1999957653696212,0.00032258064516129,0.1,0.7200000000000003,0.41025641025641024,0.6,0.3,0.1,0.03,0.1,0.2,0.1,0.006,2.0,1200.0,0.5231653665832284,,,,
kitting_started,12480.6666666667,AGV_03,TOTE_0410,station_4,KIT_0017_02,,,,,,,,,,,,,,,,,,,,,,,
kitting_completed,12486.000000000035,AGV_07,TOTE_0759,station_2,KIT_0019_01,,,,,,,,,,,,,,,,,,,,{'PART_04': 100},False,,
kitting_completed,12492.000000000033,AGV_10,TOTE_0170,station_3,KIT_0018_01,,,,,,,,,,,,,,,,,,,,{'PART_02': 15},True,,
dispatch,12496.000000000033,AGV_09,TOTE_0065,station_2,KIT_0019_01,{'PART_01': 65},11520.0,1.2212565530434287,1.1999961529902654,0.018868055555555555,0.002392344497607656,-0.2,0.3641025641025641,0.6,0.3,0.1,0.03,0.1,0.2,0.1,0.006,2.0,1200.0,0.7563436754158008,,,,
kitting_completed,12500.6666666667,AGV_03,TOTE_0410,station_4,KIT_0017_02,,,,,,,,,,,,,,,,,,,,{'PART_05': 10},False,,
kitting_started,12510.000000000033,AGV_05,TOTE_0188,station_2,KIT_0019_01,,,,,,,,,,,,,,,,,,,,,,,
kitting_completed,12514.6666666667,AGV_04,TOTE_0491,station_1,KIT_0020_01,,,,,,,,,,,,,,,,,,,,{'PART_08': 72},False,,
dispatch,12514.6666666667,AGV_08,TOTE_0597,station_1,KIT_0020_01,{'PART_05': 15},11520.0,1.2101119493018664,1.1999965606026488,0.0047002262443438915,0.005415162454873647,0.2,0.23076923076923078,0.6,0.3,0.1,0.03,0.1,0.2,0.1,0.006,2.0,1200.0,0.6429902465041967,,,,
kitting_started,12516.000000000035,AGV_01,TOTE_0077,station_1,KIT_0020_01,,,,,,,,,,,,,,,,,,,,,,,
kitting_started,12516.6666666667,AGV_06,TOTE_0122,station_4,KIT_0017_02,,,,,,,,,,,,,,,,,,,,,,,
kitting_completed,12536.6666666667,AGV_06,TOTE_0122,station_4,KIT_0017_02,,,,,,,,,,,,,,,,,,,,{'PART_02': 18},True,,
kit_replacement,12552.000000000033,,,station_3,,,,,,,,,,,,,,,,,,,,,,,KIT_0018_01,KIT_0020_02
dispatch,12552.000000000033,AGV_03,TOTE_0410,station_3,KIT_0020_02,{'PART_05': 80},11520.0,1.234589673339987,1.1999972508371168,0.03,0.004592422502870264,-0.33333333333333354,0.35384615384615387,0.6,0.3,0.1,0.03,0.1,0.2,0.1,0.006,2.0,1200.0,0.8053691886193769,,,,
dispatch,12552.000000000033,AGV_10,TOTE_0227,station_3,KIT_0020_02,{'PART_03': 200},11520.0,1.2406532184304195,1.1999972508371168,0.02862227324913892,0.012033694344163659,0.2,0.3384615384615385,0.6,0.3,0.1,0.03,0.1,0.2,0.1,0.006,2.0,1200.0,0.6505457772120979,,,,
kitting_completed,12570.000000000033,AGV_05,TOTE_0188,station_2,KIT_0019_01,,,,,,,,,,,,,,,,,,,,{'PART_02': 120},False,,
dispatch,12570.000000000033,AGV_06,TOTE_0122,station_2,KIT_0019_01,{'PART_02': 102},11520.0,1.2222603527881566,1.199997532275336,0.018416666666666668,0.0038461538461538464,-0.5200000000000002,0.4153846153846154,0.6,0.3,0.1,0.03,0.1,0.2,0.1,0.006,2.0,1200.0,0.8478177501344324,,,,
kitting_started,12571.333333333367,AGV_09,TOTE_0065,station_2,KIT_0019_01,,,,,,,,,,,,,,,,,,,,,,,
kitting_started,12580.000000000033,AGV_03,TOTE_0410,station_3,KIT_0020_02,,,,,,,,,,,,,,,,,,,,,,,
kitting_completed,12586.000000000035,AGV_01,TOTE_0077,station_1,KIT_0020_01,,,,,,,,,,,,,,,,,,,,{'PART_01': 70},False,,
dispatch,12586.000000000035,AGV_02,TOTE_0095,station_1,KIT_0020_01,{'PART_01': 70},11520.0,1.2311610167701752,1.1999977581608006,0.004445701357466064,0.0267175572519084,0.2,0.3333333333333333,0.6,0.3,0.1,0.03,0.1,0.2,0.1,0.006,2.0,1200.0,0.6453632767287717,,,,
kitting_started,12587.333333333369,AGV_08,TOTE_0597,station_1,KIT_0020_01,,,,,,,,,,,,,,,,,,,,,,,
kit_replacement,12596.6666666667,,,station_4,,,,,,,,,,,,,,,,,,,,,,,KIT_0017_02,KIT_0021_01
dispatch,12596.6666666667,AGV_05,TOTE_0170,station_4,KIT_0021_01,{'PART_02': 105},14400.0,0.333207070707071,0.2954292929292932,0.03,0.007777777777777778,-0.4000000000000001,0.4358974358974359,0.6,0.3,0.1,0.03,0.1,0.2,0.1,0.006,2.0,1200.0,0.276334498834499,,,,
dispatch,12596.6666666667,AGV_04,TOTE_0716,station_4,KIT_0021_01,{'PART_10': 15},14400.0,0.3243007788730683,0.2954292929292932,0.027666666666666666,0.0012048192771084338,-0.12000000000000005,0.41025641025641024,0.6,0.3,0.1,0.03,0.1,0.2,0.1,0.006,2.0,1200.0,0.18955482629819995,,,,
kitting_completed,12597.333333333369,AGV_08,TOTE_0597,station_1,KIT_0020_01,,,,,,,,,,,,,,,,,,,,{'PART_05': 15},False,,
dispatch,12597.333333333369,AGV_07,TOTE_0002,station_1,KIT_0020_01,{'PART_01': 70},11520.0,1.2397141574235317,1.1999979055381622,0.0032579185520361974,0.036458333333333336,0.2,0.38461538461538464,0.6,0.3,0.1,0.03,0.1,0.2,0.1,0.006,2.0,1200.0,0.6453669559925806,,,,
kitting_started,12616.000000000036,AGV_02,TOTE_0095,station_1,KIT_0020_01,,,,,,,,,,,,,,,,,,,,,,,
kitting_started,12630.000000000035,AGV_05,TOTE_0170,station_4,KIT_0021_01,,,,,,,,,,,,,,,,,,,,,,,
kitting_completed,12650.000000000033,AGV_03,TOTE_0410,station_3,KIT_0020_02,,,,,,,,,,,,,,,,,,,,{'PART_05': 80},False,,
dispatch,12650.000000000033,AGV_01,TOTE_0245,station_3,KIT_0020_02,{'PART_03': 200},11520.0,1.238856319945425,1.1999984730125632,0.02517795637198622,0.013679890560875513,0.2,0.3641025641025641,0.6,0.3,0.1,0.03,0.1,0.2,0.1,0.006,2.0,1200.0,0.6469035355569985,,,,
kitting_completed,12651.333333333367,AGV_09,TOTE_0065,station_2,KIT_0019_01,,,,,,,,,,,,,,,,,,,,{'PART_01': 65},False,,
kitting_started,12651.333333333367,AGV_10,TOTE_0227,station_3,KIT_0020_02,,,,,,,,,,,,,,,,,,,,,,,
dispatch,12651.333333333367,AGV_08,TOTE_0777,station_2,KIT_0019_01,{'PART_04': 100},11520.0,1.2216283871405087,1.1999984851797243,0.017708333333333333,0.00392156862745098,0.2,0.30256410256410254,0.6,0.3,0.1,0.03,0.1,0.2,0.1,0.006,2.0,1200.0,0.6427206220278949,,,,
kitting_started,12652.6666666667,AGV_06,TOTE_0122,station_2,KIT_0019_01,,,,,,,,,,,,,,,,,,,,,,,
kitting_completed,12686.000000000036,AGV_02,TOTE_0095,station_1,KIT_0020_01,,,,,,,,,,,,,,,,,,,,{'PART_01': 70},False,,
dispatch,12686.000000000036,AGV_03,TOTE_0008,station_1,KIT_0020_01,{'PART_01': 62},11520.0,1.2528885775299694,1.1999987696522154,0.002070135746606334,0.05081967213114755,0.15999999999999998,0.41025641025641024,0.6,0.3,0.1,0.03,0.1,0.2,0.1,0.006,2.0,1200.0,0.6627075054923406,,,,
kitting_started,12687.33333333337,AGV_07,TOTE_0002,station_1,KIT_0020_01,,,,,,,,,,,,,,,,,,,,,,,
kitting_completed,12691.333333333367,AGV_10,TOTE_0227,station_3,KIT_0020_02,,,,,,,,,,,,,,,,,,,,{'PART_03': 200},False,,
dispatch,12691.333333333367,AGV_09,TOTE_0425,station_3,KIT_0020_02,{'PART_05': 90},11520.0,1.2288639851373655,1.1999988084000597,0.021733639494833524,0.0071315372424722665,0.2,0.3128205128205128,0.6,0.3,0.1,0.03,0.1,0.2,0.1,0.006,2.0,1200.0,0.6460363398003679,,,,
kitting_started,12692.6666666667,AGV_01,TOTE_0245,station_3,KIT_0020_02,,,,,,,,,,,,,,,,,,,,,,,
kitting_completed,12700.000000000035,AGV_05,TOTE_0170,station_4,KIT_0021_01,,,,,,,,,,,,,,,,,,,,{'PART_02': 105},False,,
kitting_started,12701.333333333369,AGV_04,TOTE_0716,station_4,KIT_0021_01,,,,,,,,,,,,,,,,,,,,,,,
dispatch,12712.666666666702,AGV_02,TOTE_0428,station_4,KIT_0021_01,{'PART_05': 90},14400.0,0.3309584873121461,0.2963080808080811,0.02733333333333333,0.007317073170731707,0.2,0.41025641025641024,0.6,0.3,0.1,0.03,0.1,0.2,0.1,0.006,2.0,1200.0,0.09754945136164664,,,,
kitting_completed,12721.333333333369,AGV_04,TOTE_0716,station_4,KIT_0021_01,,,,,,,,,,,,,,,,,,,,{'PART_10': 15},False,,
dispatch,12721.333333333369,AGV_10,TOTE_0446,station_4,KIT_0021_01,{'PART_05': 90},14400.0,0.3296018075491763,0.2963737373737377,0.025333333333333333,0.007894736842105263,0.2,0.358974358974359,0.6,0.3,0.1,0.03,0.1,0.2,0.1,0.006,2.0,1200.0,0.10186364863206987,,,,
kitting_completed,12722.6666666667,AGV_06,TOTE_0122,station_2,KIT_0019_01,,,,,,,,,,,,,,,,,,,,{'PART_02': 102},False,,
kitting_started,12724.000000000035,AGV_08,TOTE_0777,station_2,KIT_0019_01,,,,,,,,,,,,,,,,,,,,,,,
kitting_completed,12732.6666666667,AGV_01,TOTE_0245,station_3,KIT_0020_02,,,,,,,,,,,,,,,,,,,,{'PART_03': 200},False,,
dispatch,12733.333333333369,AGV_05,TOTE_0224,station_3,KIT_0020_02,{'PART_03': 200},11520.0,1.2372476171516453,1.1999990738351483,0.02018369690011481,0.017064846416382253,0.2,0.3641025641025641,0.6,0.3,0.1,0.03,0.1,0.2,0.1,0.006,2.0,1200.0,0.6459383138807309,,,,
kitting_completed,12734.000000000035,AGV_08,TOTE_0777,station_2,KIT_0019_01,,,,,,,,,,,,,,,,,,,,{'PART_04': 100},False,,
kitting_started,12734.000000000035,AGV_09,TOTE_0425,station_3,KIT_0020_02,,,,,,,,,,,,,,,,,,,,,,,
dispatch,12748.000000000035,AGV_04,TOTE_0275,station_2,KIT_0019_01,{'PART_04': 400},11520.0,1.2333395713555786,1.1999991518544448,0.017013888888888887,0.016326530612244896,0.2,0.4307692307692308,0.6,0.3,0.1,0.03,0.1,0.2,0.1,0.006,2.0,1200.0,0.6369268197364241,,,,
kitting_started,12749.33333333337,AGV_02,TOTE_0428,station_4,KIT_0021_01,,,,,,,,,,,,,,,,,,,,,,,
dispatch,12754.6666666667,AGV_06,TOTE_0293,station_2,KIT_0019_01,{'PART_04': 400},11520.0,1.2337474913437625,1.1999991851107001,0.014236111111111113,0.019512195121951223,0.2,0.4307692307692308,0.6,0.3,0.1,0.03,0.1,0.2,0.1,0.006,2.0,1200.0,0.6371715717293344,,,,
kitting_completed,12757.33333333337,AGV_07,TOTE_0002,station_1,KIT_0020_01,,,,,,,,,,,,,,,,,,,,{'PART_01': 70},False,,
dispatch,12758.000000000035,AGV_01,TOTE_0903,station_1,KIT_0020_01,{'PART_05': 15},11520.0,1.2260173007940973,1.199999201246586,0.0010180995475113119,0.025,0.2,0.358974358974359,0.6,0.3,0.1,0.03,0.1,0.2,0.1,0.006,2.0,1200.0,0.6397129445790225,,,,
kitting_started,12758.666666666704,AGV_03,TOTE_0008,station_1,KIT_0020_01,,,,,,,,,,,,,,,,,,,,,,,
kitting_started,12786.000000000035,AGV_04,TOTE_0275,station_2,KIT_0019_01,,,,,,,,,,,,,,,,,,,,,,,
kitting_completed,12794.000000000035,AGV_09,TOTE_0425,station_3,KIT_0020_02,,,,,,,,,,,,,,,,,,,,{'PART_05': 90},False,,
dispatch,12794.000000000035,AGV_08,TOTE_0242,station_3,KIT_0020_02,{'PART_03': 200},11520.0,1.237314868126354,1.199999356416149,0.016739380022962113,0.020576131687242802,0.2,0.4153846153846154,0.6,0.3,0.1,0.03,0.1,0.2,0.1,0.006,2.0,1200.0,0.6408504593373507,,,,
kitting_started,12795.333333333369,AGV_05,TOTE_0224,station_3,KIT_0020_02,,,,,,,,,,,,,,,,,,,,,,,
kitting_completed,12809.33333333337,AGV_02,TOTE_0428,station_4,KIT_0021_01,,,,,,,,,,,,,,,,,,,,{'PART_05': 90},False,,
dispatch,12809.33333333337,AGV_07,TOTE_0539,station_4,KIT_0021_01,{'PART_10': 125},14400.0,0.33227849927849956,0.2970404040404043,0.023333333333333334,0.011904761904761904,0.2,0.46153846153846156,0.6,0.3,0.1,0.03,0.1,0.2,0.1,0.006,2.0,1200.0,0.09321325341325357,,,,
kitting_started,12810.666666666704,AGV_10,TOTE_0446,station_4,KIT_0021_01,,,,,,,,,,,,,,,,,,,,,,,
kitting_completed,12826.000000000035,AGV_04,TOTE_0275,station_2,KIT_0019_01,,,,,,,,,,,,,,,,,,,,{'PART_04': 400},False,,
dispatch,12826.000000000035,AGV_09,TOTE_0311,station_2,KIT_0019_01,{'PART_04': 400},11520.0,1.2357002264215684,1.1999994688458109,0.011458333333333333,0.024242424242424246,0.2,0.40512820512820513,0.6,0.3,0.1,0.03,0.1,0.2,0.1,0.006,2.0,1200.0,0.6409073153401206,,,,
kitting_started,12827.333333333369,AGV_06,TOTE_0293,station_2,KIT_0019_01,,,,,,,,,,,,,,,,,,,,,,,
kitting_completed,12835.333333333369,AGV_05,TOTE_0224,station_3,KIT_0020_02,,,,,,,,,,,,,,,,,,,,{'PART_03': 200},False,,
dispatch,12836.000000000036,AGV_02,TOTE_0194,station_3,KIT_0020_02,{'PART_03': 200},11520.0,1.2392012986749235,1.1999994997778187,0.013295063145809416,0.025906735751295335,0.2,0.35384615384615387,0.6,0.3,0.1,0.03,0.1,0.2,0.1,0.006,2.0,1200.0,0.6481361638203387,,,,
kitting_started,12836.666666666702,AGV_08,TOTE_0242,station_3,KIT_0020_02,,,,,,,,,,,,,,,,,,,,,,,
kitting_completed,12838.666666666704,AGV_03,TOTE_0008,station_1,KIT_0020_01,,,,,,,,,,,,,,,,,,,,{'PART_01': 62},False,,
kitting_started,12840.000000000038,AGV_01,TOTE_0903,station_1,KIT_0020_01,,,,,,,,,,,,,,,,,,,,,,,
kitting_completed,12850.000000000038,AGV_01,TOTE_0903,station_1,KIT_0020_01,,,,,,,,,,,,,,,,,,,,{'PART_05': 15},False,,
dispatch,12854.000000000035,AGV_04,TOTE_0921,station_1,KIT_0020_01,{'PART_05': 15},11520.0,1.234096458980726,1.199999550986759,0.0007635746606334847,0.03333333333333333,0.2,0.3076923076923077,0.6,0.3,0.1,0.03,0.1,0.2,0.1,0.006,2.0,1200.0,0.6496886446192048,,,,
dispatch,12864.000000000035,AGV_05,TOTE_0203,station_1,KIT_0020_01,{'PART_03': 20},11520.0,1.267175293575674,1.1999995771352516,0.0005090497737556577,0.06666666666666667,0.31999999999999995,0.358974358974359,0.6,0.3,0.1,0.03,0.1,0.2,0.1,0.006,2.0,1200.0,0.6284077402479685,,,,
kitting_completed,12867.333333333369,AGV_06,TOTE_0293,station_2,KIT_0019_01,,,,,,,,,,,,,,,,,,,,{'PART_04': 400},False,,
kitting_started,12868.666666666702,AGV_09,TOTE_0311,station_2,KIT_0019_01,,,,,,,,,,,,,,,,,,,,,,,
dispatch,12868.666666666704,AGV_03,TOTE_0008,station_2,KIT_0019_01,{'PART_01': 8},11520.0,1.2093201443667922,1.1999995888112367,0.008680555555555556,0.00064,0.040000000000000036,0.3128205128205128,0.6,0.3,0.1,0.03,0.1,0.2,0.1,0.006,2.0,1200.0,0.682310035338024,,,,
kitting_completed,12870.666666666704,AGV_10,TOTE_0446,station_4,KIT_0021_01,,,,,,,,,,,,,,,,,,,,{'PART_05': 90},False,,
dispatch,12870.666666666704,AGV_01,TOTE_0846,station_4,KIT_0021_01,{'PART_01': 10},14400.0,0.31914168714168745,0.2975050505050508,0.020555555555555553,0.001081081081081081,0.2,0.358974358974359,0.6,0.3,0.1,0.03,0.1,0.2,0.1,0.006,2.0,1200.0,0.09558757638757656,,,,
kitting_started,12872.000000000038,AGV_07,TOTE_0539,station_4,KIT_0021_01,,,,,,,,,,,,,,,,,,,,,,,
kitting_completed,12876.666666666702,AGV_08,TOTE_0242,station_3,KIT_0020_02,,,,,,,,,,,,,,,,,,,,{'PART_03': 200},False,,
kitting_started,12878.000000000036,AGV_02,TOTE_0194,station_3,KIT_0020_02,,,,,,,,,,,,,,,,,,,,,,,
kitting_started,12884.000000000035,AGV_04,TOTE_0921,station_1,KIT_0020_01,,,,,,,,,,,,,,,,,,,,,,,
kitting_completed,12894.000000000035,AGV_04,TOTE_0921,station_1,KIT_0020_01,,,,,,,,,,,,,,,,,,,,{'PART_05': 15},False,,
kitting_started,12895.333333333369,AGV_05,TOTE_0203,station_1,KIT_0020_01,,,,,,,,,,,,,,,,,,,,,,,
dispatch,12895.333333333369,AGV_06,TOTE_0605,station_3,KIT_0020_02,{'PART_03': 5},11520.0,1.2107245217508256,1.199999649608043,0.009850746268656714,0.0008741258741258742,0.07999999999999999,0.3641025641025641,0.6,0.3,0.1,0.03,0.1,0.2,0.1,0.006,2.0,1200.0,0.6660244566402389,,,,
dispatch,12897.33333333337,AGV_10,TOTE_0939,station_1,KIT_0020_01,{'PART_05': 10},11520.0,1.3001693370455374,1.1999996537876187,0.00016968325791855143,0.1,0.5333333333333334,0.38461538461538464,0.6,0.3,0.1,0.03,0.1,0.2,0.1,0.006,2.0,1200.0,0.5816400637657839,,,,
kitting_completed,12908.666666666702,AGV_09,TOTE_0311,station_2,KIT_0019_01,,,,,,,,,,,,,,,,,,,,{'PART_04': 400},False,,
dispatch,12908.666666666702,AGV_08,TOTE_0254,station_2,KIT_0019_01,{'PART_04': 400},11520.0,1.2408307957100955,1.1999996765474545,0.008624999999999999,0.0322061191626409,0.2,0.4564102564102564,0.6,0.3,0.1,0.03,0.1,0.2,0.1,0.006,2.0,1200.0,0.6388574517850315,,,,
kitting_started,12910.000000000036,AGV_03,TOTE_0008,station_2,KIT_0019_01,,,,,,,,,,,,,,,,,,,,,,,
kitting_completed,12915.333333333369,AGV_05,TOTE_0203,station_1,KIT_0020_01,,,,,,,,,,,,,,,,,,,,{'PART_03': 20},False,,
kitting_completed,12918.000000000036,AGV_02,TOTE_0194,station_3,KIT_0020_02,,,,,,,,,,,,,,,,,,,,{'PART_03': 200},False,,
dispatch,12918.000000000036,AGV_04,TOTE_0443,station_3,KIT_0020_02,{'PART_05': 90},11520.0,1.2256373483827019,1.1999996941629583,0.009764638346727897,0.015873015873015872,0.2,0.441025641025641,0.6,0.3,0.1,0.03,0.1,0.2,0.1,0.006,2.0,1200.0,0.6312798449270571,,,,
kitting_completed,12922.000000000038,AGV_07,TOTE_0539,station_4,KIT_0021_01,,,,,,,,,,,,,,,,,,,,{'PART_10': 125},False,,
kitting_started,12923.333333333372,AGV_01,TOTE_0846,station_4,KIT_0021_01,,,,,,,,,,,,,,,,,,,,,,,
kitting_started,12927.333333333369,AGV_06,TOTE_0605,station_3,KIT_0020_02,,,,,,,,,,,,,,,,,,,,,,,
kitting_completed,12930.000000000036,AGV_03,TOTE_0008,station_2,KIT_0019_01,,,,,,,,,,,,,,,,,,,,{'PART_01': 8},False,,
kitting_completed,12933.333333333372,AGV_01,TOTE_0846,station_4,KIT_0021_01,,,,,,,,,,,,,,,,,,,,{'PART_01': 10},False,,
dispatch,12936.666666666702,AGV_09,TOTE_0746,station_2,KIT_0019_01,{'PART_04': 100},11520.0,1.2177234333509388,1.1999997265681466,0.005847222222222222,0.011876484560570071,0.2,0.3384615384615385,0.6,0.3,0.1,0.03,0.1,0.2,0.1,0.006,2.0,1200.0,0.6367879061644095,,,,
kitting_started,12937.33333333337,AGV_10,TOTE_0939,station_1,KIT_0020_01,,,,,,,,,,,,,,,,,,,,,,,
dispatch,12942.000000000035,AGV_05,TOTE_0068,station_4,KIT_0021_01,{'PART_01': 70},14400.0,0.32602906110283186,0.29804545454545484,0.020333333333333335,0.007650273224043717,0.2,0.41025641025641024,0.6,0.3,0.1,0.03,0.1,0.2,0.1,0.006,2.0,1200.0,0.0945917956360581,,,,
dispatch,12946.000000000036,AGV_02,TOTE_0086,station_4,KIT_0021_01,{'PART_01': 70},14400.0,0.3251375590221747,0.2980757575757579,0.01877777777777778,0.008284023668639054,0.2,0.3333333333333333,0.6,0.3,0.1,0.03,0.1,0.2,0.1,0.006,2.0,1200.0,0.10174920207997151,,,,
kitting_started,12946.666666666702,AGV_08,TOTE_0254,station_2,KIT_0019_01,,,,,,,,,,,,,,,,,,,,,,,
kitting_completed,12947.333333333369,AGV_06,TOTE_0605,station_3,KIT_0020_02,,,,,,,,,,,,,,,,,,,,{'PART_03': 5},False,,
dispatch,12948.666666666704,AGV_07,TOTE_0323,station_3,KIT_0020_02,{'PART_05': 75},11520.0,1.2239377117554722,1.1999997455632112,0.008214695752009183,0.015723270440251572,0.0,0.40512820512820513,0.6,0.3,0.1,0.03,0.1,0.2,0.1,0.006,2.0,1200.0,0.6938498065404628,,,,
kitting_completed,12957.33333333337,AGV_10,TOTE_0939,station_1,KIT_0020_01,,,,,,,,,,,,,,,,,,,,{'PART_05': 10},True,,
kitting_started,12960.000000000036,AGV_04,TOTE_0443,station_3,KIT_0020_02,,,,,,,,,,,,,,,,,,,,,,,
kitting_started,12972.666666666704,AGV_02,TOTE_0086,station_4,KIT_0021_01,,,,,,,,,,,,,,,,,,,,,,,
kitting_completed,12986.666666666702,AGV_08,TOTE_0254,station_2,KIT_0019_01,,,,,,,,,,,,,,,,,,,,{'PART_04': 400},False,,
dispatch,12986.666666666702,AGV_01,TOTE_0764,station_2,KIT_0019_01,{'PART_04': 100},11520.0,1.2186296641632617,1.199999797436697,0.005152777777777778,0.013477088948787061,0.2,0.3128205128205128,0.6,0.3,0.1,0.03,0.1,0.2,0.1,0.006,2.0,1200.0,0.6398957472159057,,,,
kitting_started,12988.000000000036,AGV_09,TOTE_0746,station_2,KIT_0019_01,,,,,,,,,,,,,,,,,,,,,,,
kitting_completed,12998.000000000036,AGV_09,TOTE_0746,station_2,KIT_0019_01,,,,,,,,,,,,,,,,,,,,{'PART_04': 100},False,,
dispatch,12998.000000000036,AGV_06,TOTE_0026,station_2,KIT_0019_01,{'PART_01': 70},11520.0,1.2153615708777223,1.1999998107531118,0.004458333333333334,0.01090342679127726,0.2,0.3128205128205128,0.6,0.3,0.1,0.03,0.1,0.2,0.1,0.006,2.0,1200.0,0.6379348912445821,,,,
kit_replacement,13017.33333333337,,,station_1,,,,,,,,,,,,,,,,,,,,,,,KIT_0020_01,KIT_0021_02
dispatch,13017.33333333337,AGV_03,TOTE_0939,station_1,KIT_0021_02,{'PART_05': 5},14400.0,0.32898653198653227,0.2986161616161619,0.03,0.0003703703703703704,-0.3333333333333334,0.23076923076923078,0.6,0.3,0.1,0.03,0.1,0.2,0.1,0.006,2.0,1200.0,0.2743149961149963,,,,
dispatch,13017.33333333337,AGV_10,TOTE_0831,station_1,KIT_0021_02,{'PART_02': 20},14400.0,0.32999203935263444,0.2986161616161619,0.02988888888888889,0.001486988847583643,0.2,0.23076923076923078,0.6,0.3,0.1,0.03,0.1,0.2,0.1,0.006,2.0,1200.0,0.11491830053465757,,,,
kitting_completed,13020.000000000036,AGV_04,TOTE_0443,station_3,KIT_0020_02,,,,,,,,,,,,,,,,,,,,{'PART_05': 90},False,,
dispatch,13020.000000000036,AGV_08,TOTE_0497,station_3,KIT_0020_02,{'PART_08': 72},11520.0,1.2248333588394635,1.1999998341551925,0.0069230769230769216,0.01791044776119403,0.2,0.38974358974358975,0.6,0.3,0.1,0.03,0.1,0.2,0.1,0.006,2.0,1200.0,0.6359256563293192,,,,
kitting_started,13021.33333333337,AGV_07,TOTE_0323,station_3,KIT_0020_02,,,,,,,,,,,,,,,,,,,,,,,
kitting_started,13026.666666666704,AGV_06,TOTE_0026,station_2,KIT_0019_01,,,,,,,,,,,,,,,,,,,,,,,
kitting_started,13037.33333333337,AGV_10,TOTE_0831,station_1,KIT_0021_02,,,,,,,,,,,,,,,,,,,,,,,
kitting_completed,13042.666666666704,AGV_02,TOTE_0086,station_4,KIT_0021_01,,,,,,,,,,,,,,,,,,,,{'PART_01': 70},False,,
dispatch,13042.666666666704,AGV_09,TOTE_0530,station_4,KIT_0021_01,{'PART_10': 125},14400.0,0.33215933528836783,0.2988080808080811,0.017222222222222222,0.016129032258064516,0.2,0.4358974358974359,0.6,0.3,0.1,0.03,0.1,0.2,0.1,0.006,2.0,1200.0,0.0957058575832771,,,,
kitting_started,13044.000000000038,AGV_05,TOTE_0068,station_4,KIT_0021_01,,,,,,,,,,,,,,,,,,,,,,,
kitting_completed,13047.33333333337,AGV_10,TOTE_0831,station_1,KIT_0021_02,,,,,,,,,,,,,,,,,,,,{'PART_02': 20},False,,
dispatch,13047.33333333337,AGV_04,TOTE_0545,station_1,KIT_0021_02,{'PART_10': 125},14400.0,0.33772184105203,0.29884343434343463,0.029444444444444443,0.009433962264150945,0.2,0.38461538461538464,0.6,0.3,0.1,0.03,0.1,0.2,0.1,0.006,2.0,1200.0,0.10417156616967954,,,,
kitting_started,13050.666666666704,AGV_03,TOTE_0939,station_1,KIT_0021_02,,,,,,,,,,,,,,,,,,,,,,,
kitting_completed,13070.666666666704,AGV_03,TOTE_0939,station_1,KIT_0021_02,,,,,,,,,,,,,,,,,,,,{'PART_05': 5},False,,
dispatch,13070.666666666704,AGV_02,TOTE_0831,station_1,KIT_0021_02,{'PART_02': 20},14400.0,0.3273535353535356,0.2990202020202023,0.026666666666666665,0.0016666666666666668,0.2,0.23076923076923078,0.6,0.3,0.1,0.03,0.1,0.2,0.1,0.006,2.0,1200.0,0.1133351981351983,,,,
kitting_completed,13071.33333333337,AGV_07,TOTE_0323,station_3,KIT_0020_02,,,,,,,,,,,,,,,,,,,,{'PART_05': 75},False,,
dispatch,13071.33333333337,AGV_10,TOTE_0494,station_3,KIT_0020_02,{'PART_08': 62},11520.0,1.22447087975329,1.1999998781181092,0.005683122847301951,0.018787878787878787,0.1333333333333333,0.4666666666666667,0.6,0.3,0.1,0.03,0.1,0.2,0.1,0.006,2.0,1200.0,0.6480158611853073,,,,
kitting_started,13072.666666666704,AGV_08,TOTE_0497,station_3,KIT_0020_02,,,,,,,,,,,,,,,,,,,,,,,
kitting_started,13080.666666666704,AGV_04,TOTE_0545,station_1,KIT_0021_02,,,,,,,,,,,,,,,,,,,,,,,
kitting_completed,13096.666666666704,AGV_06,TOTE_0026,station_2,KIT_0019_01,,,,,,,,,,,,,,,,,,,,{'PART_01': 70},False,,
dispatch,13096.666666666704,AGV_03,TOTE_0044,station_2,KIT_0019_01,{'PART_01': 32},11520.0,1.2095665231215114,1.1999998953048836,0.0039722222222222225,0.005594405594405594,0.16000000000000014,0.4153846153846154,0.6,0.3,0.1,0.03,0.1,0.2,0.1,0.006,2.0,1200.0,0.6362014523344452,,,,
kitting_started,13098.000000000038,AGV_01,TOTE_0764,station_2,KIT_0019_01,,,,,,,,,,,,,,,,,,,,,,,
kitting_completed,13108.000000000038,AGV_01,TOTE_0764,station_2,KIT_0019_01,,,,,,,,,,,,,,,,,,,,{'PART_04': 100},False,,
dispatch,13108.000000000038,AGV_07,TOTE_0140,station_2,KIT_0019_01,{'PART_02': 120},11520.0,1.225972124409713,1.199999902187491,0.00375,0.022222222222222223,0.2,0.441025641025641,0.6,0.3,0.1,0.03,0.1,0.2,0.1,0.006,2.0,1200.0,0.6314807105432638,,,,
kitting_completed,13114.000000000038,AGV_05,TOTE_0068,station_4,KIT_0021_01,,,,,,,,,,,,,,,,,,,,{'PART_01': 70},False,,
kitting_started,13115.333333333372,AGV_09,TOTE_0530,station_4,KIT_0021_01,,,,,,,,,,,,,,,,,,,,,,,
dispatch,13122.000000000038,AGV_06,TOTE_0341,station_4,KIT_0021_01,{'PART_05': 90},14400.0,0.3276996891996895,0.29940909090909124,0.014444444444444446,0.013846153846153848,0.2,0.41025641025641024,0.6,0.3,0.1,0.03,0.1,0.2,0.1,0.006,2.0,1200.0,0.09559417249417268,,,,
kitting_completed,13130.666666666704,AGV_04,TOTE_0545,station_1,KIT_0021_02,,,,,,,,,,,,,,,,,,,,{'PART_10': 125},False,,
kitting_started,13132.000000000038,AGV_02,TOTE_0831,station_1,KIT_0021_02,,,,,,,,,,,,,,,,,,,,,,,
kitting_completed,13132.666666666704,AGV_08,TOTE_0497,station_3,KIT_0020_02,,,,,,,,,,,,,,,,,,,,{'PART_08': 72},False,,
dispatch,13133.333333333372,AGV_01,TOTE_0083,station_3,KIT_0020_02,{'PART_01': 70},11520.0,1.23073470358066,1.1999999159802006,0.004615384615384616,0.026119402985074626,0.2,0.3384615384615385,0.6,0.3,0.1,0.03,0.1,0.2,0.1,0.006,2.0,1200.0,0.6445946683022421,,,,
kitting_started,13134.000000000038,AGV_10,TOTE_0494,station_3,KIT_0020_02,,,,,,,,,,,,,,,,,,,,,,,
kitting_started,13135.333333333372,AGV_03,TOTE_0044,station_2,KIT_0019_01,,,,,,,,,,,,,,,,,,,,,,,
dispatch,13140.666666666704,AGV_05,TOTE_0131,station_1,KIT_0021_02,{'PART_02': 120},14400.0,0.3359422187981513,0.29955050505050534,0.026222222222222223,0.01016949152542373,0.2,0.41025641025641024,0.6,0.3,0.1,0.03,0.1,0.2,0.1,0.006,2.0,1200.0,0.10053969025324974,,,,
kitting_completed,13142.000000000038,AGV_02,TOTE_0831,station_1,KIT_0021_02,,,,,,,,,,,,,,,,,,,,{'PART_02': 20},False,,
dispatch,13157.33333333337,AGV_04,TOTE_0149,station_1,KIT_0021_02,{'PART_02': 40},14400.0,0.3270059081379839,0.299676767676768,0.023555555555555555,0.0037735849056603774,0.0,0.3333333333333333,0.6,0.3,0.1,0.03,0.1,0.2,0.1,0.006,2.0,1200.0,0.16287021154945702,,,,
kitting_completed,13165.333333333372,AGV_09,TOTE_0530,station_4,KIT_0021_01,,,,,,,,,,,,,,,,,,,,{'PART_10': 125},False,,
dispatch,13165.333333333372,AGV_08,TOTE_0359,station_4,KIT_0021_01,{'PART_05': 90},14400.0,0.3282532467532471,0.2997373737373741,0.012444444444444445,0.016071428571428573,0.2,0.38461538461538464,0.6,0.3,0.1,0.03,0.1,0.2,0.1,0.006,2.0,1200.0,0.09849040959040978,,,,
kitting_started,13166.666666666706,AGV_06,TOTE_0341,station_4,KIT_0021_01,,,,,,,,,,,,,,,,,,,,,,,
kitting_started,13177.333333333372,AGV_05,TOTE_0131,station_1,KIT_0021_02,,,,,,,,,,,,,,,,,,,,,,,
kitting_completed,13185.333333333372,AGV_03,TOTE_0044,station_2,KIT_0019_01,,,,,,,,,,,,,,,,,,,,{'PART_01': 32},False,,
dispatch,13185.333333333372,AGV_02,TOTE_0167,station_2,KIT_0019_01,{'PART_02': 120},11520.0,1.2314880337371537,1.1999999384990585,0.0029166666666666664,0.02857142857142857,0.2,0.4307692307692308,0.6,0.3,0.1,0.03,0.1,0.2,0.1,0.006,2.0,1200.0,0.635815897165369,,,,
kitting_started,13186.666666666706,AGV_07,TOTE_0140,station_2,KIT_0019_01,,,,,,,,,,,,,,,,,,,,,,,
kitting_completed,13204.000000000038,AGV_10,TOTE_0494,station_3,KIT_0020_02,,,,,,,,,,,,,,,,,,,,{'PART_08': 62},False,,
dispatch,13204.000000000038,AGV_09,TOTE_0062,station_3,KIT_0020_02,{'PART_01': 70},11520.0,1.2387633540773528,1.1999999450154364,0.0034098737083811713,0.03535353535353535,0.2,0.3641025641025641,0.6,0.3,0.1,0.03,0.1,0.2,0.1,0.006,2.0,1200.0,0.6468477560361552,,,,
kitting_started,13205.333333333372,AGV_01,TOTE_0083,station_3,KIT_0020_02,,,,,,,,,,,,,,,,,,,,,,,
kitting_completed,13226.666666666706,AGV_06,TOTE_0341,station_4,KIT_0021_01,,,,,,,,,,,,,,,,,,,,{'PART_05': 90},False,,
dispatch,13226.666666666706,AGV_03,TOTE_0044,station_4,KIT_0021_01,{'PART_01': 38},14400.0,0.33820486405461825,0.3196753132271951,0.010444444444444442,0.008085106382978725,0.03999999999999987,0.4358974358974359,0.6,0.3,0.1,0.03,0.1,0.2,0.1,0.006,2.0,1200.0,0.14733317484302738,,,,
kitting_started,13228.00000000004,AGV_08,TOTE_0359,station_4,KIT_0021_01,,,,,,,,,,,,,,,,,,,,,,,
kitting_completed,13237.333333333372,AGV_05,TOTE_0131,station_1,KIT_0021_02,,,,,,,,,,,,,,,,,,,,{'PART_02': 120},False,,
dispatch,13237.333333333372,AGV_10,TOTE_0383,station_1,KIT_0021_02,{'PART_05': 90},14400.0,0.36773716984236604,0.33624697376393464,0.022666666666666665,0.008823529411764707,0.2,0.358974358974359,0.6,0.3,0.1,0.03,0.1,0.2,0.1,0.006,2.0,1200.0,0.1247448660079837,,,,
kitting_started,13238.666666666706,AGV_04,TOTE_0149,station_1,KIT_0021_02,,,,,,,,,,,,,,,,,,,,,,,
kitting_completed,13246.666666666706,AGV_07,TOTE_0140,station_2,KIT_0019_01,,,,,,,,,,,,,,,,,,,,{'PART_02': 120},False,,
kitting_started,13248.00000000004,AGV_02,TOTE_0167,station_2,KIT_0019_01,,,,,,,,,,,,,,,,,,,,,,,
dispatch,13253.333333333372,AGV_06,TOTE_0476,station_2,KIT_0019_01,{'PART_07': 25},11520.0,1.2104166257698392,1.1999999591031725,0.0020833333333333324,0.008333333333333333,0.2,0.38974358974358975,0.6,0.3,0.1,0.03,0.1,0.2,0.1,0.006,2.0,1200.0,0.6272756164875446,,,,
kitting_completed,13258.666666666706,AGV_04,TOTE_0149,station_1,KIT_0021_02,,,,,,,,,,,,,,,,,,,,{'PART_02': 40},False,,
dispatch,13264.000000000038,AGV_05,TOTE_0401,station_1,KIT_0021_02,{'PART_05': 90},14400.0,0.42185353608089227,0.39150945005938687,0.020666666666666667,0.00967741935483871,0.2,0.3333333333333333,0.6,0.3,0.1,0.03,0.1,0.2,0.1,0.006,2.0,1200.0,0.15977878831520204,,,,
kitting_started,13267.333333333374,AGV_10,TOTE_0383,station_1,KIT_0021_02,,,,,,,,,,,,,,,,,,,,,,,
kitting_completed,13275.333333333372,AGV_01,TOTE_0083,station_3,KIT_0020_02,,,,,,,,,,,,,,,,,,,,{'PART_01': 70},False,,
kitting_started,13276.666666666706,AGV_09,TOTE_0062,station_3,KIT_0020_02,,,,,,,,,,,,,,,,,,,,,,,
dispatch,13278.666666666706,AGV_07,TOTE_0080,station_3,KIT_0020_02,{'PART_01': 70},11520.0,1.2568918276714822,1.1999999648701045,0.0022043628013777273,0.0546875,0.2,0.4153846153846154,0.6,0.3,0.1,0.03,0.1,0.2,0.1,0.006,2.0,1200.0,0.6525966350644279,,,,
kitting_completed,13288.00000000004,AGV_08,TOTE_0359,station_4,KIT_0021_01,,,,,,,,,,,,,,,,,,,,{'PART_05': 90},False,,
dispatch,13288.00000000004,AGV_04,TOTE_0017,station_4,KIT_0021_01,{'PART_01': 62},14400.0,0.47540177617420437,0.45144992432235254,0.009599999999999997,0.014351851851851852,0.15999999999999998,0.4358974358974359,0.6,0.3,0.1,0.03,0.1,0.2,0.1,0.006,2.0,1200.0,0.19365132211477903,,,,
kitting_started,13289.333333333374,AGV_03,TOTE_0044,station_4,KIT_0021_01,,,,,,,,,,,,,,,,,,,,,,,
kitting_completed,13308.00000000004,AGV_02,TOTE_0167,station_2,KIT_0019_01,,,,,,,,,,,,,,,,,,,,{'PART_02': 120},False,,
dispatch,13308.00000000004,AGV_01,TOTE_0601,station_2,KIT_0019_01,{'PART_04': 100},11520.0,1.2382733291252963,1.1999999705394377,0.0019097222222222232,0.03636363636363637,0.2,0.49230769230769234,0.6,0.3,0.1,0.03,0.1,0.2,0.1,0.006,2.0,1200.0,0.6337332282444086,,,,
kitting_started,13309.333333333374,AGV_06,TOTE_0476,station_2,KIT_0019_01,,,,,,,,,,,,,,,,,,,,,,,
kitting_completed,13327.333333333374,AGV_10,TOTE_0383,station_1,KIT_0021_02,,,,,,,,,,,,,,,,,,,,{'PART_05': 90},False,,
dispatch,13327.333333333374,AGV_08,TOTE_0419,station_1,KIT_0021_02,{'PART_05': 90},14400.0,0.5862141114211197,0.5568331590401674,0.018666666666666665,0.010714285714285714,0.2,0.4358974358974359,0.6,0.3,0.1,0.03,0.1,0.2,0.1,0.006,2.0,1200.0,0.24813872326292818,,,,
kitting_started,13328.666666666708,AGV_05,TOTE_0401,station_1,KIT_0021_02,,,,,,,,,,,,,,,,,,,,,,,
kitting_completed,13339.333333333374,AGV_03,TOTE_0044,station_4,KIT_0021_01,,,,,,,,,,,,,,,,,,,,{'PART_01': 38},False,,
dispatch,13339.333333333374,AGV_02,TOTE_0377,station_4,KIT_0021_01,{'PART_05': 90},14400.0,0.6214369166526035,0.5888903701060569,0.008222222222222221,0.024324324324324326,0.2,0.4358974358974359,0.6,0.3,0.1,0.03,0.1,0.2,0.1,0.006,2.0,1200.0,0.2692724064018185,,,,
kitting_started,13340.666666666708,AGV_04,TOTE_0017,station_4,KIT_0021_01,,,,,,,,,,,,,,,,,,,,,,,
kitting_completed,13346.666666666706,AGV_09,TOTE_0062,station_3,KIT_0020_02,,,,,,,,,,,,,,,,,,,,{'PART_01': 70},False,,
kitting_started,13348.00000000004,AGV_07,TOTE_0080,station_3,KIT_0020_02,,,,,,,,,,,,,,,,,,,,,,,
dispatch,13354.00000000004,AGV_10,TOTE_0098,station_3,KIT_0020_02,{'PART_01': 50},11520.0,1.2872057260910428,1.1999999776449444,0.000998851894374283,0.08620689655172414,0.2,0.38974358974358975,0.6,0.3,0.1,0.03,0.1,0.2,0.1,0.006,2.0,1200.0,0.6733490766802668,,,,
kitting_completed,13359.333333333374,AGV_06,TOTE_0476,station_2,KIT_0019_01,,,,,,,,,,,,,,,,,,,,{'PART_07': 25},False,,
kitting_started,13360.666666666708,AGV_01,TOTE_0601,station_2,KIT_0019_01,,,,,,,,,,,,,,,,,,,,,,,
kitting_completed,13370.666666666708,AGV_01,TOTE_0601,station_2,KIT_0019_01,,,,,,,,,,,,,,,,,,,,{'PART_04': 100},False,,
dispatch,13372.666666666708,AGV_03,TOTE_0473,station_2,KIT_0019_01,{'PART_07': 25},11520.0,1.215500972077083,1.199999980013591,0.0012152777777777789,0.014285714285714285,0.2,0.37948717948717947,0.6,0.3,0.1,0.03,0.1,0.2,0.1,0.006,2.0,1200.0,0.6313518652975318,,,,
dispatch,13375.333333333372,AGV_09,TOTE_0471,station_2,KIT_0019_01,{'PART_07': 25},11520.0,1.2177083136641622,1.199999980330829,0.0010416666666666662,0.016666666666666666,0.2,0.40512820512820513,0.6,0.3,0.1,0.03,0.1,0.2,0.1,0.006,2.0,1200.0,0.6301121676856769,,,,
kitting_completed,13388.666666666708,AGV_05,TOTE_0401,station_1,KIT_0021_02,,,,,,,,,,,,,,,,,,,,{'PART_05': 90},False,,
dispatch,13388.666666666708,AGV_06,TOTE_0524,station_1,KIT_0021_02,{'PART_10': 125},14400.0,0.7465757542085627,0.7132424208752293,0.016666666666666666,0.016666666666666666,0.2,0.38461538461538464,0.6,0.3,0.1,0.03,0.1,0.2,0.1,0.006,2.0,1200.0,0.34948391406359913,,,,
kitting_started,13390.000000000042,AGV_08,TOTE_0419,station_1,KIT_0021_02,,,,,,,,,,,,,,,,,,,,,,,
kitting_started,13404.000000000042,AGV_03,TOTE_0473,station_2,KIT_0019_01,,,,,,,,,,,,,,,,,,,,,,,
kitting_completed,13418.00000000004,AGV_07,TOTE_0080,station_3,KIT_0020_02,,,,,,,,,,,,,,,,,,,,{'PART_01': 70},False,,
dispatch,13418.00000000004,AGV_01,TOTE_0623,station_3,KIT_0020_02,{'PART_01': 8},11520.0,1.3001377574483555,1.1999999847732692,0.00013777267508610858,0.1,0.6400000000000001,0.38974358974358975,0.6,0.3,0.1,0.03,0.1,0.2,0.1,0.006,2.0,1200.0,0.5491082954946542,,,,
kitting_started,13419.333333333374,AGV_10,TOTE_0098,station_3,KIT_0020_02,,,,,,,,,,,,,,,,,,,,,,,
kitting_completed,13420.666666666708,AGV_04,TOTE_0017,station_4,KIT_0021_01,,,,,,,,,,,,,,,,,,,,{'PART_01': 62},False,,
dispatch,13420.666666666708,AGV_05,TOTE_0395,station_4,KIT_0021_01,{'PART_05': 90},14400.0,0.823154459571217,0.7847893802061376,0.006222222222222221,0.03214285714285715,0.2,0.4358974358974359,0.6,0.3,0.1,0.03,0.1,0.2,0.1,0.006,2.0,1200.0,0.3903029321529866,,,,
kitting_started,13422.000000000042,AGV_02,TOTE_0377,station_4,KIT_0021_01,,,,,,,,,,,,,,,,,,,,,,,
kitting_completed,13450.000000000042,AGV_08,TOTE_0419,station_1,KIT_0021_02,,,,,,,,,,,,,,,,,,,,{'PART_05': 90},False,,
dispatch,13450.000000000042,AGV_07,TOTE_0542,station_1,KIT_0021_02,{'PART_10': 50},14400.0,0.865062962152871,0.8431740732639822,0.013888888888888886,0.008,0.0,0.46153846153846156,0.6,0.3,0.1,0.03,0.1,0.2,0.1,0.006,2.0,1200.0,0.47288393113787647,,,,
kitting_started,13451.333333333376,AGV_06,TOTE_0524,station_1,KIT_0021_02,,,,,,,,,,,,,,,,,,,,,,,
kitting_completed,13454.000000000042,AGV_03,TOTE_0473,station_2,KIT_0019_01,,,,,,,,,,,,,,,,,,,,{'PART_07': 25},False,,
dispatch,13454.000000000042,AGV_04,TOTE_0626,station_2,KIT_0019_01,{'PART_02': 20},11520.0,1.216868043286841,1.1999999877312855,0.0008680555555555569,0.016,0.2,0.441025641025641,0.6,0.3,0.1,0.03,0.1,0.2,0.1,0.006,2.0,1200.0,0.6260182618695405,,,,
kitting_started,13455.333333333376,AGV_09,TOTE_0471,station_2,KIT_0019_01,,,,,,,,,,,,,,,,,,,,,,,
kitting_completed,13469.333333333374,AGV_10,TOTE_0098,station_3,KIT_0020_02,,,,,,,,,,,,,,,,,,,,{'PART_01': 50},False,,
kitting_started,13470.666666666708,AGV_01,TOTE_0623,station_3,KIT_0020_02,,,,,,,,,,,,,,,,,,,,,,,
kitting_completed,13482.000000000042,AGV_02,TOTE_0377,station_4,KIT_0021_01,,,,,,,,,,,,,,,,,,,,{'PART_05': 90},False,,
dispatch,13482.000000000042,AGV_08,TOTE_0413,station_4,KIT_0021_01,{'PART_05': 60},14400.0,0.9348500161012844,0.8990488465106411,0.004222222222222222,0.031578947368421054,0.0,0.4358974358974359,0.6,0.3,0.1,0.03,0.1,0.2,0.1,0.006,2.0,1200.0,0.5173202660710271,,,,
kitting_started,13483.333333333376,AGV_05,TOTE_0395,station_4,KIT_0021_01,,,,,,,,,,,,,,,,,,,,,,,
kitting_completed,13490.666666666708,AGV_01,TOTE_0623,station_3,KIT_0020_02,,,,,,,,,,,,,,,,,,,,{'PART_01': 8},True,,
kitting_completed,13501.333333333376,AGV_06,TOTE_0524,station_1,KIT_0021_02,,,,,,,,,,,,,,,,,,,,{'PART_10': 125},False,,
dispatch,13501.333333333376,AGV_10,TOTE_0017,station_1,KIT_0021_02,{'PART_01': 8},14400.0,0.9432029110118405,0.9290338288862366,0.012777777777777777,0.001391304347826087,0.040000000000000036,0.6153846153846154,0.6,0.3,0.1,0.03,0.1,0.2,0.1,0.006,2.0,1200.0,0.4923832850686427,,,,
kitting_started,13502.66666666671,AGV_07,TOTE_0542,station_1,KIT_0021_02,,,,,,,,,,,,,,,,,,,,,,,
kitting_completed,13505.333333333376,AGV_09,TOTE_0471,station_2,KIT_0019_01,,,,,,,,,,,,,,,,,,,,{'PART_07': 25},False,,
dispatch,13505.333333333376,AGV_03,TOTE_0470,station_2,KIT_0019_01,{'PART_07': 25},11520.0,1.224538681459724,1.1999999909835337,0.0007291666666666674,0.023809523809523808,0.2,0.4307692307692308,0.6,0.3,0.1,0.03,0.1,0.2,0.1,0.006,2.0,1200.0,0.6316462857989112,,,,
kitting_started,13506.66666666671,AGV_04,TOTE_0626,station_2,KIT_0019_01,,,,,,,,,,,,,,,,,,,,,,,
kitting_completed,13516.66666666671,AGV_04,TOTE_0626,station_2,KIT_0019_01,,,,,,,,,,,,,,,,,,,,{'PART_02': 20},False,,
dispatch,13516.66666666671,AGV_02,TOTE_0467,station_2,KIT_0019_01,{'PART_07': 20},11520.0,1.2255555471318273,1.1999999915762718,0.0005555555555555547,0.025,0.0,0.4666666666666667,0.6,0.3,0.1,0.03,0.1,0.2,0.1,0.006,2.0,1200.0,0.6886666616124297,,,,
kitting_completed,13522.66666666671,AGV_07,TOTE_0542,station_1,KIT_0021_02,,,,,,,,,,,,,,,,,,,,{'PART_10': 50},False,,
dispatch,13522.66666666671,AGV_01,TOTE_0623,station_1,KIT_0021_02,{'PART_01': 2},14400.0,0.9719839084868812,0.9590311748008141,0.0126,0.0003527336860670194,-0.4400000000000001,0.4358974358974359,0.6,0.3,0.1,0.03,0.1,0.2,0.1,0.006,2.0,1200.0,0.6716006015023852,,,,
kitting_started,13540.000000000044,AGV_03,TOTE_0470,station_2,KIT_0019_01,,,,,,,,,,,,,,,,,,,,,,,
kitting_completed,13543.333333333376,AGV_05,TOTE_0395,station_4,KIT_0021_01,,,,,,,,,,,,,,,,,,,,{'PART_05': 90},False,,
dispatch,13543.333333333376,AGV_09,TOTE_0149,station_4,KIT_0021_01,{'PART_02': 80},14400.0,1.049630267614479,0.9852029171871286,0.0028888888888888896,0.06153846153846154,0.2,0.5128205128205128,0.6,0.3,0.1,0.03,0.1,0.2,0.1,0.006,2.0,1200.0,0.518496109286636,,,,
kitting_started,13544.66666666671,AGV_08,TOTE_0413,station_4,KIT_0021_01,,,,,,,,,,,,,,,,,,,,,,,
kit_replacement,13550.666666666708,,,station_3,,,,,,,,,,,,,,,,,,,,,,,KIT_0020_02,KIT_0022_01
dispatch,13550.666666666708,AGV_04,TOTE_0203,station_3,KIT_0022_01,{'PART_03': 80},14400.0,1.026354673103519,0.9938468361129233,0.03,0.0025078369905956114,-0.11999999999999994,0.441025641025641,0.6,0.3,0.1,0.03,0.1,0.2,0.1,0.006,2.0,1200.0,0.6077102397595473,,,,
dispatch,13550.666666666708,AGV_07,TOTE_0605,station_3,KIT_0022_01,{'PART_03': 45},14400.0,1.0245414303533653,0.9938468361129233,0.029247648902821315,0.001446945337620579,0.12000000000000002,0.38974358974358975,0.6,0.3,0.1,0.03,0.1,0.2,0.1,0.006,2.0,1200.0,0.5397504992376602,,,,
kitting_started,13551.333333333376,AGV_10,TOTE_0017,station_1,KIT_0021_02,,,,,,,,,,,,,,,,,,,,,,,
kitting_completed,13571.333333333376,AGV_10,TOTE_0017,station_1,KIT_0021_02,,,,,,,,,,,,,,,,,,,,{'PART_01': 8},False,,
dispatch,13571.333333333376,AGV_06,TOTE_0326,station_1,KIT_0021_02,{'PART_05': 90},14400.0,1.0449939299686393,1.0165091708732605,0.012555555555555554,0.01592920353982301,0.2,0.3333333333333333,0.6,0.3,0.1,0.03,0.1,0.2,0.1,0.006,2.0,1200.0,0.5336630246478503,,,,
kitting_started,13572.66666666671,AGV_01,TOTE_0623,station_1,KIT_0021_02,,,,,,,,,,,,,,,,,,,,,,,
kitting_completed,13584.66666666671,AGV_08,TOTE_0413,station_4,KIT_0021_01,,,,,,,,,,,,,,,,,,,,{'PART_05': 60},False,,
dispatch,13584.66666666671,AGV_05,TOTE_0809,station_4,KIT_0021_01,{'PART_10': 25},14400.0,1.080986217775026,1.029875106663915,0.0011111111111111126,0.05,0.2,0.3333333333333333,0.6,0.3,0.1,0.03,0.1,0.2,0.1,0.006,2.0,1200.0,0.5552583973316824,,,,
kitting_started,13586.000000000042,AGV_07,TOTE_0605,station_3,KIT_0022_01,,,,,,,,,,,,,,,,,,,,,,,
kitting_completed,13590.000000000044,AGV_03,TOTE_0470,station_2,KIT_0019_01,,,,,,,,,,,,,,,,,,,,{'PART_07': 25},False,,
kitting_started,13590.000000000044,AGV_09,TOTE_0149,station_4,KIT_0021_01,,,,,,,,,,,,,,,,,,,,,,,
kitting_started,13591.333333333378,AGV_02,TOTE_0467,station_2,KIT_0019_01,,,,,,,,,,,,,,,,,,,,,,,
kitting_completed,13592.66666666671,AGV_01,TOTE_0623,station_1,KIT_0021_02,,,,,,,,,,,,,,,,,,,,{'PART_01': 2},False,,
kitting_started,13598.000000000044,AGV_06,TOTE_0326,station_1,KIT_0021_02,,,,,,,,,,,,,,,,,,,,,,,
kitting_completed,13606.000000000042,AGV_07,TOTE_0605,station_3,KIT_0022_01,,,,,,,,,,,,,,,,,,,,{'PART_03': 45},False,,
kitting_started,13607.333333333376,AGV_04,TOTE_0203,station_3,KIT_0022_01,,,,,,,,,,,,,,,,,,,,,,,
dispatch,13611.333333333376,AGV_10,TOTE_0269,station_2,KIT_0019_01,{'PART_04': 50},11520.0,1.2837499952266305,1.1999999952266305,0.0004166666666666652,0.08333333333333334,0.4,0.4666666666666667,0.6,0.3,0.1,0.03,0.1,0.2,0.1,0.006,2.0,1200.0,0.6035833304693117,,,,
dispatch,13611.333333333376,AGV_08,TOTE_0212,station_3,KIT_0022_01,{'PART_03': 200},14400.0,1.0892571271591986,1.0539073902673004,0.028824451410658303,0.006525285481239804,0.2,0.37948717948717947,0.6,0.3,0.1,0.03,0.1,0.2,0.1,0.006,2.0,1200.0,0.5556055583468014,,,,
dispatch,13621.333333333378,AGV_03,TOTE_0344,station_1,KIT_0021_02,{'PART_05': 90},14400.0,1.0915635213501191,1.0620605973735109,0.010555555555555556,0.018947368421052633,0.2,0.3333333333333333,0.6,0.3,0.1,0.03,0.1,0.2,0.1,0.006,2.0,1200.0,0.5616047794767381,,,,
kitting_completed,13630.000000000044,AGV_09,TOTE_0149,station_4,KIT_0021_01,,,,,,,,,,,,,,,,,,,,{'PART_02': 80},False,,
dispatch,13630.000000000044,AGV_01,TOTE_0734,station_4,KIT_0021_01,{'PART_10': 10},14400.0,1.1093298780315557,1.068774322476,0.0005555555555555547,0.04000000000000001,0.32000000000000006,0.358974358974359,0.6,0.3,0.1,0.03,0.1,0.2,0.1,0.006,2.0,1200.0,0.5337004909214975,,,,
kitting_completed,13631.333333333378,AGV_02,TOTE_0467,station_2,KIT_0019_01,,,,,,,,,,,,,,,,,,,,{'PART_07': 20},False,,
kitting_started,13631.333333333378,AGV_05,TOTE_0809,station_4,KIT_0021_01,,,,,,,,,,,,,,,,,,,,,,,
dispatch,13631.333333333378,AGV_07,TOTE_0185,station_2,KIT_0019_01,{'PART_02': 10},11520.0,1.3000694402108455,1.199999995766401,6.944444444444309e-05,0.1,0.4,0.40512820512820513,0.6,0.3,0.1,0.03,0.1,0.2,0.1,0.006,2.0,1200.0,0.6195288436136868,,,,
kitting_completed,13637.333333333376,AGV_04,TOTE_0203,station_3,KIT_0022_01,,,,,,,,,,,,,,,,,,,,{'PART_03': 80},False,,
kitting_completed,13641.333333333378,AGV_05,TOTE_0809,station_4,KIT_0021_01,,,,,,,,,,,,,,,,,,,,{'PART_10': 25},False,,
kitting_started,13642.66666666671,AGV_08,TOTE_0212,station_3,KIT_0022_01,,,,,,,,,,,,,,,,,,,,,,,
kitting_started,13646.66666666671,AGV_10,TOTE_0269,station_2,KIT_0019_01,,,,,,,,,,,,,,,,,,,,,,,
kitting_completed,13658.000000000044,AGV_06,TOTE_0326,station_1,KIT_0021_02,,,,,,,,,,,,,,,,,,,,{'PART_05': 90},False,,
kitting_started,13659.333333333378,AGV_03,TOTE_0344,station_1,KIT_0021_02,,,,,,,,,,,,,,,,,,,,,,,
kitting_started,13660.000000000045,AGV_01,TOTE_0734,station_4,KIT_0021_01,,,,,,,,,,,,,,,,,,,,,,,
kitting_completed,13666.66666666671,AGV_10,TOTE_0269,station_2,KIT_0019_01,,,,,,,,,,,,,,,,,,,,{'PART_04': 50},False,,
dispatch,13666.66666666671,AGV_09,TOTE_0437,station_1,KIT_0021_02,{'PART_05': 90},14400.0,1.1258021435516479,1.093869964619469,0.008555555555555556,0.023376623376623377,0.2,0.3333333333333333,0.6,0.3,0.1,0.03,0.1,0.2,0.1,0.006,2.0,1200.0,0.5821479527976553,,,,
dispatch,13666.666666666712,AGV_02,TOTE_0230,station_3,KIT_0022_01,{'PART_03': 200},14400.0,1.1277943410795026,1.09386996461947,0.026943573667711596,0.006980802792321117,0.2,0.37948717948717947,0.6,0.3,0.1,0.03,0.1,0.2,0.1,0.006,2.0,1200.0,0.5787278866989836,,,,
kitting_started,13668.000000000044,AGV_07,TOTE_0185,station_2,KIT_0019_01,,,,,,,,,,,,,,,,,,,,,,,
dispatch,13668.000000000044,AGV_05,TOTE_0107,station_4,KIT_0021_01,{'PART_02': 15},14400.0,1.1950226440102472,1.0946893106769138,0.00033333333333333213,0.1,0.6000000000000001,0.3333333333333333,0.6,0.3,0.1,0.03,0.1,0.2,0.1,0.006,2.0,1200.0,0.5036802530728149,,,,
kitting_completed,13680.000000000045,AGV_01,TOTE_0734,station_4,KIT_0021_01,,,,,,,,,,,,,,,,,,,,{'PART_10': 10},False,,
kitting_completed,13682.66666666671,AGV_08,TOTE_0212,station_3,KIT_0022_01,,,,,,,,,,,,,,,,,,,,{'PART_03': 200},False,,
dispatch,13682.66666666671,AGV_04,TOTE_0641,station_3,KIT_0022_01,{'PART_03': 50},14400.0,1.1302467969464218,1.103307928413777,0.02506269592476489,0.0018761726078799252,0.2,0.3641025641025641,0.6,0.3,0.1,0.03,0.1,0.2,0.1,0.006,2.0,1200.0,0.5817378217575966,,,,
kitting_completed,13688.000000000044,AGV_07,TOTE_0185,station_2,KIT_0019_01,,,,,,,,,,,,,,,,,,,,{'PART_02': 10},True,,
kitting_started,13694.666666666712,AGV_05,TOTE_0107,station_4,KIT_0021_01,,,,,,,,,,,,,,,,,,,,,,,
kitting_started,13698.000000000045,AGV_02,TOTE_0230,station_3,KIT_0022_01,,,,,,,,,,,,,,,,,,,,,,,
kitting_completed,13714.666666666712,AGV_05,TOTE_0107,station_4,KIT_0021_01,,,,,,,,,,,,,,,,,,,,{'PART_02': 15},True,,
kitting_completed,13719.333333333378,AGV_03,TOTE_0344,station_1,KIT_0021_02,,,,,,,,,,,,,,,,,,,,{'PART_05': 90},False,,
dispatch,13719.333333333378,AGV_08,TOTE_0020,station_1,KIT_0021_02,{'PART_01': 70},14400.0,1.1522518628711507,1.121967493756273,0.006555555555555557,0.023728813559322035,0.2,0.3333333333333333,0.6,0.3,0.1,0.03,0.1,0.2,0.1,0.006,2.0,1200.0,0.5980177843893572,,,,
kitting_started,13720.666666666712,AGV_09,TOTE_0437,station_1,KIT_0021_02,,,,,,,,,,,,,,,,,,,,,,,
kitting_completed,13738.000000000045,AGV_02,TOTE_0230,station_3,KIT_0022_01,,,,,,,,,,,,,,,,,,,,{'PART_03': 200},False,,
dispatch,13738.000000000045,AGV_10,TOTE_0185,station_3,KIT_0022_01,{'PART_02': 110},14400.0,1.1588668908138113,1.1300679133687601,0.024592476489028212,0.004206500956022945,-0.2,0.4153846153846154,0.6,0.3,0.1,0.03,0.1,0.2,0.1,0.006,2.0,1200.0,0.7137816729498252,,,,
kitting_started,13739.33333333338,AGV_04,TOTE_0641,station_3,KIT_0022_01,,,,,,,,,,,,,,,,,,,,,,,
kit_replacement,13748.000000000044,,,station_2,,,,,,,,,,,,,,,,,,,,,,,KIT_0019_01,KIT_0023_01
dispatch,13748.000000000044,AGV_05,TOTE_0107,station_2,KIT_0023_01,{'PART_02': 45},14400.0,1.165625393654356,1.134062893654356,0.03,0.0015625,-0.4000000000000001,0.4666666666666667,0.6,0.3,0.1,0.03,0.1,0.2,0.1,0.006,2.0,1200.0,0.7727085695259469,,,,
dispatch,13748.000000000044,AGV_01,TOTE_0269,station_2,KIT_0023_01,{'PART_04': 350},14400.0,1.1759398226667017,1.134062893654356,0.02953125,0.012345679012345678,-0.2,0.5948717948717949,0.6,0.3,0.1,0.03,0.1,0.2,0.1,0.006,2.0,1200.0,0.7060767141128416,,,,
kitting_completed,13749.33333333338,AGV_04,TOTE_0641,station_3,KIT_0022_01,,,,,,,,,,,,,,,,,,,,{'PART_03': 50},False,,
dispatch,13749.33333333338,AGV_07,TOTE_0659,station_3,KIT_0022_01,{'PART_03': 50},14400.0,1.1601323749274088,1.1345783732129693,0.023557993730407525,0.0019960079840319364,0.2,0.3641025641025641,0.6,0.3,0.1,0.03,0.1,0.2,0.1,0.006,2.0,1200.0,0.5996691685461888,,,,
kit_replacement,13774.666666666712,,,station_4,,,,,,,,,,,,,,,,,,,,,,,KIT_0021_01,KIT_0023_02
dispatch,13774.666666666712,AGV_02,TOTE_0591,station_4,KIT_0023_02,{'PART_07': 5},14400.0,1.173827709158552,1.143654098047441,0.03,0.00017361111111111112,0.2,0.28205128205128205,0.6,0.3,0.1,0.03,0.1,0.2,0.1,0.006,2.0,1200.0,0.616091497290003,,,,
dispatch,13774.666666666712,AGV_06,TOTE_0287,station_4,KIT_0023_02,{'PART_04': 400},14400.0,1.1875150581923686,1.143654098047441,0.029947916666666664,0.01391304347826087,0.2,0.46153846153846156,0.6,0.3,0.1,0.03,0.1,0.2,0.1,0.006,2.0,1200.0,0.606355188761575,,,,
kitting_completed,13780.666666666712,AGV_09,TOTE_0437,station_1,KIT_0021_02,,,,,,,,,,,,,,,,,,,,{'PART_05': 90},False,,
dispatch,13780.666666666712,AGV_04,TOTE_0038,station_1,KIT_0021_02,{'PART_01': 70},14400.0,1.181726522258788,1.145615411147677,0.004999999999999998,0.031111111111111114,0.2,0.3333333333333333,0.6,0.3,0.1,0.03,0.1,0.2,0.1,0.006,2.0,1200.0,0.6157025800219394,,,,
kitting_started,13781.33333333338,AGV_07,TOTE_0659,station_3,KIT_0022_01,,,,,,,,,,,,,,,,,,,,,,,
kitting_started,13782.000000000045,AGV_08,TOTE_0020,station_1,KIT_0021_02,,,,,,,,,,,,,,,,,,,,,,,
kitting_started,13783.333333333378,AGV_05,TOTE_0107,station_2,KIT_0023_01,,,,,,,,,,,,,,,,,,,,,,,
kitting_completed,13791.33333333338,AGV_07,TOTE_0659,station_3,KIT_0022_01,,,,,,,,,,,,,,,,,,,,{'PART_03': 50},False,,
dispatch,13791.33333333338,AGV_03,TOTE_0677,station_3,KIT_0022_01,{'PART_03': 50},14400.0,1.17406214137177,1.1489377071992988,0.023087774294670845,0.0020366598778004076,0.2,0.38974358974358975,0.6,0.3,0.1,0.03,0.1,0.2,0.1,0.006,2.0,1200.0,0.605462925848703,,,,
kitting_started,13792.666666666713,AGV_10,TOTE_0185,station_3,KIT_0022_01,,,,,,,,,,,,,,,,,,,,,,,
kitting_started,13801.333333333378,AGV_02,TOTE_0591,station_4,KIT_0023_02,,,,,,,,,,,,,,,,,,,,,,,
kitting_completed,13811.333333333378,AGV_02,TOTE_0591,station_4,KIT_0023_02,,,,,,,,,,,,,,,,,,,,{'PART_07': 5},False,,
dispatch,13811.333333333378,AGV_09,TOTE_0305,station_4,KIT_0023_02,{'PART_04': 400},14400.0,1.1965798999194546,1.1546370337578382,0.02578125,0.016161616161616165,0.2,0.4358974358974359,0.6,0.3,0.1,0.03,0.1,0.2,0.1,0.006,2.0,1200.0,0.6143581963619292,,,,
kitting_started,13818.000000000045,AGV_06,TOTE_0287,station_4,KIT_0023_02,,,,,,,,,,,,,,,,,,,,,,,
kitting_completed,13823.333333333378,AGV_05,TOTE_0107,station_2,KIT_0023_01,,,,,,,,,,,,,,,,,,,,{'PART_02': 45},False,,
dispatch,13823.333333333378,AGV_07,TOTE_0836,station_2,KIT_0023_01,{'PART_01': 10},14400.0,1.1840382771912656,1.1577504460376775,0.025885416666666664,0.0004024144869215292,0.2,0.3384615384615385,0.6,0.3,0.1,0.03,0.1,0.2,0.1,0.006,2.0,1200.0,0.6165768124686055,,,,
kitting_started,13824.666666666712,AGV_01,TOTE_0269,station_2,KIT_0023_01,,,,,,,,,,,,,,,,,,,,,,,
kitting_completed,13852.000000000045,AGV_08,TOTE_0020,station_1,KIT_0021_02,,,,,,,,,,,,,,,,,,,,{'PART_01': 70},False,,
dispatch,13852.000000000045,AGV_02,TOTE_0056,station_1,KIT_0021_02,{'PART_01': 70},14400.0,1.2129649231263842,1.1643591883593591,0.0034444444444444444,0.04516129032258065,0.2,0.48717948717948717,0.6,0.3,0.1,0.03,0.1,0.2,0.1,0.006,2.0,1200.0,0.6190610051578818,,,,
kitting_started,13853.33333333338,AGV_04,TOTE_0038,station_1,KIT_0021_02,,,,,,,,,,,,,,,,,,,,,,,
kitting_completed,13858.000000000045,AGV_06,TOTE_0287,station_4,KIT_0023_02,,,,,,,,,,,,,,,,,,,,{'PART_04': 400},False,,
dispatch,13858.666666666712,AGV_05,TOTE_0846,station_4,KIT_0023_02,{'PART_01': 10},14400.0,1.1878396326796081,1.1657431216354313,0.021614583333333333,0.0004819277108433736,0.2,0.28205128205128205,0.6,0.3,0.1,0.03,0.1,0.2,0.1,0.006,2.0,1200.0,0.6244986514026366,,,,
kitting_started,13859.33333333338,AGV_09,TOTE_0305,station_4,KIT_0023_02,,,,,,,,,,,,,,,,,,,,,,,
kitting_completed,13862.666666666713,AGV_10,TOTE_0185,station_3,KIT_0022_01,,,,,,,,,,,,,,,,,,,,{'PART_02': 110},False,,
kitting_started,13864.000000000047,AGV_03,TOTE_0677,station_3,KIT_0022_01,,,,,,,,,,,,,,,,,,,,,,,
kitting_completed,13874.000000000047,AGV_03,TOTE_0677,station_3,KIT_0022_01,,,,,,,,,,,,,,,,,,,,{'PART_03': 50},False,,
kitting_completed,13874.666666666712,AGV_01,TOTE_0269,station_2,KIT_0023_01,,,,,,,,,,,,,,,,,,,,{'PART_04': 350},False,,
kitting_started,13876.000000000045,AGV_07,TOTE_0836,station_2,KIT_0023_01,,,,,,,,,,,,,,,,,,,,,,,
dispatch,13878.666666666712,AGV_08,TOTE_0272,station_2,KIT_0023_01,{'PART_04': 400},14400.0,1.2115264096906349,1.1695835435290185,0.02578125,0.016161616161616165,0.2,0.40512820512820513,0.6,0.3,0.1,0.03,0.1,0.2,0.1,0.006,2.0,1200.0,0.6264030253015604,,,,
dispatch,13884.666666666712,AGV_06,TOTE_0248,station_3,KIT_0022_01,{'PART_03': 200},14400.0,1.2015837066055266,1.170650143430584,0.02261755485893417,0.008316008316008316,0.2,0.37948717948717947,0.6,0.3,0.1,0.03,0.1,0.2,0.1,0.006,2.0,1200.0,0.6230015060145981,,,,
kitting_completed,13886.000000000045,AGV_07,TOTE_0836,station_2,KIT_0023_01,,,,,,,,,,,,,,,,,,,,{'PART_01': 10},False,,
dispatch,13894.666666666713,AGV_10,TOTE_0290,station_2,KIT_0023_01,{'PART_04': 400},14400.0,1.2132376961528857,1.1723460043858174,0.021614583333333333,0.01927710843373494,0.2,0.4307692307692308,0.6,0.3,0.1,0.03,0.1,0.2,0.1,0.006,2.0,1200.0,0.6248656946148082,,,,
kitting_completed,13899.33333333338,AGV_09,TOTE_0305,station_4,KIT_0023_02,,,,,,,,,,,,,,,,,,,,{'PART_04': 400},False,,
dispatch,13899.333333333381,AGV_03,TOTE_0695,station_3,KIT_0022_01,{'PART_03': 50},14400.0,1.1961080342876418,1.1731037834755094,0.02073667711598746,0.0022675736961451248,0.2,0.3128205128205128,0.6,0.3,0.1,0.03,0.1,0.2,0.1,0.006,2.0,1200.0,0.6263827692905337,,,,
kitting_started,13900.666666666713,AGV_05,TOTE_0846,station_4,KIT_0023_02,,,,,,,,,,,,,,,,,,,,,,,
kitting_started,13910.000000000045,AGV_08,TOTE_0272,station_2,KIT_0023_01,,,,,,,,,,,,,,,,,,,,,,,
dispatch,13910.000000000045,AGV_01,TOTE_0864,station_4,KIT_0023_02,{'PART_01': 10},14400.0,1.1967540293124168,1.1747593511445396,0.021510416666666664,0.0004842615012106538,0.2,0.28205128205128205,0.6,0.3,0.1,0.03,0.1,0.2,0.1,0.006,2.0,1200.0,0.6298472893823218,,,,
kitting_completed,13910.666666666713,AGV_05,TOTE_0846,station_4,KIT_0023_02,,,,,,,,,,,,,,,,,,,,{'PART_01': 10},False,,
dispatch,13911.33333333338,AGV_07,TOTE_0158,station_4,KIT_0023_02,{'PART_02': 120},14400.0,1.202204718003525,1.1749590519451307,0.02140625,0.005839416058394161,0.2,0.38461538461538464,0.6,0.3,0.1,0.03,0.1,0.2,0.1,0.006,2.0,1200.0,0.6228612923405764,,,,
kitting_started,13916.000000000045,AGV_06,TOTE_0248,station_3,KIT_0022_01,,,,,,,,,,,,,,,,,,,,,,,
kitting_completed,13923.33333333338,AGV_04,TOTE_0038,station_1,KIT_0021_02,,,,,,,,,,,,,,,,,,,,{'PART_01': 70},False,,
kitting_started,13924.666666666713,AGV_02,TOTE_0056,station_1,KIT_0021_02,,,,,,,,,,,,,,,,,,,,,,,
dispatch,13926.000000000045,AGV_09,TOTE_0074,station_1,KIT_0021_02,{'PART_01': 30},14400.0,1.2142378589761813,1.1770548524402336,0.0018888888888888898,0.03529411764705883,0.0,0.46153846153846156,0.6,0.3,0.1,0.03,0.1,0.2,0.1,0.006,2.0,1200.0,0.6823888692318627,,,,
kitting_started,13936.666666666712,AGV_01,TOTE_0864,station_4,KIT_0023_02,,,,,,,,,,,,,,,,,,,,,,,
kitting_completed,13946.666666666712,AGV_01,TOTE_0864,station_4,KIT_0023_02,,,,,,,,,,,,,,,,,,,,{'PART_01': 10},False,,
dispatch,13946.666666666712,AGV_05,TOTE_0882,station_4,KIT_0023_02,{'PART_01': 10},14400.0,1.2003885038155986,1.1797154579499654,0.02015625,0.000516795865633075,0.2,0.23076923076923078,0.6,0.3,0.1,0.03,0.1,0.2,0.1,0.006,2.0,1200.0,0.637156179212436,,,,
kitting_started,13948.000000000045,AGV_07,TOTE_0158,station_4,KIT_0023_02,,,,,,,,,,,,,,,,,,,,,,,
kitting_completed,13950.000000000045,AGV_08,TOTE_0272,station_2,KIT_0023_01,,,,,,,,,,,,,,,,,,,,{'PART_04': 400},False,,
dispatch,13950.000000000045,AGV_04,TOTE_0308,station_2,KIT_0023_01,{'PART_04': 400},14400.0,1.2214433887364393,1.1801148750548474,0.017447916666666667,0.023880597014925373,0.2,0.40512820512820513,0.6,0.3,0.1,0.03,0.1,0.2,0.1,0.006,2.0,1200.0,0.6323532127290432,,,,
kitting_started,13951.33333333338,AGV_10,TOTE_0290,station_2,KIT_0023_01,,,,,,,,,,,,,,,,,,,,,,,
kitting_completed,13956.000000000045,AGV_06,TOTE_0248,station_3,KIT_0022_01,,,,,,,,,,,,,,,,,,,,{'PART_03': 200},False,,
kitting_started,13957.33333333338,AGV_03,TOTE_0695,station_3,KIT_0022_01,,,,,,,,,,,,,,,,,,,,,,,
dispatch,13966.666666666712,AGV_01,TOTE_0864,station_3,KIT_0022_01,{'PART_01': 10},14400.0,1.2027281259245384,1.1819976311213178,0.020266457680250784,0.0004640371229698376,0.2,0.30256410256410254,0.6,0.3,0.1,0.03,0.1,0.2,0.1,0.006,2.0,1200.0,0.6313804652983128,,,,
kitting_completed,13967.33333333338,AGV_03,TOTE_0695,station_3,KIT_0022_01,,,,,,,,,,,,,,,,,,,,{'PART_03': 50},False,,
dispatch,13981.33333333338,AGV_08,TOTE_0551,station_3,KIT_0022_01,{'PART_06': 30},14400.0,1.2050781350596427,1.1835071198679379,0.020172413793103448,0.0013986013986013986,0.2,0.38974358974358975,0.6,0.3,0.1,0.03,0.1,0.2,0.1,0.006,2.0,1200.0,0.6240725220614267,,,,
kitting_completed,13991.33333333338,AGV_10,TOTE_0290,station_2,KIT_0023_01,,,,,,,,,,,,,,,,,,,,{'PART_04': 400},False,,
kitting_started,13991.33333333338,AGV_01,TOTE_0864,station_3,KIT_0022_01,,,,,,,,,,,,,,,,,,,,,,,
dispatch,13991.33333333338,AGV_06,TOTE_0259,station_2,KIT_0023_01,{'PART_04': 400},14400.0,1.2291172070375254,1.1844634080179177,0.013281250000000001,0.03137254901960784,0.2,0.517948717948718,0.6,0.3,0.1,0.03,0.1,0.2,0.1,0.006,2.0,1200.0,0.6256754524276436,,,,
kitting_started,13992.666666666713,AGV_04,TOTE_0308,station_2,KIT_0023_01,,,,,,,,,,,,,,,,,,,,,,,
kitting_completed,13994.666666666713,AGV_02,TOTE_0056,station_1,KIT_0021_02,,,,,,,,,,,,,,,,,,,,{'PART_01': 70},False,,
dispatch,13994.666666666713,AGV_03,TOTE_0957,station_1,KIT_0021_02,{'PART_05': 15},14400.0,1.213264689870766,1.1847697403758164,0.0012222222222222222,0.02727272727272727,0.2,0.358974358974359,0.6,0.3,0.1,0.03,0.1,0.2,0.1,0.006,2.0,1200.0,0.6320613780250236,,,,
kitting_started,13996.000000000047,AGV_09,TOTE_0074,station_1,KIT_0021_02,,,,,,,,,,,,,,,,,,,,,,,
kitting_completed,14001.33333333338,AGV_01,TOTE_0864,station_3,KIT_0022_01,,,,,,,,,,,,,,,,,,,,{'PART_01': 10},False,,
kitting_completed,14008.000000000045,AGV_07,TOTE_0158,station_4,KIT_0023_02,,,,,,,,,,,,,,,,,,,,{'PART_02': 120},False,,
kitting_started,14009.33333333338,AGV_05,TOTE_0882,station_4,KIT_0023_02,,,,,,,,,,,,,,,,,,,,,,,
kitting_started,14016.666666666713,AGV_08,TOTE_0551,station_3,KIT_0022_01,,,,,,,,,,,,,,,,,,,,,,,
kitting_completed,14019.33333333338,AGV_05,TOTE_0882,station_4,KIT_0023_02,,,,,,,,,,,,,,,,,,,,{'PART_01': 10},False,,
dispatch,14021.33333333338,AGV_02,TOTE_0569,station_3,KIT_0022_01,{'PART_06': 30},14400.0,1.2083221629885923,1.1870134411406188,0.01989028213166144,0.0014184397163120568,0.2,0.38974358974358975,0.6,0.3,0.1,0.03,0.1,0.2,0.1,0.006,2.0,1200.0,0.6260189388187964,,,,
dispatch,14022.666666666713,AGV_10,TOTE_0176,station_4,KIT_0023_02,{'PART_02': 120},14400.0,1.2134023957087783,1.1871165461416788,0.02005208333333333,0.006233766233766234,0.2,0.4358974358974359,0.6,0.3,0.1,0.03,0.1,0.2,0.1,0.006,2.0,1200.0,0.6244516938355235,,,,
dispatch,14026.000000000045,AGV_01,TOTE_0900,station_4,KIT_0023_02,{'PART_01': 10},14400.0,1.2067268542194807,1.1873707542656486,0.018802083333333334,0.000554016620498615,0.2,0.23076923076923078,0.6,0.3,0.1,0.03,0.1,0.2,0.1,0.006,2.0,1200.0,0.6409591894547654,,,,
kitting_completed,14026.000000000047,AGV_09,TOTE_0074,station_1,KIT_0021_02,,,,,,,,,,,,,,,,,,,,{'PART_01': 30},False,,
kitting_completed,14026.666666666713,AGV_08,TOTE_0551,station_3,KIT_0022_01,,,,,,,,,,,,,,,,,,,,{'PART_06': 30},False,,
kitting_started,14031.33333333338,AGV_03,TOTE_0957,station_1,KIT_0021_02,,,,,,,,,,,,,,,,,,,,,,,
kitting_completed,14032.666666666713,AGV_04,TOTE_0308,station_2,KIT_0023_01,,,,,,,,,,,,,,,,,,,,{'PART_04': 400},False,,
dispatch,14034.666666666712,AGV_07,TOTE_0413,station_1,KIT_0021_02,{'PART_05': 30},14400.0,1.263897435034547,1.1880085461456582,0.0008888888888888901,0.07500000000000001,0.2,0.5641025641025641,0.6,0.3,0.1,0.03,0.1,0.2,0.1,0.006,2.0,1200.0,0.6419282046104717,,,,
kitting_started,14036.666666666713,AGV_06,TOTE_0259,station_2,KIT_0023_01,,,,,,,,,,,,,,,,,,,,,,,
dispatch,14039.33333333338,AGV_05,TOTE_0882,station_3,KIT_0022_01,{'PART_01': 10},14400.0,1.2084263369035488,1.188338570126375,0.019608150470219434,0.00047961630695443646,0.2,0.30256410256410254,0.6,0.3,0.1,0.03,0.1,0.2,0.1,0.006,2.0,1200.0,0.6347993918857191,,,,
kitting_completed,14041.33333333338,AGV_03,TOTE_0957,station_1,KIT_0021_02,,,,,,,,,,,,,,,,,,,,{'PART_05': 15},False,,
kitting_started,14046.000000000045,AGV_01,TOTE_0900,station_4,KIT_0023_02,,,,,,,,,,,,,,,,,,,,,,,
dispatch,14052.000000000047,AGV_08,TOTE_0854,station_2,KIT_0023_01,{'PART_01': 10},14400.0,1.1994468593626828,1.1891894188864924,0.009114583333333332,0.001142857142857143,0.2,0.3384615384615385,0.6,0.3,0.1,0.03,0.1,0.2,0.1,0.006,2.0,1200.0,0.6258219617714558,,,,
dispatch,14052.666666666713,AGV_09,TOTE_0975,station_1,KIT_0021_02,{'PART_05': 10},14400.0,1.2894546672052596,1.1892324449830374,0.00022222222222222253,0.1,0.5333333333333334,0.28205128205128205,0.6,0.3,0.1,0.03,0.1,0.2,0.1,0.006,2.0,1200.0,0.5854676721180275,,,,
kitting_completed,14056.000000000045,AGV_01,TOTE_0900,station_4,KIT_0023_02,,,,,,,,,,,,,,,,,,,,{'PART_01': 10},False,,
kitting_started,14056.666666666713,AGV_02,TOTE_0569,station_3,KIT_0022_01,,,,,,,,,,,,,,,,,,,,,,,
dispatch,14061.33333333338,AGV_03,TOTE_0849,station_4,KIT_0023_02,{'PART_02': 20},14400.0,1.209588613449291,1.1897764906544905,0.018697916666666665,0.0011142061281337048,0.2,0.4358974358974359,0.6,0.3,0.1,0.03,0.1,0.2,0.1,0.006,2.0,1200.0,0.622163424479831,,,,
kitting_started,14062.666666666715,AGV_10,TOTE_0176,station_4,KIT_0023_02,,,,,,,,,,,,,,,,,,,,,,,
kitting_completed,14066.666666666713,AGV_02,TOTE_0569,station_3,KIT_0022_01,,,,,,,,,,,,,,,,,,,,{'PART_06': 30},False,,
dispatch,14066.666666666713,AGV_04,TOTE_0587,station_3,KIT_0022_01,{'PART_06': 30},14400.0,1.2110574629929431,1.190097573277341,0.0195141065830721,0.0014457831325301205,0.2,0.38974358974358975,0.6,0.3,0.1,0.03,0.1,0.2,0.1,0.006,2.0,1200.0,0.6276601188214068,,,,
kitting_started,14068.000000000047,AGV_05,TOTE_0882,station_3,KIT_0022_01,,,,,,,,,,,,,,,,,,,,,,,
kitting_completed,14076.666666666713,AGV_06,TOTE_0259,station_2,KIT_0023_01,,,,,,,,,,,,,,,,,,,,{'PART_04': 400},False,,
dispatch,14076.666666666713,AGV_01,TOTE_0900,station_2,KIT_0023_01,{'PART_01': 10},14400.0,1.20083922960917,1.1906727435783413,0.009010416666666667,0.0011560693641618498,0.2,0.3641025641025641,0.6,0.3,0.1,0.03,0.1,0.2,0.1,0.006,2.0,1200.0,0.6240932813552456,,,,
kitting_started,14078.000000000045,AGV_07,TOTE_0413,station_1,KIT_0021_02,,,,,,,,,,,,,,,,,,,,,,,
kitting_completed,14078.000000000047,AGV_05,TOTE_0882,station_3,KIT_0022_01,,,,,,,,,,,,,,,,,,,,{'PART_01': 10},False,,
kitting_started,14080.666666666715,AGV_08,TOTE_0854,station_2,KIT_0023_01,,,,,,,,,,,,,,,,,,,,,,,
kitting_completed,14090.666666666715,AGV_08,TOTE_0854,station_2,KIT_0023_01,,,,,,,,,,,,,,,,,,,,{'PART_01': 10},False,,
dispatch,14092.000000000047,AGV_02,TOTE_0713,station_3,KIT_0022_01,{'PART_01': 10},14400.0,1.211211586383801,1.1914906139071588,0.01923197492163009,0.000488997555012225,0.2,0.3128205128205128,0.6,0.3,0.1,0.03,0.1,0.2,0.1,0.006,2.0,1200.0,0.6354449005482294,,,,
kitting_completed,14098.000000000045,AGV_07,TOTE_0413,station_1,KIT_0021_02,,,,,,,,,,,,,,,,,,,,{'PART_05': 30},False,,
kitting_started,14099.33333333338,AGV_09,TOTE_0975,station_1,KIT_0021_02,,,,,,,,,,,,,,,,,,,,,,,
kitting_started,14102.000000000047,AGV_04,TOTE_0587,station_3,KIT_0022_01,,,,,,,,,,,,,,,,,,,,,,,
dispatch,14102.666666666713,AGV_05,TOTE_0882,station_2,KIT_0023_01,{'PART_01': 10},14400.0,1.2020928187333106,1.1920169780900358,0.00890625,0.0011695906432748538,0.2,0.3641025641025641,0.6,0.3,0.1,0.03,0.1,0.2,0.1,0.006,2.0,1200.0,0.6248454348297299,,,,
kitting_started,14105.333333333381,AGV_01,TOTE_0900,station_2,KIT_0023_01,,,,,,,,,,,,,,,,,,,,,,,
kitting_completed,14112.000000000047,AGV_04,TOTE_0587,station_3,KIT_0022_01,,,,,,,,,,,,,,,,,,,,{'PART_06': 30},False,,
dispatch,14112.000000000047,AGV_06,TOTE_0208,station_3,KIT_0022_01,{'PART_03': 200},14400.0,1.2214167655755983,1.1924508247131056,0.01913793103448276,0.009828009828009828,0.2,0.441025641025641,0.6,0.3,0.1,0.03,0.1,0.2,0.1,0.006,2.0,1200.0,0.6287474952427949,,,,
kitting_completed,14115.333333333381,AGV_01,TOTE_0900,station_2,KIT_0023_01,,,,,,,,,,,,,,,,,,,,{'PART_01': 10},False,,
dispatch,14116.00000000005,AGV_08,TOTE_0872,station_2,KIT_0023_01,{'PART_01': 10},14400.0,1.2026149952796037,1.1926294799936077,0.008802083333333334,0.001183431952662722,0.2,0.3128205128205128,0.6,0.3,0.1,0.03,0.1,0.2,0.1,0.006,2.0,1200.0,0.630286945885711,,,,
kitting_started,14117.333333333381,AGV_02,TOTE_0713,station_3,KIT_0022_01,,,,,,,,,,,,,,,,,,,,,,,
kitting_completed,14119.33333333338,AGV_09,TOTE_0975,station_1,KIT_0021_02,,,,,,,,,,,,,,,,,,,,{'PART_05': 10},True,,
kitting_completed,14122.666666666715,AGV_10,TOTE_0176,station_4,KIT_0023_02,,,,,,,,,,,,,,,,,,,,{'PART_02': 120},False,,
kitting_started,14124.00000000005,AGV_03,TOTE_0849,station_4,KIT_0023_02,,,,,,,,,,,,,,,,,,,,,,,
kitting_completed,14127.333333333381,AGV_02,TOTE_0713,station_3,KIT_0022_01,,,,,,,,,,,,,,,,,,,,{'PART_01': 10},False,,
kitting_started,14131.333333333381,AGV_05,TOTE_0882,station_2,KIT_0023_01,,,,,,,,,,,,,,,,,,,,,,,
kitting_completed,14134.00000000005,AGV_03,TOTE_0849,station_4,KIT_0023_02,,,,,,,,,,,,,,,,,,,,{'PART_02': 20},False,,
dispatch,14137.333333333381,AGV_04,TOTE_0731,station_3,KIT_0022_01,{'PART_01': 10},14400.0,1.2113154337185943,1.1935134212989928,0.017257053291536047,0.0005449591280653951,0.2,0.3128205128205128,0.6,0.3,0.1,0.03,0.1,0.2,0.1,0.006,2.0,1200.0,0.6355072089491052,,,,
dispatch,14138.000000000045,AGV_07,TOTE_0125,station_4,KIT_0023_02,{'PART_02': 120},14400.0,1.2187894158645316,1.1935392691509166,0.018489583333333334,0.00676056338028169,0.2,0.3333333333333333,0.6,0.3,0.1,0.03,0.1,0.2,0.1,0.006,2.0,1200.0,0.6379403161853857,,,,
dispatch,14139.33333333338,AGV_09,TOTE_0867,station_4,KIT_0023_02,{'PART_02': 20},14400.0,1.212038699370248,1.1935906568224133,0.017239583333333332,0.0012084592145015106,0.2,0.4358974358974359,0.6,0.3,0.1,0.03,0.1,0.2,0.1,0.006,2.0,1200.0,0.6236334760324053,,,,
kitting_completed,14141.333333333381,AGV_05,TOTE_0882,station_2,KIT_0023_01,,,,,,,,,,,,,,,,,,,,{'PART_01': 10},False,,
kitting_started,14142.666666666715,AGV_08,TOTE_0872,station_2,KIT_0023_01,,,,,,,,,,,,,,,,,,,,,,,
dispatch,14144.000000000047,AGV_01,TOTE_0900,station_2,KIT_0023_01,{'PART_01': 10},14400.0,1.203662843239382,1.1937673217822962,0.008697916666666666,0.0011976047904191619,0.2,0.3641025641025641,0.6,0.3,0.1,0.03,0.1,0.2,0.1,0.006,2.0,1200.0,0.6257874495333728,,,,
kitting_started,14147.333333333381,AGV_06,TOTE_0208,station_3,KIT_0022_01,,,,,,,,,,,,,,,,,,,,,,,
kitting_completed,14152.666666666715,AGV_08,TOTE_0872,station_2,KIT_0023_01,,,,,,,,,,,,,,,,,,,,{'PART_01': 10},False,,
dispatch,14152.666666666715,AGV_10,TOTE_0479,station_2,KIT_0023_01,{'PART_07': 10},14400.0,1.2038884889892207,1.1940826177770996,0.00859375,0.0012121212121212121,0.2,0.3641025641025641,0.6,0.3,0.1,0.03,0.1,0.2,0.1,0.006,2.0,1200.0,0.6259228369832761,,,,
kitting_started,14164.666666666713,AGV_07,TOTE_0125,station_4,KIT_0023_02,,,,,,,,,,,,,,,,,,,,,,,
kitting_started,14172.666666666715,AGV_01,TOTE_0900,station_2,KIT_0023_01,,,,,,,,,,,,,,,,,,,,,,,
kit_replacement,14179.33333333338,,,station_1,,,,,,,,,,,,,,,,,,,,,,,KIT_0021_02,KIT_0024_01
dispatch,14179.33333333338,AGV_02,TOTE_0975,station_1,KIT_0024_01,{'PART_05': 5},14400.0,1.2252391153879487,1.1949563099580844,0.03,0.0002828054298642534,-0.3333333333333334,0.23076923076923078,0.6,0.3,0.1,0.03,0.1,0.2,0.1,0.006,2.0,1200.0,0.8120665461558461,,,,
dispatch,14179.33333333338,AGV_08,TOTE_0494,station_1,KIT_0024_01,{'PART_08': 10},14400.0,1.2254386833036004,1.1949563099580844,0.029915158371040723,0.0005672149744753262,0.06666666666666671,0.38461538461538464,0.6,0.3,0.1,0.03,0.1,0.2,0.1,0.006,2.0,1200.0,0.6768016715206218,,,,
kitting_completed,14182.666666666715,AGV_01,TOTE_0900,station_2,KIT_0023_01,,,,,,,,,,,,,,,,,,,,{'PART_01': 10},False,,
dispatch,14182.666666666715,AGV_03,TOTE_0849,station_2,KIT_0023_01,{'PART_02': 20},14400.0,1.2059996152379122,1.1950560441745175,0.008489583333333335,0.00245398773006135,0.2,0.30256410256410254,0.6,0.3,0.1,0.03,0.1,0.2,0.1,0.006,2.0,1200.0,0.6333433588863371,,,,
kitting_started,14184.666666666717,AGV_10,TOTE_0479,station_2,KIT_0023_01,,,,,,,,,,,,,,,,,,,,,,,
kitting_completed,14187.333333333381,AGV_06,TOTE_0208,station_3,KIT_0022_01,,,,,,,,,,,,,,,,,,,,{'PART_03': 200},False,,
dispatch,14187.333333333381,AGV_05,TOTE_0197,station_3,KIT_0022_01,{'PART_03': 200},14400.0,1.2233142855842933,1.1951923720703157,0.017163009404388717,0.010958904109589041,0.2,0.4564102564102564,0.6,0.3,0.1,0.03,0.1,0.2,0.1,0.006,2.0,1200.0,0.6283475457095503,,,,
kitting_started,14188.666666666715,AGV_04,TOTE_0731,station_3,KIT_0022_01,,,,,,,,,,,,,,,,,,,,,,,
kitting_completed,14198.666666666715,AGV_04,TOTE_0731,station_3,KIT_0022_01,,,,,,,,,,,,,,,,,,,,{'PART_01': 10},False,,
kitting_completed,14204.666666666717,AGV_10,TOTE_0479,station_2,KIT_0023_01,,,,,,,,,,,,,,,,,,,,{'PART_07': 10},False,,
kitting_started,14207.333333333383,AGV_03,TOTE_0849,station_2,KIT_0023_01,,,,,,,,,,,,,,,,,,,,,,,
kitting_started,14209.33333333338,AGV_08,TOTE_0494,station_1,KIT_0024_01,,,,,,,,,,,,,,,,,,,,,,,
dispatch,14211.333333333381,AGV_01,TOTE_0464,station_3,KIT_0022_01,{'PART_06': 90},14400.0,1.2166569795089264,1.195836386309023,0.015282131661442004,0.005538461538461539,0.2,0.4307692307692308,0.6,0.3,0.1,0.03,0.1,0.2,0.1,0.006,2.0,1200.0,0.6269172646284328,,,,
kitting_completed,14217.333333333383,AGV_03,TOTE_0849,station_2,KIT_0023_01,,,,,,,,,,,,,,,,,,,,{'PART_02': 20},False,,
dispatch,14219.333333333381,AGV_06,TOTE_0115,station_2,KIT_0023_01,{'PART_02': 120},14400.0,1.2194068931326436,1.196031303510002,0.008281249999999999,0.01509433962264151,0.2,0.441025641025641,0.6,0.3,0.1,0.03,0.1,0.2,0.1,0.006,2.0,1200.0,0.6275415717770221,,,,
dispatch,14224.00000000005,AGV_04,TOTE_0872,station_2,KIT_0023_01,{'PART_01': 10},14400.0,1.2046534994540252,1.1961407679725438,0.007031249999999999,0.0014814814814814816,0.2,0.3384615384615385,0.6,0.3,0.1,0.03,0.1,0.2,0.1,0.006,2.0,1200.0,0.6289459458262612,,,,
kitting_completed,14224.666666666713,AGV_07,TOTE_0125,station_4,KIT_0023_02,,,,,,,,,,,,,,,,,,,,{'PART_02': 120},False,,
kitting_started,14225.333333333381,AGV_05,TOTE_0197,station_3,KIT_0022_01,,,,,,,,,,,,,,,,,,,,,,,
kitting_started,14226.000000000047,AGV_09,TOTE_0867,station_4,KIT_0023_02,,,,,,,,,,,,,,,,,,,,,,,
kitting_completed,14229.33333333338,AGV_08,TOTE_0494,station_1,KIT_0024_01,,,,,,,,,,,,,,,,,,,,{'PART_08': 10},False,,
kitting_started,14230.666666666713,AGV_02,TOTE_0975,station_1,KIT_0024_01,,,,,,,,,,,,,,,,,,,,,,,
dispatch,14233.333333333383,AGV_10,TOTE_0885,station_1,KIT_0024_01,{'PART_01': 10},14400.0,1.226666657353646,1.1963507315845057,0.029745475113122172,0.0005704506560182545,0.2,0.358974358974359,0.6,0.3,0.1,0.03,0.1,0.2,0.1,0.006,2.0,1200.0,0.6401025585147516,,,,
kitting_completed,14236.000000000047,AGV_09,TOTE_0867,station_4,KIT_0023_02,,,,,,,,,,,,,,,,,,,,{'PART_02': 20},False,,
dispatch,14242.00000000005,AGV_03,TOTE_0143,station_4,KIT_0023_02,{'PART_02': 120},14400.0,1.2209061653846616,1.196535465843377,0.017031249999999998,0.007339449541284404,0.2,0.5128205128205128,0.6,0.3,0.1,0.03,0.1,0.2,0.1,0.006,2.0,1200.0,0.6212616479487456,,,,
kitting_completed,14250.666666666713,AGV_02,TOTE_0975,station_1,KIT_0024_01,,,,,,,,,,,,,,,,,,,,{'PART_05': 5},False,,
dispatch,14251.33333333338,AGV_07,TOTE_0161,station_4,KIT_0023_02,{'PART_02': 120},14400.0,1.2204260174227683,1.1967239753435603,0.01578125,0.007920792079207921,0.2,0.3333333333333333,0.6,0.3,0.1,0.03,0.1,0.2,0.1,0.006,2.0,1200.0,0.6389222771203277,,,,
kitting_started,14252.666666666717,AGV_04,TOTE_0872,station_2,KIT_0023_01,,,,,,,,,,,,,,,,,,,,,,,
dispatch,14259.33333333338,AGV_08,TOTE_0617,station_1,KIT_0024_01,{'PART_03': 50},14400.0,1.2293217859816379,1.1968773767999856,0.02957579185520362,0.002868617326448652,0.2,0.358974358974359,0.6,0.3,0.1,0.03,0.1,0.2,0.1,0.006,2.0,1200.0,0.6416956356915468,,,,
kitting_completed,14262.666666666717,AGV_04,TOTE_0872,station_2,KIT_0023_01,,,,,,,,,,,,,,,,,,,,{'PART_01': 10},False,,
kitting_started,14264.000000000051,AGV_06,TOTE_0115,station_2,KIT_0023_01,,,,,,,,,,,,,,,,,,,,,,,
kitting_completed,14265.333333333381,AGV_05,TOTE_0197,station_3,KIT_0022_01,,,,,,,,,,,,,,,,,,,,{'PART_03': 200},False,,
kitting_started,14266.666666666715,AGV_01,TOTE_0464,station_3,KIT_0022_01,,,,,,,,,,,,,,,,,,,,,,,
dispatch,14269.333333333381,AGV_09,TOTE_0867,station_2,KIT_0023_01,{'PART_02': 20},14400.0,1.2069936775426329,1.1970590754123072,0.006927083333333334,0.0030075187969924814,0.2,0.30256410256410254,0.6,0.3,0.1,0.03,0.1,0.2,0.1,0.006,2.0,1200.0,0.6339397962691695,,,,
kitting_started,14270.00000000005,AGV_10,TOTE_0885,station_1,KIT_0024_01,,,,,,,,,,,,,,,,,,,,,,,
dispatch,14270.666666666713,AGV_02,TOTE_0458,station_3,KIT_0022_01,{'PART_06': 90},14400.0,1.2173814187874432,1.1970824899279169,0.014435736677115988,0.005863192182410423,0.2,0.4666666666666667,0.6,0.3,0.1,0.03,0.1,0.2,0.1,0.006,2.0,1200.0,0.6237621846057992,,,,
kitting_started,14278.000000000047,AGV_07,TOTE_0161,station_4,KIT_0023_02,,,,,,,,,,,,,,,,,,,,,,,
kitting_completed,14280.00000000005,AGV_10,TOTE_0885,station_1,KIT_0024_01,,,,,,,,,,,,,,,,,,,,{'PART_01': 10},False,,
dispatch,14288.000000000051,AGV_04,TOTE_0635,station_1,KIT_0024_01,{'PART_03': 50},14400.0,1.2290511681370508,1.1973704553003237,0.02872737556561086,0.002953337271116362,0.2,0.358974358974359,0.6,0.3,0.1,0.03,0.1,0.2,0.1,0.006,2.0,1200.0,0.6415332649847946,,,,
kitting_started,14289.333333333381,AGV_08,TOTE_0617,station_1,KIT_0024_01,,,,,,,,,,,,,,,,,,,,,,,
kitting_completed,14296.666666666715,AGV_01,TOTE_0464,station_3,KIT_0022_01,,,,,,,,,,,,,,,,,,,,{'PART_06': 90},False,,
dispatch,14296.666666666715,AGV_05,TOTE_0179,station_3,KIT_0022_01,{'PART_02': 120},14400.0,1.2193974447450808,1.1975036047823948,0.013589341692789967,0.008304498269896194,0.2,0.40512820512820513,0.6,0.3,0.1,0.03,0.1,0.2,0.1,0.006,2.0,1200.0,0.6311256463342281,,,,
kitting_completed,14299.333333333381,AGV_08,TOTE_0617,station_1,KIT_0024_01,,,,,,,,,,,,,,,,,,,,{'PART_03': 50},False,,
dispatch,14300.00000000005,AGV_10,TOTE_0362,station_1,KIT_0024_01,{'PART_05': 90},14400.0,1.2309097468899852,1.1975530030734924,0.0278789592760181,0.005477784540474742,0.2,0.38461538461538464,0.6,0.3,0.1,0.03,0.1,0.2,0.1,0.006,2.0,1200.0,0.6400843096724528,,,,
kitting_started,14312.666666666715,AGV_02,TOTE_0458,station_3,KIT_0022_01,,,,,,,,,,,,,,,,,,,,,,,
kitting_started,14318.000000000053,AGV_04,TOTE_0635,station_1,KIT_0024_01,,,,,,,,,,,,,,,,,,,,,,,
kitting_completed,14324.000000000051,AGV_06,TOTE_0115,station_2,KIT_0023_01,,,,,,,,,,,,,,,,,,,,{'PART_02': 120},False,,
dispatch,14324.666666666715,AGV_01,TOTE_0890,station_2,KIT_0023_01,{'PART_01': 10},14400.0,1.2061585737033773,1.197889436106478,0.006718750000000001,0.0015503875968992248,0.2,0.3641025641025641,0.6,0.3,0.1,0.03,0.1,0.2,0.1,0.006,2.0,1200.0,0.62728488781177,,,,
kitting_started,14325.333333333385,AGV_09,TOTE_0867,station_2,KIT_0023_01,,,,,,,,,,,,,,,,,,,,,,,
kitting_completed,14328.000000000053,AGV_04,TOTE_0635,station_1,KIT_0024_01,,,,,,,,,,,,,,,,,,,,{'PART_03': 50},False,,
dispatch,14328.000000000053,AGV_08,TOTE_0653,station_1,KIT_0024_01,{'PART_03': 50},14400.0,1.227502588998165,1.197931204027316,0.02635180995475113,0.0032195750160978753,0.2,0.3333333333333333,0.6,0.3,0.1,0.03,0.1,0.2,0.1,0.006,2.0,1200.0,0.6431682200655656,,,,
kitting_started,14333.333333333383,AGV_10,TOTE_0362,station_1,KIT_0024_01,,,,,,,,,,,,,,,,,,,,,,,
kitting_completed,14335.333333333385,AGV_09,TOTE_0867,station_2,KIT_0023_01,,,,,,,,,,,,,,,,,,,,{'PART_02': 20},False,,
kitting_completed,14338.000000000047,AGV_07,TOTE_0161,station_4,KIT_0023_02,,,,,,,,,,,,,,,,,,,,{'PART_02': 120},False,,
kitting_started,14339.333333333381,AGV_03,TOTE_0143,station_4,KIT_0023_02,,,,,,,,,,,,,,,,,,,,,,,
kitting_completed,14342.666666666715,AGV_02,TOTE_0458,station_3,KIT_0022_01,,,,,,,,,,,,,,,,,,,,{'PART_06': 90},False,,
kitting_started,14344.00000000005,AGV_05,TOTE_0179,station_3,KIT_0022_01,,,,,,,,,,,,,,,,,,,,,,,
dispatch,14354.666666666719,AGV_04,TOTE_0110,station_2,KIT_0023_01,{'PART_02': 120},14400.0,1.2237491595265932,1.1982369383979843,0.006614583333333334,0.01889763779527559,0.2,0.4307692307692308,0.6,0.3,0.1,0.03,0.1,0.2,0.1,0.006,2.0,1200.0,0.6311725726390328,,,,
dispatch,14356.000000000051,AGV_06,TOTE_0265,station_4,KIT_0023_02,{'PART_04': 400},14400.0,1.2414560649165833,1.1982509797911352,0.014531249999999999,0.02867383512544803,0.2,0.48717948717948717,0.6,0.3,0.1,0.03,0.1,0.2,0.1,0.006,2.0,1200.0,0.6361556902320011,,,,
kitting_started,14356.666666666715,AGV_01,TOTE_0890,station_2,KIT_0023_01,,,,,,,,,,,,,,,,,,,,,,,
dispatch,14360.000000000051,AGV_09,TOTE_0839,station_3,KIT_0022_01,{'PART_01': 10},14400.0,1.2115079688998582,1.198292436871704,0.012460815047021944,0.0007547169811320755,0.2,0.441025641025641,0.6,0.3,0.1,0.03,0.1,0.2,0.1,0.006,2.0,1200.0,0.6228022172373509,,,,
kitting_completed,14366.666666666715,AGV_01,TOTE_0890,station_2,KIT_0023_01,,,,,,,,,,,,,,,,,,,,{'PART_01': 10},False,,
dispatch,14366.666666666715,AGV_07,TOTE_0035,station_2,KIT_0023_01,{'PART_01': 70},14400.0,1.2173161771808916,1.1983593608378496,0.005364583333333332,0.013592233009708738,0.2,0.4666666666666667,0.6,0.3,0.1,0.03,0.1,0.2,0.1,0.006,2.0,1200.0,0.6237230396418683,,,,
kitting_started,14389.333333333387,AGV_04,TOTE_0110,station_2,KIT_0023_01,,,,,,,,,,,,,,,,,,,,,,,
kitting_completed,14393.333333333383,AGV_10,TOTE_0362,station_1,KIT_0024_01,,,,,,,,,,,,,,,,,,,,{'PART_05': 90},False,,
dispatch,14393.333333333383,AGV_02,TOTE_0671,station_1,KIT_0024_01,{'PART_03': 50},14400.0,1.2274319188751546,1.1986018452366096,0.02550339366515837,0.00332667997338656,0.2,0.358974358974359,0.6,0.3,0.1,0.03,0.1,0.2,0.1,0.006,2.0,1200.0,0.6405617154276569,,,,
kitting_started,14394.666666666717,AGV_08,TOTE_0653,station_1,KIT_0024_01,,,,,,,,,,,,,,,,,,,,,,,
kitting_completed,14399.333333333381,AGV_03,TOTE_0143,station_4,KIT_0023_02,,,,,,,,,,,,,,,,,,,,{'PART_02': 120},False,,
dispatch,14399.333333333381,AGV_01,TOTE_0283,station_4,KIT_0023_02,{'PART_04': 400},14400.0,1.2492168534010153,1.1986512650425565,0.010364583333333335,0.040201005025125636,0.2,0.5384615384615384,0.6,0.3,0.1,0.03,0.1,0.2,0.1,0.006,2.0,1200.0,0.6356839581944553,,,,
kitting_started,14400.666666666715,AGV_06,TOTE_0265,station_4,KIT_0023_02,,,,,,,,,,,,,,,,,,,,,,,
kitting_completed,14404.00000000005,AGV_05,TOTE_0179,station_3,KIT_0022_01,,,,,,,,,,,,,,,,,,,,{'PART_02': 120},False,,
kitting_completed,14404.666666666717,AGV_08,TOTE_0653,station_1,KIT_0024_01,,,,,,,,,,,,,,,,,,,,{'PART_03': 50},False,,
kitting_started,14405.333333333383,AGV_09,TOTE_0839,station_3,KIT_0022_01,,,,,,,,,,,,,,,,,,,,,,,
kitting_completed,14415.333333333383,AGV_09,TOTE_0839,station_3,KIT_0022_01,,,,,,,,,,,,,,,,,,,,{'PART_01': 10},False,,
dispatch,14420.00000000005,AGV_10,TOTE_0380,station_1,KIT_0024_01,{'PART_05': 90},14400.0,1.2296575612195855,1.1988085026327329,0.024654977375565608,0.006194081211286993,0.2,0.3333333333333333,0.6,0.3,0.1,0.03,0.1,0.2,0.1,0.006,2.0,1200.0,0.644461203398418,,,,
kitting_started,14423.333333333385,AGV_02,TOTE_0671,station_1,KIT_0024_01,,,,,,,,,,,,,,,,,,,,,,,
dispatch,14426.000000000047,AGV_03,TOTE_0857,station_3,KIT_0022_01,{'PART_01': 10},14400.0,1.211977847603585,1.1988506201699463,0.012366771159874607,0.0007604562737642586,0.2,0.3641025641025641,0.6,0.3,0.1,0.03,0.1,0.2,0.1,0.006,2.0,1200.0,0.6307764521518946,,,,
dispatch,14431.333333333383,AGV_08,TOTE_0875,station_3,KIT_0022_01,{'PART_01': 10},14400.0,1.2119258176667491,1.1988868068691176,0.012272727272727272,0.0007662835249042146,0.2,0.3641025641025641,0.6,0.3,0.1,0.03,0.1,0.2,0.1,0.006,2.0,1200.0,0.630745234189793,,,,
kitting_completed,14433.333333333385,AGV_02,TOTE_0671,station_1,KIT_0024_01,,,,,,,,,,,,,,,,,,,,{'PART_03': 50},False,,
dispatch,14435.333333333383,AGV_05,TOTE_0689,station_1,KIT_0024_01,{'PART_03': 50},14400.0,1.2257094041107548,1.198913197479787,0.02312782805429864,0.0036683785766691126,0.2,0.4358974358974359,0.6,0.3,0.1,0.03,0.1,0.2,0.1,0.006,2.0,1200.0,0.6318358988767093,,,,
kitting_completed,14440.666666666715,AGV_06,TOTE_0265,station_4,KIT_0023_02,,,,,,,,,,,,,,,,,,,,{'PART_04': 400},False,,
dispatch,14440.666666666717,AGV_09,TOTE_0301,station_4,KIT_0023_02,{'PART_04': 400},14400.0,1.2723722220152784,1.1989474145923094,0.006197916666666666,0.06722689075630253,0.2,0.5128205128205128,0.6,0.3,0.1,0.03,0.1,0.2,0.1,0.006,2.0,1200.0,0.6521412819271157,,,,
kitting_started,14446.00000000005,AGV_01,TOTE_0283,station_4,KIT_0023_02,,,,,,,,,,,,,,,,,,,,,,,
kitting_started,14446.666666666717,AGV_10,TOTE_0380,station_1,KIT_0024_01,,,,,,,,,,,,,,,,,,,,,,,
kitting_completed,14449.333333333387,AGV_04,TOTE_0110,station_2,KIT_0023_01,,,,,,,,,,,,,,,,,,,,{'PART_02': 120},False,,
kitting_started,14450.66666666672,AGV_07,TOTE_0035,station_2,KIT_0023_01,,,,,,,,,,,,,,,,,,,,,,,
kitting_started,14458.000000000047,AGV_03,TOTE_0857,station_3,KIT_0022_01,,,,,,,,,,,,,,,,,,,,,,,
dispatch,14460.000000000051,AGV_02,TOTE_0074,station_2,KIT_0023_01,{'PART_01': 10},14400.0,1.2059452764188276,1.199062668740925,0.004635416666666665,0.0022471910112359553,0.0,0.4307692307692308,0.6,0.3,0.1,0.03,0.1,0.2,0.1,0.006,2.0,1200.0,0.6804902427743734,,,,
kitting_completed,14468.000000000047,AGV_03,TOTE_0857,station_3,KIT_0022_01,,,,,,,,,,,,,,,,,,,,{'PART_01': 10},False,,
kitting_started,14469.333333333381,AGV_08,TOTE_0875,station_3,KIT_0022_01,,,,,,,,,,,,,,,,,,,,,,,
dispatch,14474.00000000005,AGV_06,TOTE_0463,station_3,KIT_0022_01,{'PART_06': 180},14400.0,1.2252164675400667,1.199138170254873,0.012178683385579935,0.0138996138996139,0.2,0.4564102564102564,0.6,0.3,0.1,0.03,0.1,0.2,0.1,0.006,2.0,1200.0,0.6294888548830143,,,,
kitting_completed,14479.333333333381,AGV_08,TOTE_0875,station_3,KIT_0022_01,,,,,,,,,,,,,,,,,,,,{'PART_01': 10},False,,
dispatch,14480.66666666672,AGV_04,TOTE_0839,station_3,KIT_0022_01,{'PART_01': 10},14400.0,1.2105547097095888,1.1991719553061138,0.0104858934169279,0.0008968609865470852,0.2,0.38974358974358975,0.6,0.3,0.1,0.03,0.1,0.2,0.1,0.006,2.0,1200.0,0.6273584668513943,,,,
kitting_completed,14486.00000000005,AGV_01,TOTE_0283,station_4,KIT_0023_02,,,,,,,,,,,,,,,,,,,,{'PART_04': 400},False,,
kitting_started,14487.333333333383,AGV_09,TOTE_0301,station_4,KIT_0023_02,,,,,,,,,,,,,,,,,,,,,,,
dispatch,14493.333333333381,AGV_03,TOTE_0053,station_4,KIT_0023_02,{'PART_01': 70},14400.0,1.2371612277308957,1.1992325418334597,0.002031250000000001,0.0358974358974359,0.2,0.38461538461538464,0.6,0.3,0.1,0.03,0.1,0.2,0.1,0.006,2.0,1200.0,0.6438351981769989,,,,
kitting_completed,14506.666666666717,AGV_10,TOTE_0380,station_1,KIT_0024_01,,,,,,,,,,,,,,,,,,,,{'PART_05': 90},False,,
dispatch,14506.666666666717,AGV_08,TOTE_0707,station_1,KIT_0024_01,{'PART_03': 50},14400.0,1.225379020084313,1.1992915352046034,0.02227941176470588,0.003808073115003808,0.2,0.38461538461538464,0.6,0.3,0.1,0.03,0.1,0.2,0.1,0.006,2.0,1200.0,0.6367658735890495,,,,
kitting_started,14508.000000000051,AGV_05,TOTE_0689,station_1,KIT_0024_01,,,,,,,,,,,,,,,,,,,,,,,
kitting_started,14508.666666666717,AGV_06,TOTE_0463,station_3,KIT_0022_01,,,,,,,,,,,,,,,,,,,,,,,
kitting_completed,14518.000000000051,AGV_05,TOTE_0689,station_1,KIT_0024_01,,,,,,,,,,,,,,,,,,,,{'PART_03': 50},False,,
dispatch,14519.333333333383,AGV_01,TOTE_0202,station_1,KIT_0024_01,{'PART_03': 200},14400.0,1.2366096821079005,1.1993433738853607,0.02143099547511312,0.01583531274742676,0.2,0.5128205128205128,0.6,0.3,0.1,0.03,0.1,0.2,0.1,0.006,2.0,1200.0,0.6306837579826889,,,,
kitting_completed,14520.66666666672,AGV_07,TOTE_0035,station_2,KIT_0023_01,,,,,,,,,,,,,,,,,,,,{'PART_01': 70},False,,
kitting_started,14522.000000000055,AGV_02,TOTE_0074,station_2,KIT_0023_01,,,,,,,,,,,,,,,,,,,,,,,
kitting_completed,14527.333333333383,AGV_09,TOTE_0301,station_4,KIT_0023_02,,,,,,,,,,,,,,,,,,,,{'PART_04': 400},False,,
kitting_started,14528.666666666717,AGV_03,TOTE_0053,station_4,KIT_0023_02,,,,,,,,,,,,,,,,,,,,,,,
kitting_completed,14532.000000000055,AGV_02,TOTE_0074,station_2,KIT_0023_01,,,,,,,,,,,,,,,,,,,,{'PART_01': 10},False,,
dispatch,14533.333333333383,AGV_10,TOTE_0071,station_4,KIT_0023_02,{'PART_01': 50},14400.0,1.2406983518847663,1.199396268551433,0.0013020833333333337,0.04000000000000001,0.0,0.46153846153846156,0.6,0.3,0.1,0.03,0.1,0.2,0.1,0.006,2.0,1200.0,0.6982651649770135,,,,
kitting_started,14540.000000000051,AGV_08,TOTE_0707,station_1,KIT_0024_01,,,,,,,,,,,,,,,,,,,,,,,
dispatch,14544.666666666717,AGV_05,TOTE_0128,station_2,KIT_0023_01,{'PART_02': 120},14400.0,1.2315534082469994,1.1994359513504476,0.004531249999999999,0.027586206896551724,0.2,0.4307692307692308,0.6,0.3,0.1,0.03,0.1,0.2,0.1,0.006,2.0,1200.0,0.6358551218712766,,,,
kitting_completed,14550.000000000051,AGV_08,TOTE_0707,station_1,KIT_0024_01,,,,,,,,,,,,,,,,,,,,{'PART_03': 50},False,,
dispatch,14556.000000000055,AGV_07,TOTE_0146,station_2,KIT_0023_01,{'PART_02': 120},14400.0,1.2408495143072684,1.1994730262120303,0.00328125,0.0380952380952381,0.2,0.5333333333333333,0.6,0.3,0.1,0.03,0.1,0.2,0.1,0.006,2.0,1200.0,0.6311763752510277,,,,
dispatch,14560.666666666717,AGV_09,TOTE_0220,station_1,KIT_0024_01,{'PART_03': 200},14400.0,1.236339580510823,1.1994875747472324,0.01803733031674208,0.018814675446848544,0.2,0.5128205128205128,0.6,0.3,0.1,0.03,0.1,0.2,0.1,0.006,2.0,1200.0,0.6305216970244425,,,,
kitting_started,14562.666666666717,AGV_01,TOTE_0202,station_1,KIT_0024_01,,,,,,,,,,,,,,,,,,,,,,,
kitting_completed,14568.666666666717,AGV_06,TOTE_0463,station_3,KIT_0022_01,,,,,,,,,,,,,,,,,,,,{'PART_06': 180},False,,
dispatch,14568.666666666717,AGV_02,TOTE_0857,station_3,KIT_0022_01,{'PART_01': 10},14400.0,1.2108084138244948,1.1995115869191486,0.010391849529780563,0.000904977375565611,0.2,0.38974358974358975,0.6,0.3,0.1,0.03,0.1,0.2,0.1,0.006,2.0,1200.0,0.6275106893203379,,,,
kitting_started,14570.000000000051,AGV_04,TOTE_0839,station_3,KIT_0022_01,,,,,,,,,,,,,,,,,,,,,,,
kitting_started,14579.333333333385,AGV_05,TOTE_0128,station_2,KIT_0023_01,,,,,,,,,,,,,,,,,,,,,,,
kitting_completed,14580.000000000051,AGV_04,TOTE_0839,station_3,KIT_0022_01,,,,,,,,,,,,,,,,,,,,{'PART_01': 10},False,,
dispatch,14580.000000000051,AGV_08,TOTE_0875,station_3,KIT_0022_01,{'PART_01': 10},14400.0,1.210754738544704,1.1995436908929382,0.010297805642633228,0.0009132420091324201,0.2,0.3641025641025641,0.6,0.3,0.1,0.03,0.1,0.2,0.1,0.006,2.0,1200.0,0.630042586716566,,,,
kitting_completed,14598.666666666717,AGV_03,TOTE_0053,station_4,KIT_0023_02,,,,,,,,,,,,,,,,,,,,{'PART_01': 70},False,,
kitting_started,14600.000000000051,AGV_10,TOTE_0071,station_4,KIT_0023_02,,,,,,,,,,,,,,,,,,,,,,,
kitting_completed,14602.666666666717,AGV_01,TOTE_0202,station_1,KIT_0024_01,,,,,,,,,,,,,,,,,,,,{'PART_03': 200},False,,
dispatch,14603.333333333383,AGV_06,TOTE_0481,station_4,KIT_0023_02,{'PART_07': 25},14400.0,1.2337178806825966,1.1996032973492632,0.0007812499999999989,0.03333333333333333,0.2,0.4358974358974359,0.6,0.3,0.1,0.03,0.1,0.2,0.1,0.006,2.0,1200.0,0.6366409848198143,,,,
kitting_started,14604.000000000051,AGV_09,TOTE_0220,station_1,KIT_0024_01,,,,,,,,,,,,,,,,,,,,,,,
kitting_started,14604.000000000051,AGV_02,TOTE_0857,station_3,KIT_0022_01,,,,,,,,,,,,,,,,,,,,,,,
dispatch,14605.333333333385,AGV_04,TOTE_0368,station_1,KIT_0024_01,{'PART_05': 90},14400.0,1.2246804309395039,1.199608028817054,0.014643665158371042,0.010428736964078797,0.2,0.41025641025641024,0.6,0.3,0.1,0.03,0.1,0.2,0.1,0.006,2.0,1200.0,0.6337826175380613,,,,
kitting_completed,14614.000000000051,AGV_02,TOTE_0857,station_3,KIT_0022_01,,,,,,,,,,,,,,,,,,,,{'PART_01': 10},False,,
kitting_started,14615.333333333385,AGV_08,TOTE_0875,station_3,KIT_0022_01,,,,,,,,,,,,,,,,,,,,,,,
dispatch,14625.333333333383,AGV_03,TOTE_0893,station_3,KIT_0022_01,{'PART_01': 10},14400.0,1.2107777692076664,1.1996523484660053,0.010203761755485895,0.0009216589861751152,0.2,0.3641025641025641,0.6,0.3,0.1,0.03,0.1,0.2,0.1,0.006,2.0,1200.0,0.6300564051143434,,,,
kitting_completed,14625.333333333385,AGV_08,TOTE_0875,station_3,KIT_0022_01,,,,,,,,,,,,,,,,,,,,{'PART_01': 10},False,,
dispatch,14636.000000000051,AGV_01,TOTE_0100,station_3,KIT_0022_01,{'PART_02': 120},14400.0,1.2209464077363494,1.1996738991703366,0.010109717868338558,0.011162790697674419,0.2,0.4666666666666667,0.6,0.3,0.1,0.03,0.1,0.2,0.1,0.006,2.0,1200.0,0.6259011779751431,,,,
kitting_completed,14639.333333333385,AGV_05,TOTE_0128,station_2,KIT_0023_01,,,,,,,,,,,,,,,,,,,,{'PART_02': 120},False,,
dispatch,14639.333333333385,AGV_02,TOTE_0644,station_2,KIT_0023_01,{'PART_02': 20},14400.0,1.2119680160823694,1.1996803558259592,0.002031250000000001,0.010256410256410256,0.2,0.441025641025641,0.6,0.3,0.1,0.03,0.1,0.2,0.1,0.006,2.0,1200.0,0.6230782455468575,,,,
kitting_started,14640.666666666719,AGV_07,TOTE_0146,station_2,KIT_0023_01,,,,,,,,,,,,,,,,,,,,,,,
kitting_completed,14644.000000000051,AGV_09,TOTE_0220,station_1,KIT_0024_01,,,,,,,,,,,,,,,,,,,,{'PART_03': 200},False,,
kitting_started,14645.333333333385,AGV_04,TOTE_0368,station_1,KIT_0024_01,,,,,,,,,,,,,,,,,,,,,,,
kitting_completed,14650.000000000051,AGV_10,TOTE_0071,station_4,KIT_0023_02,,,,,,,,,,,,,,,,,,,,{'PART_01': 50},False,,
dispatch,14650.666666666719,AGV_08,TOTE_0466,station_4,KIT_0023_02,{'PART_07': 25},14400.0,1.2502222006724948,1.1997013673391614,0.0005208333333333348,0.05,0.2,0.5384615384615384,0.6,0.3,0.1,0.03,0.1,0.2,0.1,0.006,2.0,1200.0,0.6362871665573431,,,,
kitting_started,14651.333333333385,AGV_06,TOTE_0481,station_4,KIT_0023_02,,,,,,,,,,,,,,,,,,,,,,,
kitting_started,14657.333333333383,AGV_03,TOTE_0893,station_3,KIT_0022_01,,,,,,,,,,,,,,,,,,,,,,,
kitting_completed,14667.333333333383,AGV_03,TOTE_0893,station_3,KIT_0022_01,,,,,,,,,,,,,,,,,,,,{'PART_01': 10},False,,
dispatch,14670.666666666719,AGV_05,TOTE_0488,station_1,KIT_0024_01,{'PART_08': 72},14400.0,1.222166009579987,1.199735134105108,0.013116515837104072,0.009314359637774904,0.2,0.3333333333333333,0.6,0.3,0.1,0.03,0.1,0.2,0.1,0.006,2.0,1200.0,0.6399662724146588,,,,
kitting_started,14674.666666666717,AGV_01,TOTE_0100,station_3,KIT_0022_01,,,,,,,,,,,,,,,,,,,,,,,
dispatch,14676.666666666717,AGV_10,TOTE_0875,station_3,KIT_0022_01,{'PART_01': 10},14400.0,1.2097728106620418,1.199744499020623,0.008981191222570531,0.0010471204188481676,0.2,0.3641025641025641,0.6,0.3,0.1,0.03,0.1,0.2,0.1,0.006,2.0,1200.0,0.6294534299869687,,,,
kitting_completed,14700.666666666719,AGV_07,TOTE_0146,station_2,KIT_0023_01,,,,,,,,,,,,,,,,,,,,{'PART_02': 120},False,,
dispatch,14700.666666666719,AGV_09,TOTE_0475,station_2,KIT_0023_01,{'PART_07': 25},14400.0,1.2158873936786436,1.1997787627262628,0.0018229166666666652,0.014285714285714285,0.2,0.441025641025641,0.6,0.3,0.1,0.03,0.1,0.2,0.1,0.006,2.0,1200.0,0.6254298721046221,,,,
kitting_completed,14701.333333333385,AGV_06,TOTE_0481,station_4,KIT_0023_02,,,,,,,,,,,,,,,,,,,,{'PART_07': 25},False,,
dispatch,14701.333333333385,AGV_03,TOTE_0478,station_4,KIT_0023_02,{'PART_07': 25},14400.0,1.300040062520418,1.1997796458537513,0.0002604166666666674,0.1,0.2,0.5384615384615384,0.6,0.3,0.1,0.03,0.1,0.2,0.1,0.006,2.0,1200.0,0.666177883666097,,,,
kitting_started,14702.000000000053,AGV_02,TOTE_0644,station_2,KIT_0023_01,,,,,,,,,,,,,,,,,,,,,,,
kitting_started,14702.666666666719,AGV_08,TOTE_0466,station_4,KIT_0023_02,,,,,,,,,,,,,,,,,,,,,,,
kitting_completed,14705.333333333385,AGV_04,TOTE_0368,station_1,KIT_0024_01,,,,,,,,,,,,,,,,,,,,{'PART_05': 90},False,,
kitting_started,14706.666666666719,AGV_05,TOTE_0488,station_1,KIT_0024_01,,,,,,,,,,,,,,,,,,,,,,,
kitting_completed,14712.000000000053,AGV_02,TOTE_0644,station_2,KIT_0023_01,,,,,,,,,,,,,,,,,,,,{'PART_02': 20},False,,
dispatch,14732.000000000053,AGV_07,TOTE_0092,station_1,KIT_0024_01,{'PART_01': 70},14400.0,1.221697208654998,1.1998166776101429,0.011894796380090498,0.009985734664764621,0.2,0.3333333333333333,0.6,0.3,0.1,0.03,0.1,0.2,0.1,0.006,2.0,1200.0,0.6396849918596655,,,,
kitting_completed,14734.666666666717,AGV_01,TOTE_0100,station_3,KIT_0022_01,,,,,,,,,,,,,,,,,,,,{'PART_02': 120},False,,
dispatch,14734.666666666719,AGV_06,TOTE_0118,station_3,KIT_0022_01,{'PART_02': 120},14400.0,1.2214051473157606,1.1998195872819246,0.0088871473354232,0.012698412698412698,0.2,0.441025641025641,0.6,0.3,0.1,0.03,0.1,0.2,0.1,0.006,2.0,1200.0,0.6287405242868922,,,,
dispatch,14735.333333333385,AGV_04,TOTE_0743,station_2,KIT_0023_01,{'PART_07': 5},14400.0,1.204716140788798,1.1998203074554648,0.001562500000000001,0.0033333333333333335,0.2,0.37948717948717947,0.6,0.3,0.1,0.03,0.1,0.2,0.1,0.006,2.0,1200.0,0.6248809665245609,,,,
kitting_started,14736.000000000051,AGV_10,TOTE_0875,station_3,KIT_0022_01,,,,,,,,,,,,,,,,,,,,,,,
kitting_started,14736.000000000053,AGV_09,TOTE_0475,station_2,KIT_0023_01,,,,,,,,,,,,,,,,,,,,,,,
kitting_completed,14746.000000000051,AGV_10,TOTE_0875,station_3,KIT_0022_01,,,,,,,,,,,,,,,,,,,,{'PART_01': 10},False,,
dispatch,14746.000000000051,AGV_02,TOTE_0893,station_3,KIT_0022_01,{'PART_01': 10},14400.0,1.2088021888749938,1.1998314469732174,0.007758620689655171,0.0012121212121212121,0.2,0.3384615384615385,0.6,0.3,0.1,0.03,0.1,0.2,0.1,0.006,2.0,1200.0,0.6314351594788423,,,,
kitting_completed,14752.666666666719,AGV_08,TOTE_0466,station_4,KIT_0023_02,,,,,,,,,,,,,,,,,,,,{'PART_07': 25},False,,
kitting_started,14754.000000000053,AGV_03,TOTE_0478,station_4,KIT_0023_02,,,,,,,,,,,,,,,,,,,,,,,
kitting_completed,14766.666666666719,AGV_05,TOTE_0488,station_1,KIT_0024_01,,,,,,,,,,,,,,,,,,,,{'PART_08': 72},False,,
dispatch,14766.666666666719,AGV_01,TOTE_0238,station_1,KIT_0024_01,{'PART_03': 200},14400.0,1.2422538374932572,1.1998511028409422,0.010707013574660631,0.03169572107765452,0.2,0.48717948717948717,0.6,0.3,0.1,0.03,0.1,0.2,0.1,0.006,2.0,1200.0,0.6366343537780055,,,,
kitting_started,14768.000000000053,AGV_07,TOTE_0092,station_1,KIT_0024_01,,,,,,,,,,,,,,,,,,,,,,,
kitting_started,14770.000000000053,AGV_06,TOTE_0118,station_3,KIT_0022_01,,,,,,,,,,,,,,,,,,,,,,,
kitting_completed,14786.000000000053,AGV_09,TOTE_0475,station_2,KIT_0023_01,,,,,,,,,,,,,,,,,,,,{'PART_07': 25},False,,
dispatch,14786.000000000053,AGV_08,TOTE_0565,station_2,KIT_0023_01,{'PART_02': 20},14400.0,1.215170930283306,1.1998674101683635,0.0015104166666666662,0.013793103448275862,0.2,0.49230769230769234,0.6,0.3,0.1,0.03,0.1,0.2,0.1,0.006,2.0,1200.0,0.6198717889392145,,,,
kitting_started,14787.333333333387,AGV_04,TOTE_0743,station_2,KIT_0023_01,,,,,,,,,,,,,,,,,,,,,,,
kitting_completed,14797.333333333387,AGV_04,TOTE_0743,station_2,KIT_0023_01,,,,,,,,,,,,,,,,,,,,{'PART_07': 5},False,,
dispatch,14797.333333333387,AGV_05,TOTE_0761,station_2,KIT_0023_01,{'PART_07': 5},14400.0,1.20517820959449,1.1998761262611568,0.0013020833333333337,0.004,0.2,0.37948717948717947,0.6,0.3,0.1,0.03,0.1,0.2,0.1,0.006,2.0,1200.0,0.625158207807976,,,,
kitting_completed,14804.000000000053,AGV_03,TOTE_0478,station_4,KIT_0023_02,,,,,,,,,,,,,,,,,,,,{'PART_07': 25},True,,
kitting_started,14828.000000000053,AGV_08,TOTE_0565,station_2,KIT_0023_01,,,,,,,,,,,,,,,,,,,,,,,
kitting_completed,14830.000000000053,AGV_06,TOTE_0118,station_3,KIT_0022_01,,,,,,,,,,,,,,,,,,,,{'PART_02': 120},False,,
dispatch,14830.000000000053,AGV_09,TOTE_0136,station_3,KIT_0022_01,{'PART_02': 120},14400.0,1.222286676830322,1.199898173647446,0.007664576802507835,0.0147239263803681,0.2,0.441025641025641,0.6,0.3,0.1,0.03,0.1,0.2,0.1,0.006,2.0,1200.0,0.6292694419956291,,,,
kitting_started,14831.333333333387,AGV_02,TOTE_0893,station_3,KIT_0022_01,,,,,,,,,,,,,,,,,,,,,,,
kitting_completed,14838.000000000053,AGV_07,TOTE_0092,station_1,KIT_0024_01,,,,,,,,,,,,,,,,,,,,{'PART_01': 70},False,,
kitting_completed,14838.000000000053,AGV_08,TOTE_0565,station_2,KIT_0023_01,,,,,,,,,,,,,,,,,,,,{'PART_02': 20},False,,
dispatch,14838.000000000053,AGV_04,TOTE_0725,station_1,KIT_0024_01,{'PART_03': 50},14400.0,1.2188172222248377,1.1999029457343022,0.007313348416289593,0.01160092807424594,0.2,0.3333333333333333,0.6,0.3,0.1,0.03,0.1,0.2,0.1,0.006,2.0,1200.0,0.6379570000015692,,,,
dispatch,14838.000000000053,AGV_10,TOTE_0752,station_2,KIT_0023_01,{'PART_02': 20},14400.0,1.2178196124009688,1.1999029457343022,0.001249999999999999,0.016666666666666666,0.2,0.441025641025641,0.6,0.3,0.1,0.03,0.1,0.2,0.1,0.006,2.0,1200.0,0.6265892033380172,,,,
kitting_started,14839.333333333387,AGV_01,TOTE_0238,station_1,KIT_0024_01,,,,,,,,,,,,,,,,,,,,,,,
kitting_started,14839.333333333387,AGV_05,TOTE_0761,station_2,KIT_0023_01,,,,,,,,,,,,,,,,,,,,,,,
kitting_completed,14841.333333333387,AGV_02,TOTE_0893,station_3,KIT_0022_01,,,,,,,,,,,,,,,,,,,,{'PART_01': 10},False,,
dispatch,14841.333333333387,AGV_03,TOTE_0154,station_3,KIT_0022_01,{'PART_02': 120},14400.0,1.2237071046938361,1.1999048674867367,0.006536050156739811,0.017266187050359715,0.2,0.4153846153846154,0.6,0.3,0.1,0.03,0.1,0.2,0.1,0.006,2.0,1200.0,0.6326858012778402,,,,
kitting_completed,14849.333333333387,AGV_05,TOTE_0761,station_2,KIT_0023_01,,,,,,,,,,,,,,,,,,,,{'PART_07': 5},False,,
dispatch,14862.000000000053,AGV_06,TOTE_0472,station_2,KIT_0023_01,{'PART_07': 25},14400.0,1.2259576282632372,1.1999159615965707,0.0010416666666666662,0.025,0.2,0.5076923076923077,0.6,0.3,0.1,0.03,0.1,0.2,0.1,0.006,2.0,1200.0,0.6248053461887114,,,,
kit_replacement,14864.000000000053,,,station_4,,,,,,,,,,,,,,,,,,,,,,,KIT_0023_02,KIT_0024_02
dispatch,14864.666666666719,AGV_07,TOTE_0215,station_4,KIT_0024_02,{'PART_03': 200},14400.0,1.2413983517377811,1.1999172954806054,0.03,0.011481056257175661,0.2,0.46153846153846156,0.6,0.3,0.1,0.03,0.1,0.2,0.1,0.006,2.0,1200.0,0.6386851648888225,,,,
kitting_started,14865.333333333387,AGV_09,TOTE_0136,station_3,KIT_0022_01,,,,,,,,,,,,,,,,,,,,,,,
dispatch,14866.66666666672,AGV_02,TOTE_0233,station_4,KIT_0024_02,{'PART_03': 200},14400.0,1.239444133716505,1.1999182819814658,0.026555683122847302,0.012970168612191961,0.2,0.38461538461538464,0.6,0.3,0.1,0.03,0.1,0.2,0.1,0.006,2.0,1200.0,0.6452049417683646,,,,
kitting_started,14873.333333333387,AGV_10,TOTE_0752,station_2,KIT_0023_01,,,,,,,,,,,,,,,,,,,,,,,
kitting_completed,14879.333333333387,AGV_01,TOTE_0238,station_1,KIT_0024_01,,,,,,,,,,,,,,,,,,,,{'PART_03': 200},False,,
dispatch,14879.333333333387,AGV_08,TOTE_0614,station_1,KIT_0024_01,{'PART_03': 50},14400.0,1.2195125539969804,1.1999242622902313,0.006464932126696832,0.013123359580052493,0.2,0.358974358974359,0.6,0.3,0.1,0.03,0.1,0.2,0.1,0.006,2.0,1200.0,0.6358100965007524,,,,
kitting_started,14880.66666666672,AGV_04,TOTE_0725,station_1,KIT_0024_01,,,,,,,,,,,,,,,,,,,,,,,
kitting_completed,14883.333333333387,AGV_10,TOTE_0752,station_2,KIT_0023_01,,,,,,,,,,,,,,,,,,,,{'PART_02': 20},False,,
dispatch,14883.333333333387,AGV_05,TOTE_0469,station_2,KIT_0023_01,{'PART_07': 10},14400.0,1.214040641652705,1.1999260583193716,0.0007812499999999989,0.013333333333333334,0.0,0.5846153846153846,0.6,0.3,0.1,0.03,0.1,0.2,0.1,0.006,2.0,1200.0,0.6699628465300845,,,,
kitting_completed,14890.66666666672,AGV_04,TOTE_0725,station_1,KIT_0024_01,,,,,,,,,,,,,,,,,,,,{'PART_03': 50},False,,
kitting_started,14900.000000000055,AGV_02,TOTE_0233,station_4,KIT_0024_02,,,,,,,,,,,,,,,,,,,,,,,
kitting_started,14903.333333333387,AGV_06,TOTE_0472,station_2,KIT_0023_01,,,,,,,,,,,,,,,,,,,,,,,
dispatch,14912.66666666672,AGV_01,TOTE_0004,station_1,KIT_0024_01,{'PART_01': 70},14400.0,1.226702543062239,1.1999379909713586,0.005616515837104073,0.021148036253776436,0.2,0.4358974358974359,0.6,0.3,0.1,0.03,0.1,0.2,0.1,0.006,2.0,1200.0,0.6324317822475999,,,,
kitting_started,14919.333333333389,AGV_08,TOTE_0614,station_1,KIT_0024_01,,,,,,,,,,,,,,,,,,,,,,,
kitting_completed,14925.333333333387,AGV_09,TOTE_0136,station_3,KIT_0022_01,,,,,,,,,,,,,,,,,,,,{'PART_02': 120},False,,
dispatch,14925.333333333387,AGV_10,TOTE_0554,station_3,KIT_0022_01,{'PART_06': 30},14400.0,1.2105674437701732,1.1999425289548535,0.005407523510971787,0.0052173913043478265,0.2,0.35384615384615387,0.6,0.3,0.1,0.03,0.1,0.2,0.1,0.006,2.0,1200.0,0.6309558508774886,,,,
kitting_started,14926.66666666672,AGV_03,TOTE_0154,station_3,KIT_0022_01,,,,,,,,,,,,,,,,,,,,,,,
kitting_completed,14929.333333333389,AGV_08,TOTE_0614,station_1,KIT_0024_01,,,,,,,,,,,,,,,,,,,,{'PART_03': 50},False,,
dispatch,14929.333333333389,AGV_04,TOTE_0074,station_1,KIT_0024_01,{'PART_01': 30},14400.0,1.215866877723894,1.1999438918186565,0.004428733031674209,0.011494252873563218,0.2,0.358974358974359,0.6,0.3,0.1,0.03,0.1,0.2,0.1,0.006,2.0,1200.0,0.6336226907369004,,,,
kitting_completed,14940.000000000055,AGV_02,TOTE_0233,station_4,KIT_0024_02,,,,,,,,,,,,,,,,,,,,{'PART_03': 200},False,,
kitting_started,14941.333333333389,AGV_07,TOTE_0215,station_4,KIT_0024_02,,,,,,,,,,,,,,,,,,,,,,,
kitting_started,14946.000000000055,AGV_01,TOTE_0004,station_1,KIT_0024_01,,,,,,,,,,,,,,,,,,,,,,,
kitting_completed,14953.333333333387,AGV_06,TOTE_0472,station_2,KIT_0023_01,,,,,,,,,,,,,,,,,,,,{'PART_07': 25},False,,
kitting_started,14954.66666666672,AGV_05,TOTE_0469,station_2,KIT_0023_01,,,,,,,,,,,,,,,,,,,,,,,
dispatch,14956.000000000055,AGV_08,TOTE_0251,station_4,KIT_0024_02,{'PART_03': 200},14400.0,1.2379666835544971,1.1999521876515746,0.023111366245694605,0.014903129657228018,0.2,0.46153846153846156,0.6,0.3,0.1,0.03,0.1,0.2,0.1,0.006,2.0,1200.0,0.636626163978852,,,,
dispatch,14957.333333333387,AGV_09,TOTE_0277,station_2,KIT_0023_01,{'PART_04': 50},14400.0,1.2775527288758295,1.1999525686194192,0.0006770833333333326,0.07692307692307693,0.4,0.441025641025641,0.6,0.3,0.1,0.03,0.1,0.2,0.1,0.006,2.0,1200.0,0.6024290732229336,,,,
kitting_completed,14974.66666666672,AGV_05,TOTE_0469,station_2,KIT_0023_01,,,,,,,,,,,,,,,,,,,,{'PART_07': 10},False,,
dispatch,14974.66666666672,AGV_02,TOTE_0770,station_2,KIT_0023_01,{'PART_02': 15},14400.0,1.3001135035842977,1.1999572535842975,0.00015625000000000111,0.1,0.6000000000000001,0.441025641025641,0.6,0.3,0.1,0.03,0.1,0.2,0.1,0.006,2.0,1200.0,0.5559655380480144,,,,
kitting_completed,14981.333333333389,AGV_07,TOTE_0215,station_4,KIT_0024_02,,,,,,,,,,,,,,,,,,,,{'PART_03': 200},False,,
kitting_completed,14986.66666666672,AGV_03,TOTE_0154,station_3,KIT_0022_01,,,,,,,,,,,,,,,,,,,,{'PART_02': 120},False,,
dispatch,14988.000000000053,AGV_06,TOTE_0193,station_4,KIT_0024_02,{'PART_03': 200},14400.0,1.2371407242685715,1.1999605400488913,0.019667049368541908,0.017513134851138354,0.2,0.5128205128205128,0.6,0.3,0.1,0.03,0.1,0.2,0.1,0.006,2.0,1200.0,0.6310023832790916,,,,
kitting_started,14988.000000000055,AGV_10,TOTE_0554,station_3,KIT_0022_01,,,,,,,,,,,,,,,,,,,,,,,
kitting_started,14992.66666666672,AGV_09,TOTE_0277,station_2,KIT_0023_01,,,,,,,,,,,,,,,,,,,,,,,
kitting_completed,14998.000000000055,AGV_10,TOTE_0554,station_3,KIT_0022_01,,,,,,,,,,,,,,,,,,,,{'PART_06': 30},False,,
kitting_started,14999.333333333389,AGV_08,TOTE_0251,station_4,KIT_0024_02,,,,,,,,,,,,,,,,,,,,,,,
dispatch,15008.000000000055,AGV_07,TOTE_0089,station_3,KIT_0022_01,{'PART_01': 70},14400.0,1.2179344306663273,1.1999650021195498,0.005125391849529779,0.012844036697247707,0.2,0.40512820512820513,0.6,0.3,0.1,0.03,0.1,0.2,0.1,0.006,2.0,1200.0,0.630247837886976,,,,
kitting_completed,15012.66666666672,AGV_09,TOTE_0277,station_2,KIT_0023_01,,,,,,,,,,,,,,,,,,,,{'PART_04': 50},False,,
dispatch,15012.66666666672,AGV_05,TOTE_0602,station_3,KIT_0022_01,{'PART_03': 50},14400.0,1.2149593688880245,1.1999659684590522,0.004467084639498434,0.010526315789473684,0.2,0.4666666666666667,0.6,0.3,0.1,0.03,0.1,0.2,0.1,0.006,2.0,1200.0,0.622308954666148,,,,
kitting_started,15014.000000000055,AGV_02,TOTE_0770,station_2,KIT_0023_01,,,,,,,,,,,,,,,,,,,,,,,
kitting_completed,15016.000000000055,AGV_01,TOTE_0004,station_1,KIT_0024_01,,,,,,,,,,,,,,,,,,,,{'PART_01': 70},False,,
kitting_started,15017.333333333389,AGV_04,TOTE_0074,station_1,KIT_0024_01,,,,,,,,,,,,,,,,,,,,,,,
dispatch,15018.66666666672,AGV_03,TOTE_0022,station_1,KIT_0024_01,{'PART_01': 70},14400.0,1.2341898853543278,1.199967171793379,0.003919683257918551,0.030303030303030304,0.2,0.48717948717948717,0.6,0.3,0.1,0.03,0.1,0.2,0.1,0.006,2.0,1200.0,0.631795982494648,,,,
kitting_completed,15034.000000000055,AGV_02,TOTE_0770,station_2,KIT_0023_01,,,,,,,,,,,,,,,,,,,,{'PART_02': 15},True,,
kitting_completed,15039.333333333389,AGV_08,TOTE_0251,station_4,KIT_0024_02,,,,,,,,,,,,,,,,,,,,{'PART_03': 200},False,,
kitting_started,15039.333333333389,AGV_07,TOTE_0089,station_3,KIT_0022_01,,,,,,,,,,,,,,,,,,,,,,,
dispatch,15039.333333333389,AGV_10,TOTE_0486,station_4,KIT_0024_02,{'PART_08': 12},14400.0,1.2174676180349262,1.1999710001932185,0.016222732491389207,0.0012738853503184715,0.2,0.3076923076923077,0.6,0.3,0.1,0.03,0.1,0.2,0.1,0.006,2.0,1200.0,0.639711340051725,,,,
kitting_started,15040.666666666722,AGV_06,TOTE_0193,station_4,KIT_0024_02,,,,,,,,,,,,,,,,,,,,,,,
kitting_completed,15047.333333333389,AGV_04,TOTE_0074,station_1,KIT_0024_01,,,,,,,,,,,,,,,,,,,,{'PART_01': 30},False,,
dispatch,15047.333333333389,AGV_09,TOTE_0040,station_1,KIT_0024_01,{'PART_01': 22},14400.0,1.2163688560196826,1.199972359293902,0.002731900452488688,0.013664596273291927,0.16000000000000014,0.46153846153846156,0.6,0.3,0.1,0.03,0.1,0.2,0.1,0.006,2.0,1200.0,0.6356674674579634,,,,
kitting_started,15058.66666666672,AGV_03,TOTE_0022,station_1,KIT_0024_01,,,,,,,,,,,,,,,,,,,,,,,
kitting_completed,15080.666666666722,AGV_06,TOTE_0193,station_4,KIT_0024_02,,,,,,,,,,,,,,,,,,,,{'PART_03': 200},False,,
dispatch,15080.666666666722,AGV_02,TOTE_0431,station_4,KIT_0024_02,{'PART_05': 90},14400.0,1.2256708625059827,1.1999773696723839,0.016016073478760044,0.00967741935483871,0.2,0.3333333333333333,0.6,0.3,0.1,0.03,0.1,0.2,0.1,0.006,2.0,1200.0,0.6420691841702563,,,,
kitting_started,15082.000000000056,AGV_10,TOTE_0486,station_4,KIT_0024_02,,,,,,,,,,,,,,,,,,,,,,,
kitting_completed,15092.000000000056,AGV_10,TOTE_0486,station_4,KIT_0024_02,,,,,,,,,,,,,,,,,,,,{'PART_08': 12},False,,
dispatch,15092.000000000056,AGV_01,TOTE_0449,station_4,KIT_0024_02,{'PART_05': 90},14400.0,1.225159273968994,1.1999788573706671,0.01446613088404133,0.010714285714285714,0.2,0.3333333333333333,0.6,0.3,0.1,0.03,0.1,0.2,0.1,0.006,2.0,1200.0,0.6417622310480632,,,,
kit_replacement,15094.000000000055,,,station_2,,,,,,,,,,,,,,,,,,,,,,,KIT_0023_01,KIT_0025_01
dispatch,15094.000000000055,AGV_04,TOTE_0770,station_2,KIT_0025_01,{'PART_02': 5},14400.0,1.2301334305522111,1.199979109564557,0.03,0.00015432098765432098,-0.4000000000000001,0.441025641025641,0.6,0.3,0.1,0.03,0.1,0.2,0.1,0.006,2.0,1200.0,0.8139774942287625,,,,
dispatch,15094.000000000055,AGV_08,TOTE_0277,station_2,KIT_0025_01,{'PART_04': 350},14400.0,1.2407519786469314,1.199979109564557,0.0299537037037037,0.010819165378670788,-0.2,0.5435897435897435,0.6,0.3,0.1,0.03,0.1,0.2,0.1,0.006,2.0,1200.0,0.7500922128291845,,,,
kitting_completed,15109.333333333389,AGV_07,TOTE_0089,station_3,KIT_0022_01,,,,,,,,,,,,,,,,,,,,{'PART_01': 70},False,,
kitting_started,15110.666666666722,AGV_05,TOTE_0602,station_3,KIT_0022_01,,,,,,,,,,,,,,,,,,,,,,,
kitting_started,15110.666666666724,AGV_02,TOTE_0431,station_4,KIT_0024_02,,,,,,,,,,,,,,,,,,,,,,,
dispatch,15112.000000000056,AGV_10,TOTE_0572,station_3,KIT_0022_01,{'PART_06': 30},14400.0,1.211036936890679,1.1999812481575054,0.0039968652037617545,0.007058823529411765,0.2,0.4307692307692308,0.6,0.3,0.1,0.03,0.1,0.2,0.1,0.006,2.0,1200.0,0.6235452390574844,,,,
kitting_completed,15120.666666666722,AGV_05,TOTE_0602,station_3,KIT_0022_01,,,,,,,,,,,,,,,,,,,,{'PART_03': 50},False,,
dispatch,15120.666666666722,AGV_06,TOTE_0010,station_3,KIT_0022_01,{'PART_01': 70},14400.0,1.2214184508595762,1.1999821983299146,0.0037147335423197503,0.017721518987341773,0.2,0.441025641025641,0.6,0.3,0.1,0.03,0.1,0.2,0.1,0.006,2.0,1200.0,0.6287485064131817,,,,
kitting_completed,15128.66666666672,AGV_03,TOTE_0022,station_1,KIT_0024_01,,,,,,,,,,,,,,,,,,,,{'PART_01': 70},False,,
kitting_started,15130.000000000055,AGV_09,TOTE_0040,station_1,KIT_0024_01,,,,,,,,,,,,,,,,,,,,,,,
kitting_started,15139.333333333389,AGV_04,TOTE_0770,station_2,KIT_0025_01,,,,,,,,,,,,,,,,,,,,,,,
dispatch,15140.666666666722,AGV_07,TOTE_0905,station_1,KIT_0024_01,{'PART_05': 15},14400.0,1.2131341755177079,1.1999842113261652,0.0023585972850678747,0.01079136690647482,0.2,0.4358974358974359,0.6,0.3,0.1,0.03,0.1,0.2,0.1,0.006,2.0,1200.0,0.6242907617208812,,,,
kitting_started,15150.000000000056,AGV_10,TOTE_0572,station_3,KIT_0022_01,,,,,,,,,,,,,,,,,,,,,,,
kitting_completed,15159.333333333389,AGV_04,TOTE_0770,station_2,KIT_0025_01,,,,,,,,,,,,,,,,,,,,{'PART_02': 5},False,,
dispatch,15159.333333333389,AGV_05,TOTE_0512,station_2,KIT_0025_01,{'PART_09': 110},14400.0,1.2305116721399003,1.1999858842202649,0.02671296296296296,0.0038128249566724438,0.0,0.3128205128205128,0.6,0.3,0.1,0.03,0.1,0.2,0.1,0.006,2.0,1200.0,0.7070249520018889,,,,
kitting_completed,15160.000000000056,AGV_10,TOTE_0572,station_3,KIT_0022_01,,,,,,,,,,,,,,,,,,,,{'PART_06': 30},False,,
kitting_started,15160.666666666722,AGV_08,TOTE_0277,station_2,KIT_0025_01,,,,,,,,,,,,,,,,,,,,,,,
kitting_started,15161.33333333339,AGV_06,TOTE_0010,station_3,KIT_0022_01,,,,,,,,,,,,,,,,,,,,,,,
dispatch,15162.000000000055,AGV_03,TOTE_0028,station_3,KIT_0022_01,{'PART_01': 70},14400.0,1.224580996145404,1.1999861082746541,0.003056426332288402,0.02153846153846154,0.2,0.4666666666666667,0.6,0.3,0.1,0.03,0.1,0.2,0.1,0.006,2.0,1200.0,0.6280819310205756,,,,
kitting_completed,15170.000000000055,AGV_09,TOTE_0040,station_1,KIT_0024_01,,,,,,,,,,,,,,,,,,,,{'PART_01': 22},False,,
kitting_completed,15170.666666666724,AGV_02,TOTE_0431,station_4,KIT_0024_02,,,,,,,,,,,,,,,,,,,,{'PART_05': 90},False,,
kitting_started,15172.000000000058,AGV_01,TOTE_0449,station_4,KIT_0024_02,,,,,,,,,,,,,,,,,,,,,,,
kitting_started,15180.666666666724,AGV_07,TOTE_0905,station_1,KIT_0024_01,,,,,,,,,,,,,,,,,,,,,,,
dispatch,15188.000000000056,AGV_10,TOTE_0485,station_4,KIT_0024_02,{'PART_08': 72},14400.0,1.2225043030894083,1.1999881148000857,0.012916188289322617,0.009600000000000001,0.2,0.358974358974359,0.6,0.3,0.1,0.03,0.1,0.2,0.1,0.006,2.0,1200.0,0.637605145956209,,,,
kitting_completed,15190.666666666724,AGV_07,TOTE_0905,station_1,KIT_0024_01,,,,,,,,,,,,,,,,,,,,{'PART_05': 15},False,,
dispatch,15191.333333333389,AGV_04,TOTE_0923,station_1,KIT_0024_01,{'PART_05': 15},14400.0,1.2141891967337888,1.1999883501420503,0.0021040723981900445,0.012096774193548388,0.2,0.41025641025641024,0.6,0.3,0.1,0.03,0.1,0.2,0.1,0.006,2.0,1200.0,0.6274878770146323,,,,
dispatch,15197.33333333339,AGV_02,TOTE_0941,station_1,KIT_0024_01,{'PART_05': 15},14400.0,1.215599777477543,1.1999887620763225,0.0018495475113122172,0.013761467889908258,0.2,0.4358974358974359,0.6,0.3,0.1,0.03,0.1,0.2,0.1,0.006,2.0,1200.0,0.6257701228967824,,,,
kitting_completed,15210.666666666722,AGV_08,TOTE_0277,station_2,KIT_0025_01,,,,,,,,,,,,,,,,,,,,{'PART_04': 350},False,,
dispatch,15210.666666666722,AGV_09,TOTE_0295,station_2,KIT_0025_01,{'PART_04': 400},14400.0,1.240098484945323,1.199989626086464,0.025694444444444443,0.014414414414414415,0.2,0.441025641025641,0.6,0.3,0.1,0.03,0.1,0.2,0.1,0.006,2.0,1200.0,0.6399565268646297,,,,
kitting_started,15212.000000000056,AGV_05,TOTE_0512,station_2,KIT_0025_01,,,,,,,,,,,,,,,,,,,,,,,
kitting_started,15228.000000000056,AGV_04,TOTE_0923,station_1,KIT_0024_01,,,,,,,,,,,,,,,,,,,,,,,
kitting_completed,15231.33333333339,AGV_06,TOTE_0010,station_3,KIT_0022_01,,,,,,,,,,,,,,,,,,,,{'PART_01': 70},False,,
dispatch,15231.33333333339,AGV_07,TOTE_0040,station_3,KIT_0022_01,{'PART_01': 48},14400.0,1.2212124844248533,1.1999908358908316,0.002398119122257054,0.018823529411764708,0.03999999999999987,0.5692307692307692,0.6,0.3,0.1,0.03,0.1,0.2,0.1,0.006,2.0,1200.0,0.663804413731835,,,,
kitting_completed,15232.000000000058,AGV_01,TOTE_0449,station_4,KIT_0024_02,,,,,,,,,,,,,,,,,,,,{'PART_05': 90},False,,
kitting_started,15232.666666666724,AGV_03,TOTE_0028,station_3,KIT_0022_01,,,,,,,,,,,,,,,,,,,,,,,
kitting_started,15233.333333333392,AGV_10,TOTE_0485,station_4,KIT_0024_02,,,,,,,,,,,,,,,,,,,,,,,
kitting_completed,15238.000000000056,AGV_04,TOTE_0923,station_1,KIT_0024_01,,,,,,,,,,,,,,,,,,,,{'PART_05': 15},False,,
kitting_started,15239.33333333339,AGV_02,TOTE_0941,station_1,KIT_0024_01,,,,,,,,,,,,,,,,,,,,,,,
dispatch,15242.666666666722,AGV_08,TOTE_0496,station_4,KIT_0024_02,{'PART_08': 50},14400.0,1.21904230381558,1.1999914383335957,0.011676234213547645,0.007374631268436578,0.1333333333333334,0.5128205128205128,0.6,0.3,0.1,0.03,0.1,0.2,0.1,0.006,2.0,1200.0,0.6401433310072966,,,,
kitting_completed,15249.33333333339,AGV_02,TOTE_0941,station_1,KIT_0024_01,,,,,,,,,,,,,,,,,,,,{'PART_05': 15},False,,
kitting_completed,15252.000000000056,AGV_05,TOTE_0512,station_2,KIT_0025_01,,,,,,,,,,,,,,,,,,,,{'PART_09': 110},False,,
kitting_started,15253.33333333339,AGV_09,TOTE_0295,station_2,KIT_0025_01,,,,,,,,,,,,,,,,,,,,,,,
dispatch,15258.666666666724,AGV_01,TOTE_0386,station_2,KIT_0025_01,{'PART_05': 90},14400.0,1.225772436457412,1.1999922220324608,0.02199074074074074,0.0037894736842105266,0.2,0.38974358974358975,0.6,0.3,0.1,0.03,0.1,0.2,0.1,0.006,2.0,1200.0,0.6364891029000883,,,,
dispatch,15263.33333333339,AGV_06,TOTE_0959,station_1,KIT_0024_01,{'PART_05': 15},14400.0,1.2175449062273411,1.1999924367943962,0.00159502262443439,0.01595744680851064,0.2,0.4358974358974359,0.6,0.3,0.1,0.03,0.1,0.2,0.1,0.006,2.0,1200.0,0.6269372001466612,,,,
dispatch,15264.666666666722,AGV_04,TOTE_0599,station_1,KIT_0024_01,{'PART_08': 12},14400.0,1.2165228682138154,1.1999924970585372,0.0013404977375565596,0.01518987341772152,0.2,0.3333333333333333,0.6,0.3,0.1,0.03,0.1,0.2,0.1,0.006,2.0,1200.0,0.6365803875949559,,,,
kitting_started,15291.33333333339,AGV_04,TOTE_0599,station_1,KIT_0024_01,,,,,,,,,,,,,,,,,,,,,,,
kitting_completed,15293.33333333339,AGV_09,TOTE_0295,station_2,KIT_0025_01,,,,,,,,,,,,,,,,,,,,{'PART_04': 400},False,,
dispatch,15293.33333333339,AGV_05,TOTE_0404,station_2,KIT_0025_01,{'PART_05': 90},14400.0,1.2250898209382692,1.1999936826774702,0.021157407407407406,0.003938730853391685,0.2,0.3128205128205128,0.6,0.3,0.1,0.03,0.1,0.2,0.1,0.006,2.0,1200.0,0.6437718412809101,,,,
kitting_completed,15293.333333333392,AGV_10,TOTE_0485,station_4,KIT_0024_02,,,,,,,,,,,,,,,,,,,,{'PART_08': 72},False,,
dispatch,15293.333333333392,AGV_02,TOTE_0211,station_4,KIT_0024_02,{'PART_03': 200},14400.0,1.2426559714296914,1.1999936826774702,0.01081515499425947,0.03184713375796178,0.2,0.5641025641025641,0.6,0.3,0.1,0.03,0.1,0.2,0.1,0.006,2.0,1200.0,0.6291833264475584,,,,
kitting_started,15294.666666666724,AGV_01,TOTE_0386,station_2,KIT_0025_01,,,,,,,,,,,,,,,,,,,,,,,
kitting_started,15294.666666666726,AGV_08,TOTE_0496,station_4,KIT_0024_02,,,,,,,,,,,,,,,,,,,,,,,
kitting_completed,15301.33333333339,AGV_04,TOTE_0599,station_1,KIT_0024_01,,,,,,,,,,,,,,,,,,,,{'PART_08': 12},False,,
kitting_completed,15302.666666666724,AGV_03,TOTE_0028,station_3,KIT_0022_01,,,,,,,,,,,,,,,,,,,,{'PART_01': 70},False,,
kitting_started,15303.333333333392,AGV_06,TOTE_0959,station_1,KIT_0024_01,,,,,,,,,,,,,,,,,,,,,,,
kitting_started,15304.000000000058,AGV_07,TOTE_0040,station_3,KIT_0022_01,,,,,,,,,,,,,,,,,,,,,,,
kitting_completed,15313.333333333392,AGV_06,TOTE_0959,station_1,KIT_0024_01,,,,,,,,,,,,,,,,,,,,{'PART_05': 15},False,,
dispatch,15320.000000000058,AGV_10,TOTE_0620,station_3,KIT_0022_01,{'PART_03': 50},14400.0,1.2260959145673773,1.1999946167314466,0.0019467084639498444,0.024154589371980676,0.2,0.441025641025641,0.6,0.3,0.1,0.03,0.1,0.2,0.1,0.006,2.0,1200.0,0.6315549846378623,,,,
dispatch,15325.33333333339,AGV_09,TOTE_0548,station_1,KIT_0024_01,{'PART_08': 12},14400.0,1.2190421118579757,1.1999947862687275,0.001136877828054298,0.01791044776119403,0.2,0.4358974358974359,0.6,0.3,0.1,0.03,0.1,0.2,0.1,0.006,2.0,1200.0,0.6278355235250418,,,,
dispatch,15328.000000000056,AGV_04,TOTE_0560,station_1,KIT_0024_01,{'PART_08': 12},14400.0,1.2227463087612311,1.1999948690244973,0.0009332579185520361,0.02181818181818182,0.2,0.358974358974359,0.6,0.3,0.1,0.03,0.1,0.2,0.1,0.006,2.0,1200.0,0.6377503493593027,,,,
kitting_completed,15354.666666666724,AGV_01,TOTE_0386,station_2,KIT_0025_01,,,,,,,,,,,,,,,,,,,,{'PART_05': 90},False,,
dispatch,15354.666666666724,AGV_03,TOTE_0313,station_2,KIT_0025_01,{'PART_04': 400},14400.0,1.2385429363683924,1.1999956276701726,0.020324074074074074,0.01822323462414579,0.2,0.441025641025641,0.6,0.3,0.1,0.03,0.1,0.2,0.1,0.006,2.0,1200.0,0.6390231977184713,,,,
kitting_completed,15354.666666666726,AGV_08,TOTE_0496,station_4,KIT_0024_02,,,,,,,,,,,,,,,,,,,,{'PART_08': 50},False,,
dispatch,15354.666666666726,AGV_06,TOTE_0638,station_4,KIT_0024_02,{'PART_03': 5},14400.0,1.2085346900863447,1.1999956276701726,0.007370838117106773,0.0011682242990654205,0.07999999999999999,0.46153846153846156,0.6,0.3,0.1,0.03,0.1,0.2,0.1,0.006,2.0,1200.0,0.6549669678979606,,,,
kitting_started,15356.000000000058,AGV_05,TOTE_0404,station_2,KIT_0025_01,,,,,,,,,,,,,,,,,,,,,,,
kitting_started,15356.00000000006,AGV_02,TOTE_0211,station_4,KIT_0024_02,,,,,,,,,,,,,,,,,,,,,,,
kitting_started,15358.000000000058,AGV_04,TOTE_0560,station_1,KIT_0024_01,,,,,,,,,,,,,,,,,,,,,,,
kitting_completed,15364.000000000058,AGV_07,TOTE_0040,station_3,KIT_0022_01,,,,,,,,,,,,,,,,,,,,{'PART_01': 48},False,,
kitting_started,15365.333333333392,AGV_10,TOTE_0620,station_3,KIT_0022_01,,,,,,,,,,,,,,,,,,,,,,,
kitting_completed,15368.000000000058,AGV_04,TOTE_0560,station_1,KIT_0024_01,,,,,,,,,,,,,,,,,,,,{'PART_08': 12},False,,
kitting_started,15369.333333333392,AGV_09,TOTE_0548,station_1,KIT_0024_01,,,,,,,,,,,,,,,,,,,,,,,
kitting_completed,15375.333333333392,AGV_10,TOTE_0620,station_3,KIT_0022_01,,,,,,,,,,,,,,,,,,,,{'PART_03': 50},False,,
kitting_completed,15379.333333333392,AGV_09,TOTE_0548,station_1,KIT_0024_01,,,,,,,,,,,,,,,,,,,,{'PART_08': 12},False,,
dispatch,15380.000000000058,AGV_01,TOTE_0578,station_1,KIT_0024_01,{'PART_08': 12},14400.0,1.2286328589725113,1.1999962442192755,0.0007296380090497745,0.027906976744186046,0.2,0.38461538461538464,0.6,0.3,0.1,0.03,0.1,0.2,0.1,0.006,2.0,1200.0,0.6387181769219684,,,,
dispatch,15391.333333333392,AGV_08,TOTE_0460,station_3,KIT_0022_01,{'PART_06': 60},14400.0,1.2396895406600483,1.1999964911222811,0.0014764890282131648,0.038216560509554146,0.2,0.4153846153846154,0.6,0.3,0.1,0.03,0.1,0.2,0.1,0.006,2.0,1200.0,0.6422752628575674,,,,
dispatch,15394.666666666724,AGV_04,TOTE_0632,station_1,KIT_0024_01,{'PART_03': 20},14400.0,1.2650387077344543,1.1999965606026488,0.0005260180995475128,0.06451612903225806,0.32000000000000006,0.3333333333333333,0.6,0.3,0.1,0.03,0.1,0.2,0.1,0.006,2.0,1200.0,0.6296898913073392,,,,
kitting_completed,15396.00000000006,AGV_02,TOTE_0211,station_4,KIT_0024_02,,,,,,,,,,,,,,,,,,,,{'PART_03': 200},False,,
kitting_started,15397.333333333394,AGV_06,TOTE_0638,station_4,KIT_0024_02,,,,,,,,,,,,,,,,,,,,,,,
dispatch,15402.666666666724,AGV_07,TOTE_0319,station_4,KIT_0024_02,{'PART_05': 90},14400.0,1.2285580477338893,1.1999967217940306,0.007284730195177956,0.021276595744680854,0.2,0.5128205128205128,0.6,0.3,0.1,0.03,0.1,0.2,0.1,0.006,2.0,1200.0,0.6258527773582823,,,,
dispatch,15404.000000000058,AGV_10,TOTE_0893,station_3,KIT_0022_01,{'PART_01': 10},14400.0,1.2112182519708758,1.1999967479150313,0.0009122257053291526,0.010309278350515464,0.2,0.3384615384615385,0.6,0.3,0.1,0.03,0.1,0.2,0.1,0.006,2.0,1200.0,0.6328847973363716,,,,
kitting_started,15413.333333333392,AGV_01,TOTE_0578,station_1,KIT_0024_01,,,,,,,,,,,,,,,,,,,,,,,
kitting_completed,15416.000000000058,AGV_05,TOTE_0404,station_2,KIT_0025_01,,,,,,,,,,,,,,,,,,,,{'PART_05': 90},False,,
dispatch,15416.000000000058,AGV_09,TOTE_0422,station_2,KIT_0025_01,{'PART_05': 90},14400.0,1.221631271781243,1.1999969738342708,0.01662037037037037,0.005013927576601671,0.2,0.3128205128205128,0.6,0.3,0.1,0.03,0.1,0.2,0.1,0.006,2.0,1200.0,0.6416967117866945,,,,
kitting_started,15417.333333333392,AGV_03,TOTE_0313,station_2,KIT_0025_01,,,,,,,,,,,,,,,,,,,,,,,
kitting_completed,15417.333333333394,AGV_06,TOTE_0638,station_4,KIT_0024_02,,,,,,,,,,,,,,,,,,,,{'PART_03': 5},False,,
kitting_completed,15423.333333333392,AGV_01,TOTE_0578,station_1,KIT_0024_01,,,,,,,,,,,,,,,,,,,,{'PART_08': 12},False,,
kitting_started,15423.333333333392,AGV_08,TOTE_0460,station_3,KIT_0022_01,,,,,,,,,,,,,,,,,,,,,,,
kitting_started,15424.666666666726,AGV_04,TOTE_0632,station_1,KIT_0024_01,,,,,,,,,,,,,,,,,,,,,,,
dispatch,15429.333333333394,AGV_02,TOTE_0013,station_4,KIT_0024_02,{'PART_01': 70},14400.0,1.2267530151182484,1.199997206496768,0.005734787600459242,0.021021021021021023,0.2,0.4358974358974359,0.6,0.3,0.1,0.03,0.1,0.2,0.1,0.006,2.0,1200.0,0.6324620654812055,,,,
dispatch,15441.333333333392,AGV_05,TOTE_0977,station_1,KIT_0024_01,{'PART_05': 5},14400.0,1.245638597597051,1.1999974005587952,0.00018665158371040656,0.045454545454545456,0.2666666666666667,0.358974358974359,0.6,0.3,0.1,0.03,0.1,0.2,0.1,0.006,2.0,1200.0,0.6314857226607947,,,,
kitting_completed,15443.333333333392,AGV_08,TOTE_0460,station_3,KIT_0022_01,,,,,,,,,,,,,,,,,,,,{'PART_06': 60},False,,
kitting_completed,15444.666666666726,AGV_04,TOTE_0632,station_1,KIT_0024_01,,,,,,,,,,,,,,,,,,,,{'PART_03': 20},False,,
kitting_started,15444.666666666726,AGV_10,TOTE_0893,station_3,KIT_0022_01,,,,,,,,,,,,,,,,,,,,,,,
kitting_started,15446.000000000058,AGV_07,TOTE_0319,station_4,KIT_0024_02,,,,,,,,,,,,,,,,,,,,,,,
dispatch,15450.000000000058,AGV_01,TOTE_0890,station_3,KIT_0022_01,{'PART_01': 10},14400.0,1.2123099669670812,1.199997532275336,0.0008181818181818167,0.011494252873563218,0.2,0.4153846153846154,0.6,0.3,0.1,0.03,0.1,0.2,0.1,0.006,2.0,1200.0,0.6258475186417871,,,,
dispatch,15450.666666666728,AGV_06,TOTE_0490,station_1,KIT_0024_01,{'PART_08': 6},14400.0,1.3000993520812638,1.1999975421265126,0.00010180995475113086,0.1,0.4,0.5128205128205128,0.6,0.3,0.1,0.03,0.1,0.2,0.1,0.006,2.0,1200.0,0.6087775599667069,,,,
kitting_completed,15454.666666666726,AGV_10,TOTE_0893,station_3,KIT_0022_01,,,,,,,,,,,,,,,,,,,,{'PART_01': 10},False,,
kitting_completed,15457.333333333392,AGV_03,TOTE_0313,station_2,KIT_0025_01,,,,,,,,,,,,,,,,,,,,{'PART_04': 400},False,,
kitting_started,15458.666666666726,AGV_09,TOTE_0422,station_2,KIT_0025_01,,,,,,,,,,,,,,,,,,,,,,,
dispatch,15471.333333333392,AGV_04,TOTE_0440,station_2,KIT_0025_01,{'PART_05': 90},14400.0,1.2210634581763404,1.1999978287639368,0.015787037037037037,0.00527859237536657,0.2,0.3641025641025641,0.6,0.3,0.1,0.03,0.1,0.2,0.1,0.006,2.0,1200.0,0.6362278184955479,,,,
kitting_started,15471.333333333394,AGV_05,TOTE_0977,station_1,KIT_0024_01,,,,,,,,,,,,,,,,,,,,,,,
dispatch,15475.333333333392,AGV_08,TOTE_0874,station_3,KIT_0022_01,{'PART_01': 10},14400.0,1.2137090311712762,1.1999978802532287,0.0007241379310344842,0.012987012987012986,0.2,0.4153846153846154,0.6,0.3,0.1,0.03,0.1,0.2,0.1,0.006,2.0,1200.0,0.6266869571643041,,,,
kitting_started,15485.333333333392,AGV_01,TOTE_0890,station_3,KIT_0022_01,,,,,,,,,,,,,,,,,,,,,,,
kitting_completed,15491.333333333394,AGV_05,TOTE_0977,station_1,KIT_0024_01,,,,,,,,,,,,,,,,,,,,{'PART_05': 5},False,,
kitting_started,15494.000000000062,AGV_06,TOTE_0490,station_1,KIT_0024_01,,,,,,,,,,,,,,,,,,,,,,,
kitting_completed,15495.333333333392,AGV_01,TOTE_0890,station_3,KIT_0022_01,,,,,,,,,,,,,,,,,,,,{'PART_01': 10},False,,
dispatch,15495.333333333392,AGV_03,TOTE_0892,station_3,KIT_0022_01,{'PART_01': 10},14400.0,1.2155535871313583,1.1999981199531427,0.0006300940438871482,0.014925373134328358,0.2,0.441025641025641,0.6,0.3,0.1,0.03,0.1,0.2,0.1,0.006,2.0,1200.0,0.6252295881762509,,,,
kitting_completed,15506.000000000058,AGV_07,TOTE_0319,station_4,KIT_0024_02,,,,,,,,,,,,,,,,,,,,{'PART_05': 90},False,,
dispatch,15506.000000000058,AGV_10,TOTE_0986,station_4,KIT_0024_02,{'PART_05': 15},14400.0,1.2102309352532792,1.1999982365065915,0.004529276693455798,0.005703422053231939,0.2,0.358974358974359,0.6,0.3,0.1,0.03,0.1,0.2,0.1,0.006,2.0,1200.0,0.6302411252545316,,,,
kitting_started,15507.333333333392,AGV_08,TOTE_0874,station_3,KIT_0022_01,,,,,,,,,,,,,,,,,,,,,,,
kitting_started,15507.333333333392,AGV_02,TOTE_0013,station_4,KIT_0024_02,,,,,,,,,,,,,,,,,,,,,,,
kitting_completed,15514.000000000062,AGV_06,TOTE_0490,station_1,KIT_0024_01,,,,,,,,,,,,,,,,,,,,{'PART_08': 6},True,,
kitting_completed,15517.333333333392,AGV_08,TOTE_0874,station_3,KIT_0022_01,,,,,,,,,,,,,,,,,,,,{'PART_01': 10},False,,
dispatch,15518.00000000006,AGV_05,TOTE_0566,station_3,KIT_0022_01,{'PART_06': 10},14400.0,1.2180782688207055,1.1999983590148429,0.0005360501567398124,0.017543859649122806,0.2666666666666667,0.38974358974358975,0.6,0.3,0.1,0.03,0.1,0.2,0.1,0.006,2.0,1200.0,0.6118726023180643,,,,
kitting_completed,15518.666666666726,AGV_09,TOTE_0422,station_2,KIT_0025_01,,,,,,,,,,,,,,,,,,,,{'PART_05': 90},False,,
kitting_started,15520.00000000006,AGV_04,TOTE_0440,station_2,KIT_0025_01,,,,,,,,,,,,,,,,,,,,,,,
dispatch,15524.000000000058,AGV_01,TOTE_0977,station_2,KIT_0025_01,{'PART_05': 10},14400.0,1.2155713157897141,1.1999984170395708,0.014953703703703703,0.0006191950464396285,-0.06666666666666671,0.37948717948717947,0.6,0.3,0.1,0.03,0.1,0.2,0.1,0.006,2.0,1200.0,0.7113940715251106,,,,
kitting_started,15530.666666666726,AGV_03,TOTE_0892,station_3,KIT_0022_01,,,,,,,,,,,,,,,,,,,,,,,
kitting_completed,15540.666666666726,AGV_03,TOTE_0892,station_3,KIT_0022_01,,,,,,,,,,,,,,,,,,,,{'PART_01': 10},False,,
dispatch,15540.666666666726,AGV_07,TOTE_0226,station_3,KIT_0022_01,{'PART_03': 25},14400.0,1.2536320633094071,1.1999985676781126,0.00044200626959247643,0.05319148936170213,0.4,0.441025641025641,0.6,0.3,0.1,0.03,0.1,0.2,0.1,0.006,2.0,1200.0,0.5880766738830802,,,,
kitting_started,15550.000000000062,AGV_05,TOTE_0566,station_3,KIT_0022_01,,,,,,,,,,,,,,,,,,,,,,,
kitting_completed,15570.000000000062,AGV_05,TOTE_0566,station_3,KIT_0022_01,,,,,,,,,,,,,,,,,,,,{'PART_06': 10},False,,
dispatch,15570.000000000062,AGV_09,TOTE_0172,station_3,KIT_0022_01,{'PART_02': 15},14400.0,1.2683875135625726,1.1999987988290304,0.00020689655172413833,0.06818181818181818,0.6000000000000001,0.4153846153846154,0.6,0.3,0.1,0.03,0.1,0.2,0.1,0.006,2.0,1200.0,0.539494046599082,,,,
kit_replacement,15574.000000000062,,,station_1,,,,,,,,,,,,,,,,,,,,,,,KIT_0024_01,KIT_0025_02
dispatch,15574.000000000062,AGV_08,TOTE_0669,station_1,KIT_0025_02,{'PART_09': 40},14400.0,1.2312333952151726,1.199998827313938,0.03,0.0012345679012345679,0.2,0.358974358974359,0.6,0.3,0.1,0.03,0.1,0.2,0.1,0.006,2.0,1200.0,0.6428426012316676,,,,
dispatch,15574.000000000062,AGV_03,TOTE_0687,station_1,KIT_0025_02,{'PART_09': 40},14400.0,1.2308784569435676,1.199998827313938,0.029629629629629627,0.0012500000000000002,0.2,0.358974358974359,0.6,0.3,0.1,0.03,0.1,0.2,0.1,0.006,2.0,1200.0,0.6426296382687046,,,,
kitting_started,15576.00000000006,AGV_07,TOTE_0226,station_3,KIT_0022_01,,,,,,,,,,,,,,,,,,,,,,,
kitting_completed,15577.333333333392,AGV_02,TOTE_0013,station_4,KIT_0024_02,,,,,,,,,,,,,,,,,,,,{'PART_01': 70},False,,
dispatch,15577.333333333392,AGV_06,TOTE_0031,station_4,KIT_0024_02,{'PART_01': 70},14400.0,1.232495609913953,1.1999988505346706,0.004270952927669346,0.028225806451612906,0.2,0.5128205128205128,0.6,0.3,0.1,0.03,0.1,0.2,0.1,0.006,2.0,1200.0,0.6282153146663205,,,,
kitting_started,15578.666666666726,AGV_10,TOTE_0986,station_4,KIT_0024_02,,,,,,,,,,,,,,,,,,,,,,,
kitting_completed,15580.00000000006,AGV_04,TOTE_0440,station_2,KIT_0025_01,,,,,,,,,,,,,,,,,,,,{'PART_05': 90},False,,
kitting_started,15581.333333333394,AGV_01,TOTE_0977,station_2,KIT_0025_01,,,,,,,,,,,,,,,,,,,,,,,
kitting_completed,15588.666666666726,AGV_10,TOTE_0986,station_4,KIT_0024_02,,,,,,,,,,,,,,,,,,,,{'PART_05': 15},False,,
kitting_completed,15596.00000000006,AGV_07,TOTE_0226,station_3,KIT_0022_01,,,,,,,,,,,,,,,,,,,,{'PART_03': 25},False,,
dispatch,15598.666666666728,AGV_05,TOTE_0800,station_2,KIT_0025_01,{'PART_09': 40},14400.0,1.217352311588124,1.1999989886390066,0.01486111111111111,0.0024922118380062306,0.2,0.3128205128205128,0.6,0.3,0.1,0.03,0.1,0.2,0.1,0.006,2.0,1200.0,0.639129335670823,,,,
kitting_completed,15601.333333333394,AGV_01,TOTE_0977,station_2,KIT_0025_01,,,,,,,,,,,,,,,,,,,,{'PART_05': 10},False,,
dispatch,15605.333333333394,AGV_04,TOTE_0818,station_2,KIT_0025_01,{'PART_09': 40},14400.0,1.2170456795788995,1.199999028295028,0.014490740740740742,0.0025559105431309905,0.2,0.3128205128205128,0.6,0.3,0.1,0.03,0.1,0.2,0.1,0.006,2.0,1200.0,0.6389453564652885,,,,
dispatch,15610.666666666726,AGV_02,TOTE_0049,station_4,KIT_0024_02,{'PART_01': 70},14400.0,1.2423903436146257,1.1999990588973306,0.0030654420206659015,0.03932584269662922,0.2,0.4358974358974359,0.6,0.3,0.1,0.03,0.1,0.2,0.1,0.006,2.0,1200.0,0.6418444625790319,,,,
kitting_started,15612.000000000062,AGV_09,TOTE_0172,station_3,KIT_0022_01,,,,,,,,,,,,,,,,,,,,,,,
dispatch,15615.333333333392,AGV_10,TOTE_0590,station_3,KIT_0022_01,{'PART_01': 7},14400.0,1.300064915603709,1.1999990848827058,6.583072100313614e-05,0.1,0.5599999999999999,0.35384615384615387,0.6,0.3,0.1,0.03,0.1,0.2,0.1,0.006,2.0,1200.0,0.57665433397761,,,,
kitting_started,15617.333333333396,AGV_08,TOTE_0669,station_1,KIT_0025_02,,,,,,,,,,,,,,,,,,,,,,,
kitting_started,15620.666666666726,AGV_06,TOTE_0031,station_4,KIT_0024_02,,,,,,,,,,,,,,,,,,,,,,,
kitting_started,15624.000000000062,AGV_05,TOTE_0800,station_2,KIT_0025_01,,,,,,,,,,,,,,,,,,,,,,,
kitting_completed,15627.333333333396,AGV_08,TOTE_0669,station_1,KIT_0025_02,,,,,,,,,,,,,,,,,,,,{'PART_09': 40},False,,
dispatch,15628.00000000006,AGV_07,TOTE_0705,station_1,KIT_0025_02,{'PART_09': 40},14400.0,1.2305242338985143,1.1999991518544448,0.02925925925925926,0.0012658227848101266,0.2,0.41025641025641024,0.6,0.3,0.1,0.03,0.1,0.2,0.1,0.006,2.0,1200.0,0.6372888993134677,,,,
kitting_started,15628.66666666673,AGV_03,TOTE_0687,station_1,KIT_0025_02,,,,,,,,,,,,,,,,,,,,,,,
kitting_completed,15632.000000000062,AGV_09,TOTE_0172,station_3,KIT_0022_01,,,,,,,,,,,,,,,,,,,,{'PART_02': 15},False,,
kitting_completed,15634.000000000062,AGV_05,TOTE_0800,station_2,KIT_0025_01,,,,,,,,,,,,,,,,,,,,{'PART_09': 40},False,,
dispatch,15634.000000000062,AGV_01,TOTE_0944,station_2,KIT_0025_01,{'PART_05': 15},14400.0,1.2151031587723633,1.199999181844616,0.01412037037037037,0.0009836065573770494,0.2,0.3384615384615385,0.6,0.3,0.1,0.03,0.1,0.2,0.1,0.006,2.0,1200.0,0.6352157414172641,,,,
kitting_started,15635.333333333396,AGV_04,TOTE_0818,station_2,KIT_0025_01,,,,,,,,,,,,,,,,,,,,,,,
kitting_completed,15638.66666666673,AGV_03,TOTE_0687,station_1,KIT_0025_02,,,,,,,,,,,,,,,,,,,,{'PART_09': 40},False,,
kitting_started,15643.333333333392,AGV_10,TOTE_0590,station_3,KIT_0022_01,,,,,,,,,,,,,,,,,,,,,,,
kitting_completed,15645.333333333396,AGV_04,TOTE_0818,station_2,KIT_0025_01,,,,,,,,,,,,,,,,,,,,{'PART_09': 40},False,,
dispatch,15647.333333333396,AGV_08,TOTE_0723,station_1,KIT_0025_02,{'PART_09': 40},14400.0,1.2301701849183182,1.199999244747378,0.02888888888888889,0.001282051282051282,0.2,0.23076923076923078,0.6,0.3,0.1,0.03,0.1,0.2,0.1,0.006,2.0,1200.0,0.6550251878740677,,,,
dispatch,15658.66666666673,AGV_03,TOTE_0795,station_2,KIT_0025_01,{'PART_09': 40},14400.0,1.2166297825013161,1.1999992943973181,0.01398148148148148,0.0026490066225165563,0.2,0.30256410256410254,0.6,0.3,0.1,0.03,0.1,0.2,0.1,0.006,2.0,1200.0,0.6397214592443794,,,,
kitting_started,15662.66666666673,AGV_01,TOTE_0944,station_2,KIT_0025_01,,,,,,,,,,,,,,,,,,,,,,,
kitting_completed,15663.333333333392,AGV_10,TOTE_0590,station_3,KIT_0022_01,,,,,,,,,,,,,,,,,,,,{'PART_01': 7},True,,
kitting_started,15667.333333333396,AGV_08,TOTE_0723,station_1,KIT_0025_02,,,,,,,,,,,,,,,,,,,,,,,
kitting_completed,15672.66666666673,AGV_01,TOTE_0944,station_2,KIT_0025_01,,,,,,,,,,,,,,,,,,,,{'PART_05': 15},False,,
dispatch,15672.66666666673,AGV_09,TOTE_0172,station_2,KIT_0025_01,{'PART_02': 105},14400.0,1.2207533195007976,1.1999993512468294,0.01361111111111111,0.007142857142857143,-0.4000000000000001,0.4666666666666667,0.6,0.3,0.1,0.03,0.1,0.2,0.1,0.006,2.0,1200.0,0.8057853250338118,,,,
kitting_completed,15677.333333333396,AGV_08,TOTE_0723,station_1,KIT_0025_02,,,,,,,,,,,,,,,,,,,,{'PART_09': 40},False,,
dispatch,15677.333333333396,AGV_05,TOTE_0813,station_1,KIT_0025_02,{'PART_09': 40},14400.0,1.2298165889771808,1.1999993691599609,0.028518518518518516,0.001298701298701299,0.2,0.3333333333333333,0.6,0.3,0.1,0.03,0.1,0.2,0.1,0.006,2.0,1200.0,0.6445566200529752,,,,
kitting_started,15678.66666666673,AGV_07,TOTE_0705,station_1,KIT_0025_02,,,,,,,,,,,,,,,,,,,,,,,
kitting_started,15683.333333333398,AGV_03,TOTE_0795,station_2,KIT_0025_01,,,,,,,,,,,,,,,,,,,,,,,
kitting_completed,15688.66666666673,AGV_07,TOTE_0705,station_1,KIT_0025_02,,,,,,,,,,,,,,,,,,,,{'PART_09': 40},False,,
dispatch,15688.66666666673,AGV_04,TOTE_0506,station_1,KIT_0025_02,{'PART_09': 200},14400.0,1.2347265061476487,1.1999994106310796,0.028148148148148144,0.006578947368421052,0.2,0.38461538461538464,0.6,0.3,0.1,0.03,0.1,0.2,0.1,0.006,2.0,1200.0,0.6423743652270507,,,,
kitting_completed,15690.666666666726,AGV_06,TOTE_0031,station_4,KIT_0024_02,,,,,,,,,,,,,,,,,,,,{'PART_01': 70},False,,
dispatch,15691.333333333392,AGV_10,TOTE_0590,station_4,KIT_0024_02,{'PART_01': 3},14400.0,1.2046371288773827,1.1999994199859425,0.0018599311136624575,0.002777777777777778,-0.35999999999999993,0.3333333333333333,0.6,0.3,0.1,0.03,0.1,0.2,0.1,0.006,2.0,1200.0,0.7974489439930963,,,,
kitting_started,15692.00000000006,AGV_02,TOTE_0049,station_4,KIT_0024_02,,,,,,,,,,,,,,,,,,,,,,,
kitting_completed,15693.333333333398,AGV_03,TOTE_0795,station_2,KIT_0025_01,,,,,,,,,,,,,,,,,,,,{'PART_09': 40},False,,
dispatch,15697.333333333396,AGV_08,TOTE_0164,station_2,KIT_0025_01,{'PART_02': 120},14400.0,1.2214295381751634,1.1999994404950658,0.012638888888888889,0.008791208791208793,0.2,0.4564102564102564,0.6,0.3,0.1,0.03,0.1,0.2,0.1,0.006,2.0,1200.0,0.6272166972640724,,,,
kitting_started,15708.000000000064,AGV_09,TOTE_0172,station_2,KIT_0025_01,,,,,,,,,,,,,,,,,,,,,,,
kitting_started,15710.66666666673,AGV_05,TOTE_0813,station_1,KIT_0025_02,,,,,,,,,,,,,,,,,,,,,,,
kitting_completed,15720.66666666673,AGV_05,TOTE_0813,station_1,KIT_0025_02,,,,,,,,,,,,,,,,,,,,{'PART_09': 40},False,,
dispatch,15720.66666666673,AGV_01,TOTE_0182,station_1,KIT_0025_02,{'PART_02': 120},14400.0,1.2305211619987404,1.199999513589768,0.026296296296296297,0.004225352112676057,0.2,0.38461538461538464,0.6,0.3,0.1,0.03,0.1,0.2,0.1,0.006,2.0,1200.0,0.6398511587377057,,,,
kitting_started,15722.000000000064,AGV_04,TOTE_0506,station_1,KIT_0025_02,,,,,,,,,,,,,,,,,,,,,,,
kit_replacement,15723.333333333392,,,station_3,,,,,,,,,,,,,,,,,,,,,,,KIT_0022_01,KIT_0026_01
dispatch,15723.333333333392,AGV_07,TOTE_0226,station_3,KIT_0026_01,{'PART_03': 175},17280.0,0.33469891976219074,0.2977819237147599,0.03,0.006916996047430831,-0.2,0.5948717948717949,0.6,0.3,0.1,0.03,0.1,0.2,0.1,0.006,2.0,1200.0,0.20133217237013493,,,,
dispatch,15723.333333333392,AGV_03,TOTE_0632,station_3,KIT_0026_01,{'PART_03': 30},17280.0,0.3269807102508491,0.2977819237147599,0.027924901185770748,0.0012738853503184715,-0.12000000000000005,0.517948717948718,0.6,0.3,0.1,0.03,0.1,0.2,0.1,0.006,2.0,1200.0,0.18039355435563767,,,,
kitting_completed,15762.00000000006,AGV_02,TOTE_0049,station_4,KIT_0024_02,,,,,,,,,,,,,,,,,,,,{'PART_01': 70},False,,
dispatch,15762.00000000006,AGV_06,TOTE_0071,station_4,KIT_0024_02,{'PART_01': 20},14400.0,1.2208555058330521,1.199999620424928,0.0018082663605051663,0.01904761904761905,0.2,0.41025641025641024,0.6,0.3,0.1,0.03,0.1,0.2,0.1,0.006,2.0,1200.0,0.6314876624741902,,,,
kitting_started,15763.333333333394,AGV_10,TOTE_0590,station_4,KIT_0024_02,,,,,,,,,,,,,,,,,,,,,,,
kitting_started,15765.333333333392,AGV_03,TOTE_0632,station_3,KIT_0026_01,,,,,,,,,,,,,,,,,,,,,,,
kitting_completed,15772.000000000064,AGV_04,TOTE_0506,station_1,KIT_0025_02,,,,,,,,,,,,,,,,,,,,{'PART_09': 200},False,,
dispatch,15772.000000000064,AGV_05,TOTE_0398,station_1,KIT_0025_02,{'PART_05': 90},14400.0,1.228493651244254,1.1999996425296569,0.025185185185185182,0.003308823529411765,0.2,0.38461538461538464,0.6,0.3,0.1,0.03,0.1,0.2,0.1,0.006,2.0,1200.0,0.6386346522850138,,,,
kitting_started,15773.333333333398,AGV_01,TOTE_0182,station_1,KIT_0025_02,,,,,,,,,,,,,,,,,,,,,,,
kitting_completed,15778.000000000064,AGV_09,TOTE_0172,station_2,KIT_0025_01,,,,,,,,,,,,,,,,,,,,{'PART_02': 105},False,,
kitting_started,15779.333333333398,AGV_08,TOTE_0164,station_2,KIT_0025_01,,,,,,,,,,,,,,,,,,,,,,,
kitting_completed,15783.333333333394,AGV_10,TOTE_0590,station_4,KIT_0024_02,,,,,,,,,,,,,,,,,,,,{'PART_01': 3},False,,
kitting_completed,15785.333333333392,AGV_03,TOTE_0632,station_3,KIT_0026_01,,,,,,,,,,,,,,,,,,,,{'PART_03': 30},False,,
kitting_started,15786.666666666726,AGV_07,TOTE_0226,station_3,KIT_0026_01,,,,,,,,,,,,,,,,,,,,,,,
dispatch,15795.333333333394,AGV_02,TOTE_0262,station_2,KIT_0025_01,{'PART_04': 400},14400.0,1.2436559810642118,1.1999996892302092,0.01152777777777778,0.032128514056224904,0.2,0.49230769230769234,0.6,0.3,0.1,0.03,0.1,0.2,0.1,0.006,2.0,1200.0,0.6369628194077579,,,,
kitting_started,15798.666666666728,AGV_06,TOTE_0071,station_4,KIT_0024_02,,,,,,,,,,,,,,,,,,,,,,,
dispatch,15798.66666666673,AGV_04,TOTE_0323,station_4,KIT_0024_02,{'PART_05': 15},14400.0,1.2191105888801823,1.199999695383863,0.0014638346727898965,0.017647058823529415,0.2,0.46153846153846156,0.6,0.3,0.1,0.03,0.1,0.2,0.1,0.006,2.0,1200.0,0.6253125071742631,,,,
dispatch,15810.00000000006,AGV_10,TOTE_0566,station_3,KIT_0026_01,{'PART_06': 20},17280.0,0.3267502805366262,0.29832089552238844,0.02756916996047431,0.0008602150537634409,-0.06666666666666671,0.4153846153846154,0.6,0.3,0.1,0.03,0.1,0.2,0.1,0.006,2.0,1200.0,0.1745117067835142,,,,
kitting_completed,15818.666666666728,AGV_06,TOTE_0071,station_4,KIT_0024_02,,,,,,,,,,,,,,,,,,,,{'PART_01': 20},False,,
dispatch,15818.666666666728,AGV_09,TOTE_0749,station_4,KIT_0024_02,{'PART_05': 15},14400.0,1.2226338121652949,1.19999972982972,0.0012055109070034443,0.02142857142857143,0.2,0.4358974358974359,0.6,0.3,0.1,0.03,0.1,0.2,0.1,0.006,2.0,1200.0,0.6299905437094334,,,,
kitting_completed,15833.333333333398,AGV_01,TOTE_0182,station_1,KIT_0025_02,,,,,,,,,,,,,,,,,,,,{'PART_02': 120},False,,
dispatch,15833.333333333398,AGV_03,TOTE_0416,station_1,KIT_0025_02,{'PART_05': 90},14400.0,1.2277736576724172,1.1999997525886261,0.024351851851851854,0.0034220532319391636,0.2,0.3333333333333333,0.6,0.3,0.1,0.03,0.1,0.2,0.1,0.006,2.0,1200.0,0.6433308612701171,,,,
kitting_started,15834.666666666732,AGV_05,TOTE_0398,station_1,KIT_0025_02,,,,,,,,,,,,,,,,,,,,,,,
kitting_completed,15836.666666666726,AGV_07,TOTE_0226,station_3,KIT_0026_01,,,,,,,,,,,,,,,,,,,,{'PART_03': 175},False,,
kitting_completed,15839.333333333398,AGV_08,TOTE_0164,station_2,KIT_0025_01,,,,,,,,,,,,,,,,,,,,{'PART_02': 120},False,,
kitting_started,15840.666666666732,AGV_02,TOTE_0262,station_2,KIT_0025_01,,,,,,,,,,,,,,,,,,,,,,,
kitting_started,15842.000000000064,AGV_04,TOTE_0323,station_4,KIT_0024_02,,,,,,,,,,,,,,,,,,,,,,,
kitting_started,15845.333333333394,AGV_10,TOTE_0566,station_3,KIT_0026_01,,,,,,,,,,,,,,,,,,,,,,,
dispatch,15845.333333333394,AGV_06,TOTE_0521,station_2,KIT_0025_01,{'PART_09': 200},14400.0,1.2314924829033997,1.1999997697760714,0.007824074074074075,0.023668639053254437,0.2,0.4666666666666667,0.6,0.3,0.1,0.03,0.1,0.2,0.1,0.006,2.0,1200.0,0.6322288230753732,,,,
kitting_completed,15852.000000000064,AGV_04,TOTE_0323,station_4,KIT_0024_02,,,,,,,,,,,,,,,,,,,,{'PART_05': 15},False,,
kitting_started,15855.333333333394,AGV_09,TOTE_0749,station_4,KIT_0024_02,,,,,,,,,,,,,,,,,,,,,,,
dispatch,15860.000000000064,AGV_01,TOTE_0767,station_4,KIT_0024_02,{'PART_05': 15},14400.0,1.2282197035838764,1.199999789169932,0.0009471871412169918,0.02727272727272727,0.2,0.46153846153846156,0.6,0.3,0.1,0.03,0.1,0.2,0.1,0.006,2.0,1200.0,0.6307779759964796,,,,
kitting_completed,15865.333333333394,AGV_10,TOTE_0566,station_3,KIT_0026_01,,,,,,,,,,,,,,,,,,,,{'PART_06': 20},False,,
kitting_completed,15865.333333333394,AGV_09,TOTE_0749,station_4,KIT_0024_02,,,,,,,,,,,,,,,,,,,,{'PART_05': 15},False,,
dispatch,15868.666666666726,AGV_07,TOTE_0806,station_4,KIT_0024_02,{'PART_01': 10},14400.0,1.2256886632283606,1.1999997998529301,0.0006888633754305395,0.025,0.2,0.41025641025641024,0.6,0.3,0.1,0.03,0.1,0.2,0.1,0.006,2.0,1200.0,0.6343875569113754,,,,
dispatch,15870.666666666732,AGV_08,TOTE_0638,station_3,KIT_0026_01,{'PART_03': 45},17280.0,0.3279824692552719,0.29869817578772845,0.027332015810276677,0.0019522776572668114,0.12000000000000002,0.4153846153846154,0.6,0.3,0.1,0.03,0.1,0.2,0.1,0.006,2.0,1200.0,0.11925102001470159,,,,
dispatch,15878.66666666673,AGV_04,TOTE_0842,station_3,KIT_0026_01,{'PART_02': 20},17280.0,0.32643130175605395,0.29874792703150954,0.026798418972332014,0.0008849557522123894,0.2,0.37948717948717947,0.6,0.3,0.1,0.03,0.1,0.2,0.1,0.006,2.0,1200.0,0.0979100631049144,,,,
kitting_completed,15880.666666666732,AGV_02,TOTE_0262,station_2,KIT_0025_01,,,,,,,,,,,,,,,,,,,,{'PART_04': 400},False,,
kitting_started,15882.000000000065,AGV_06,TOTE_0521,station_2,KIT_0025_01,,,,,,,,,,,,,,,,,,,,,,,
dispatch,15894.00000000006,AGV_10,TOTE_0962,station_2,KIT_0025_01,{'PART_05': 15},14400.0,1.2082976316935825,1.1999998280760114,0.005972222222222222,0.002325581395348837,0.2,0.3128205128205128,0.6,0.3,0.1,0.03,0.1,0.2,0.1,0.006,2.0,1200.0,0.6336965277340982,,,,
kitting_completed,15894.666666666732,AGV_05,TOTE_0398,station_1,KIT_0025_02,,,,,,,,,,,,,,,,,,,,{'PART_05': 90},False,,
dispatch,15895.333333333394,AGV_09,TOTE_0434,station_1,KIT_0025_02,{'PART_05': 90},14400.0,1.2270616550510487,1.199999829445916,0.02351851851851852,0.003543307086614173,0.2,0.41025641025641024,0.6,0.3,0.1,0.03,0.1,0.2,0.1,0.006,2.0,1200.0,0.6352113520049881,,,,
kitting_started,15896.000000000065,AGV_03,TOTE_0416,station_1,KIT_0025_02,,,,,,,,,,,,,,,,,,,,,,,
kitting_started,15900.000000000064,AGV_01,TOTE_0767,station_4,KIT_0024_02,,,,,,,,,,,,,,,,,,,,,,,
kitting_started,15906.000000000065,AGV_08,TOTE_0638,station_3,KIT_0026_01,,,,,,,,,,,,,,,,,,,,,,,
kitting_completed,15910.000000000064,AGV_01,TOTE_0767,station_4,KIT_0024_02,,,,,,,,,,,,,,,,,,,,{'PART_05': 15},False,,
kitting_started,15911.333333333398,AGV_07,TOTE_0806,station_4,KIT_0024_02,,,,,,,,,,,,,,,,,,,,,,,
dispatch,15916.000000000065,AGV_02,TOTE_0878,station_4,KIT_0024_02,{'PART_01': 10},14400.0,1.2338498302008662,1.1999998493359598,0.0005166475315729047,0.03333333333333333,0.2,0.41025641025641024,0.6,0.3,0.1,0.03,0.1,0.2,0.1,0.006,2.0,1200.0,0.6392842570948788,,,,
kitting_completed,15921.333333333398,AGV_07,TOTE_0806,station_4,KIT_0024_02,,,,,,,,,,,,,,,,,,,,{'PART_01': 10},False,,
dispatch,15921.333333333398,AGV_05,TOTE_0896,station_4,KIT_0024_02,{'PART_01': 10},14400.0,1.2503442857686002,1.199999854080885,0.00034443168771526974,0.05,0.2,0.4358974358974359,0.6,0.3,0.1,0.03,0.1,0.2,0.1,0.006,2.0,1200.0,0.6466168278714165,,,,
kitting_completed,15926.000000000065,AGV_08,TOTE_0638,station_3,KIT_0026_01,,,,,,,,,,,,,,,,,,,,{'PART_03': 45},False,,
kitting_started,15927.3333333334,AGV_04,TOTE_0842,station_3,KIT_0026_01,,,,,,,,,,,,,,,,,,,,,,,
kitting_completed,15932.000000000065,AGV_06,TOTE_0521,station_2,KIT_0025_01,,,,,,,,,,,,,,,,,,,,{'PART_09': 200},False,,
kitting_started,15933.3333333334,AGV_10,TOTE_0962,station_2,KIT_0025_01,,,,,,,,,,,,,,,,,,,,,,,
kitting_completed,15937.3333333334,AGV_04,TOTE_0842,station_3,KIT_0026_01,,,,,,,,,,,,,,,,,,,,{'PART_02': 20},False,,
dispatch,15940.000000000064,AGV_01,TOTE_0980,station_2,KIT_0025_01,{'PART_05': 15},14400.0,1.2082141552561385,1.1999998695418528,0.005833333333333333,0.002380952380952381,0.2,0.3384615384615385,0.6,0.3,0.1,0.03,0.1,0.2,0.1,0.006,2.0,1200.0,0.6310823393075293,,,,
kitting_completed,15943.3333333334,AGV_10,TOTE_0962,station_2,KIT_0025_01,,,,,,,,,,,,,,,,,,,,{'PART_05': 15},False,,
dispatch,15948.000000000064,AGV_07,TOTE_0511,station_2,KIT_0025_01,{'PART_09': 170},14400.0,1.2333365965231404,1.1999998756559318,0.005694444444444443,0.02764227642276423,0.2,0.517948717948718,0.6,0.3,0.1,0.03,0.1,0.2,0.1,0.006,2.0,1200.0,0.6282070861190125,,,,
kitting_started,15952.666666666733,AGV_02,TOTE_0878,station_4,KIT_0024_02,,,,,,,,,,,,,,,,,,,,,,,
dispatch,15954.666666666732,AGV_08,TOTE_0656,station_3,KIT_0026_01,{'PART_03': 50},17280.0,0.3280139715267072,0.29922056384742995,0.026561264822134386,0.0022321428571428575,0.2,0.3641025641025641,0.6,0.3,0.1,0.03,0.1,0.2,0.1,0.006,2.0,1200.0,0.1003981265057679,,,,
kitting_completed,15956.000000000065,AGV_03,TOTE_0416,station_1,KIT_0025_02,,,,,,,,,,,,,,,,,,,,{'PART_05': 90},False,,
kitting_started,15957.3333333334,AGV_09,TOTE_0434,station_1,KIT_0025_02,,,,,,,,,,,,,,,,,,,,,,,
kitting_completed,15962.666666666733,AGV_02,TOTE_0878,station_4,KIT_0024_02,,,,,,,,,,,,,,,,,,,,{'PART_01': 10},False,,
kitting_started,15964.000000000067,AGV_05,TOTE_0896,station_4,KIT_0024_02,,,,,,,,,,,,,,,,,,,,,,,
dispatch,15965.3333333334,AGV_04,TOTE_0917,station_4,KIT_0024_02,{'PART_05': 5},14400.0,1.2501721037818374,1.1999998879379796,0.00017221584385763487,0.05,0.2666666666666667,0.358974358974359,0.6,0.3,0.1,0.03,0.1,0.2,0.1,0.006,2.0,1200.0,0.6342058263716664,,,,
dispatch,15967.3333333334,AGV_06,TOTE_0452,station_1,KIT_0025_02,{'PART_05': 90},14400.0,1.226358543847628,1.1999998892746877,0.022685185185185187,0.0036734693877551027,0.2,0.46153846153846156,0.6,0.3,0.1,0.03,0.1,0.2,0.1,0.006,2.0,1200.0,0.6296612801547306,,,,
kitting_started,15968.666666666732,AGV_01,TOTE_0980,station_2,KIT_0025_01,,,,,,,,,,,,,,,,,,,,,,,
dispatch,15968.666666666733,AGV_10,TOTE_0674,station_3,KIT_0026_01,{'PART_03': 50},17280.0,0.32755911299351825,0.29930762852404685,0.025968379446640315,0.00228310502283105,0.2,0.3641025641025641,0.6,0.3,0.1,0.03,0.1,0.2,0.1,0.006,2.0,1200.0,0.10012521138585453,,,,
kitting_completed,15974.000000000067,AGV_05,TOTE_0896,station_4,KIT_0024_02,,,,,,,,,,,,,,,,,,,,{'PART_01': 10},False,,
kitting_completed,15978.666666666732,AGV_01,TOTE_0980,station_2,KIT_0025_01,,,,,,,,,,,,,,,,,,,,{'PART_05': 15},False,,
dispatch,15982.666666666732,AGV_03,TOTE_0133,station_2,KIT_0025_01,{'PART_02': 120},14400.0,1.2310865615120739,1.199999899006872,0.0041203703703703715,0.02696629213483146,0.2,0.517948717948718,0.6,0.3,0.1,0.03,0.1,0.2,0.1,0.006,2.0,1200.0,0.6268570651123726,,,,
kitting_started,15983.3333333334,AGV_08,TOTE_0656,station_3,KIT_0026_01,,,,,,,,,,,,,,,,,,,,,,,
dispatch,15989.3333333334,AGV_02,TOTE_0755,station_4,KIT_0024_02,{'PART_01': 5},14400.0,1.3000860108887982,1.1999999029668693,8.610792192881743e-05,0.1,0.4,0.358974358974359,0.6,0.3,0.1,0.03,0.1,0.2,0.1,0.006,2.0,1200.0,0.624154170635843,,,,
kitting_started,15993.333333333398,AGV_07,TOTE_0511,station_2,KIT_0025_01,,,,,,,,,,,,,,,,,,,,,,,
kitting_completed,15993.3333333334,AGV_08,TOTE_0656,station_3,KIT_0026_01,,,,,,,,,,,,,,,,,,,,{'PART_03': 50},False,,
kitting_started,15995.333333333401,AGV_04,TOTE_0917,station_4,KIT_0024_02,,,,,,,,,,,,,,,,,,,,,,,
kitting_started,15997.333333333401,AGV_10,TOTE_0674,station_3,KIT_0026_01,,,,,,,,,,,,,,,,,,,,,,,
dispatch,16000.666666666733,AGV_05,TOTE_0842,station_3,KIT_0026_01,{'PART_02': 20},17280.0,0.32581670700956983,0.2995066334991712,0.025375494071146244,0.0009345794392523364,0.2,0.35384615384615387,0.6,0.3,0.1,0.03,0.1,0.2,0.1,0.006,2.0,1200.0,0.1001054088211265,,,,
kitting_completed,16007.333333333401,AGV_10,TOTE_0674,station_3,KIT_0026_01,,,,,,,,,,,,,,,,,,,,{'PART_03': 50},False,,
dispatch,16007.333333333401,AGV_01,TOTE_0692,station_3,KIT_0026_01,{'PART_03': 50},17280.0,0.3270449233559752,0.2995480928689888,0.02513833992094862,0.002358490566037736,0.2,0.3641025641025641,0.6,0.3,0.1,0.03,0.1,0.2,0.1,0.006,2.0,1200.0,0.0998166976033287,,,,
kitting_completed,16015.333333333401,AGV_04,TOTE_0917,station_4,KIT_0024_02,,,,,,,,,,,,,,,,,,,,{'PART_05': 5},False,,
kitting_completed,16017.3333333334,AGV_09,TOTE_0434,station_1,KIT_0025_02,,,,,,,,,,,,,,,,,,,,{'PART_05': 90},False,,
kitting_started,16018.666666666733,AGV_06,TOTE_0452,station_1,KIT_0025_02,,,,,,,,,,,,,,,,,,,,,,,
kitting_started,16019.333333333401,AGV_02,TOTE_0755,station_4,KIT_0024_02,,,,,,,,,,,,,,,,,,,,,,,
dispatch,16022.000000000065,AGV_08,TOTE_0866,station_1,KIT_0025_02,{'PART_05': 15},14400.0,1.2224873653097699,1.199999920237579,0.02185185185185185,0.0006355932203389831,0.2,0.38461538461538464,0.6,0.3,0.1,0.03,0.1,0.2,0.1,0.006,2.0,1200.0,0.6350308807243236,,,,
kitting_started,16028.666666666733,AGV_05,TOTE_0842,station_3,KIT_0026_01,,,,,,,,,,,,,,,,,,,,,,,
kitting_completed,16038.666666666733,AGV_05,TOTE_0842,station_3,KIT_0026_01,,,,,,,,,,,,,,,,,,,,{'PART_02': 20},False,,
dispatch,16038.666666666733,AGV_10,TOTE_0710,station_3,KIT_0026_01,{'PART_03': 50},17280.0,0.3267038653897841,0.29974295190713146,0.024545454545454544,0.002415458937198068,0.2,0.3641025641025641,0.6,0.3,0.1,0.03,0.1,0.2,0.1,0.006,2.0,1200.0,0.09961206282361404,,,,
kitting_completed,16039.333333333401,AGV_02,TOTE_0755,station_4,KIT_0024_02,,,,,,,,,,,,,,,,,,,,{'PART_01': 5},True,,
kitting_started,16040.000000000067,AGV_01,TOTE_0692,station_3,KIT_0026_01,,,,,,,,,,,,,,,,,,,,,,,
kitting_completed,16050.000000000067,AGV_01,TOTE_0692,station_3,KIT_0026_01,,,,,,,,,,,,,,,,,,,,{'PART_03': 50},False,,
dispatch,16050.000000000067,AGV_04,TOTE_0878,station_3,KIT_0026_01,{'PART_01': 10},17280.0,0.3242610515107323,0.29981343283582135,0.023952569169960476,0.0004950495049504951,0.2,0.37948717948717947,0.6,0.3,0.1,0.03,0.1,0.2,0.1,0.006,2.0,1200.0,0.09660791295772142,,,,
kitting_completed,16053.333333333398,AGV_07,TOTE_0511,station_2,KIT_0025_01,,,,,,,,,,,,,,,,,,,,{'PART_09': 170},False,,
dispatch,16053.333333333398,AGV_09,TOTE_0917,station_2,KIT_0025_01,{'PART_05': 10},14400.0,1.2060861162438667,1.1999999339076846,0.0030092592592592593,0.0030769230769230774,-0.06666666666666671,0.5948717948717949,0.6,0.3,0.1,0.03,0.1,0.2,0.1,0.006,2.0,1200.0,0.6841644902591405,,,,
kitting_started,16054.666666666732,AGV_03,TOTE_0133,station_2,KIT_0025_01,,,,,,,,,,,,,,,,,,,,,,,
kitting_started,16067.333333333401,AGV_10,TOTE_0710,station_3,KIT_0026_01,,,,,,,,,,,,,,,,,,,,,,,
kitting_completed,16077.333333333401,AGV_10,TOTE_0710,station_3,KIT_0026_01,,,,,,,,,,,,,,,,,,,,{'PART_03': 50},False,,
dispatch,16077.333333333401,AGV_02,TOTE_0755,station_3,KIT_0026_01,{'PART_01': 5},17280.0,0.32406616456584053,0.2999834162520734,0.02383399209486166,0.0002487562189054726,-0.2,0.40512820512820513,0.6,0.3,0.1,0.03,0.1,0.2,0.1,0.006,2.0,1200.0,0.21392687822668383,,,,
kitting_completed,16078.666666666733,AGV_06,TOTE_0452,station_1,KIT_0025_02,,,,,,,,,,,,,,,,,,,,{'PART_05': 90},False,,
dispatch,16078.666666666733,AGV_05,TOTE_0256,station_1,KIT_0025_02,{'PART_04': 400},14400.0,1.2387704754868136,1.1999999432274755,0.02171296296296296,0.017057569296375266,0.2,0.5128205128205128,0.6,0.3,0.1,0.03,0.1,0.2,0.1,0.006,2.0,1200.0,0.6319802340100369,,,,
kitting_started,16080.000000000067,AGV_08,TOTE_0866,station_1,KIT_0025_02,,,,,,,,,,,,,,,,,,,,,,,
kitting_started,16081.333333333401,AGV_04,TOTE_0878,station_3,KIT_0026_01,,,,,,,,,,,,,,,,,,,,,,,
kitting_completed,16090.000000000067,AGV_08,TOTE_0866,station_1,KIT_0025_02,,,,,,,,,,,,,,,,,,,,{'PART_05': 15},False,,
dispatch,16090.000000000067,AGV_07,TOTE_0511,station_1,KIT_0025_02,{'PART_09': 30},14400.0,1.2195516226713758,1.1999999469596743,0.01800925925925926,0.0015424164524421595,0.0,0.48717948717948717,0.6,0.3,0.1,0.03,0.1,0.2,0.1,0.006,2.0,1200.0,0.6830130248848767,,,,
kitting_completed,16091.333333333401,AGV_04,TOTE_0878,station_3,KIT_0026_01,,,,,,,,,,,,,,,,,,,,{'PART_01': 10},False,,
dispatch,16091.333333333401,AGV_01,TOTE_0728,station_3,KIT_0026_01,{'PART_03': 50},17280.0,0.33015798594425527,0.3038895168009081,0.023774703557312253,0.002493765586034913,0.2,0.3641025641025641,0.6,0.3,0.1,0.03,0.1,0.2,0.1,0.006,2.0,1200.0,0.10168453515629675,,,,
kit_replacement,16099.333333333401,,,station_4,,,,,,,,,,,,,,,,,,,,,,,KIT_0024_02,KIT_0027_01
dispatch,16105.3333333334,AGV_06,TOTE_0860,station_4,KIT_0027_01,{'PART_02': 20},17280.0,0.34845143002715184,0.3178958744715963,0.03,0.0005555555555555556,0.2,0.4358974358974359,0.6,0.3,0.1,0.03,0.1,0.2,0.1,0.006,2.0,1200.0,0.1054811144265475,,,,
dispatch,16106.000000000067,AGV_10,TOTE_0896,station_4,KIT_0027_01,{'PART_01': 10},17280.0,0.3488894956800099,0.318776832737738,0.029833333333333333,0.0002793296089385475,0.2,0.38461538461538464,0.6,0.3,0.1,0.03,0.1,0.2,0.1,0.006,2.0,1200.0,0.11087215894646746,,,,
kitting_started,16108.666666666735,AGV_02,TOTE_0755,station_3,KIT_0026_01,,,,,,,,,,,,,,,,,,,,,,,
kitting_completed,16114.666666666732,AGV_03,TOTE_0133,station_2,KIT_0025_01,,,,,,,,,,,,,,,,,,,,{'PART_02': 120},False,,
kitting_started,16116.000000000065,AGV_09,TOTE_0917,station_2,KIT_0025_01,,,,,,,,,,,,,,,,,,,,,,,
dispatch,16116.666666666733,AGV_08,TOTE_0619,station_2,KIT_0025_01,{'PART_04': 100},14400.0,1.2346626532147145,1.199999954802016,0.0029166666666666664,0.031746031746031744,0.2,0.517948717948718,0.6,0.3,0.1,0.03,0.1,0.2,0.1,0.006,2.0,1200.0,0.629002720133957,,,,
kitting_started,16126.666666666735,AGV_07,TOTE_0511,station_1,KIT_0025_02,,,,,,,,,,,,,,,,,,,,,,,
kitting_completed,16128.666666666735,AGV_02,TOTE_0755,station_3,KIT_0026_01,,,,,,,,,,,,,,,,,,,,{'PART_01': 5},False,,
dispatch,16128.666666666735,AGV_04,TOTE_0878,station_3,KIT_0026_01,{'PART_01': 10},17280.0,0.3814068840691341,0.3577135569359092,0.023181818181818182,0.0005115089514066497,0.2,0.35384615384615387,0.6,0.3,0.1,0.03,0.1,0.2,0.1,0.006,2.0,1200.0,0.13345951505686504,,,,
kitting_started,16130.00000000007,AGV_01,TOTE_0728,station_3,KIT_0026_01,,,,,,,,,,,,,,,,,,,,,,,
kitting_completed,16136.000000000065,AGV_09,TOTE_0917,station_2,KIT_0025_01,,,,,,,,,,,,,,,,,,,,{'PART_05': 10},False,,
kitting_started,16139.333333333401,AGV_10,TOTE_0896,station_4,KIT_0027_01,,,,,,,,,,,,,,,,,,,,,,,
kitting_completed,16140.00000000007,AGV_01,TOTE_0728,station_3,KIT_0026_01,,,,,,,,,,,,,,,,,,,,{'PART_03': 50},False,,
dispatch,16146.666666666732,AGV_03,TOTE_0637,station_2,KIT_0025_01,{'PART_04': 100},14400.0,1.2485023308951877,1.1999999622474702,0.0019907407407407395,0.046511627906976744,0.2,0.4153846153846154,0.6,0.3,0.1,0.03,0.1,0.2,0.1,0.006,2.0,1200.0,0.6475629369986511,,,,
kitting_completed,16146.666666666735,AGV_07,TOTE_0511,station_1,KIT_0025_02,,,,,,,,,,,,,,,,,,,,{'PART_09': 30},False,,
kitting_started,16148.00000000007,AGV_05,TOTE_0256,station_1,KIT_0025_02,,,,,,,,,,,,,,,,,,,,,,,
kitting_completed,16149.333333333401,AGV_10,TOTE_0896,station_4,KIT_0027_01,,,,,,,,,,,,,,,,,,,,{'PART_01': 10},False,,
kitting_started,16150.666666666735,AGV_06,TOTE_0860,station_4,KIT_0027_01,,,,,,,,,,,,,,,,,,,,,,,
kitting_started,16156.666666666735,AGV_04,TOTE_0878,station_3,KIT_0026_01,,,,,,,,,,,,,,,,,,,,,,,
dispatch,16160.00000000007,AGV_02,TOTE_0866,station_1,KIT_0025_02,{'PART_05': 15},14400.0,1.2185147364487365,1.1999999651500226,0.017731481481481483,0.0007832898172323759,0.2,0.46153846153846156,0.6,0.3,0.1,0.03,0.1,0.2,0.1,0.006,2.0,1200.0,0.6249549957153957,,,,
kitting_completed,16160.666666666735,AGV_06,TOTE_0860,station_4,KIT_0027_01,,,,,,,,,,,,,,,,,,,,{'PART_02': 20},False,,
kitting_started,16162.000000000067,AGV_08,TOTE_0619,station_2,KIT_0025_01,,,,,,,,,,,,,,,,,,,,,,,
kitting_completed,16166.666666666735,AGV_04,TOTE_0878,station_3,KIT_0026_01,,,,,,,,,,,,,,,,,,,,{'PART_01': 10},False,,
dispatch,16168.666666666735,AGV_01,TOTE_0482,station_4,KIT_0027_01,{'PART_07': 5},17280.0,0.48308345046549156,0.4531933944430826,0.02975,0.0001400560224089636,0.2,0.38461538461538464,0.6,0.3,0.1,0.03,0.1,0.2,0.1,0.006,2.0,1200.0,0.19138853181775647,,,,
dispatch,16171.3333333334,AGV_09,TOTE_0593,station_4,KIT_0027_01,{'PART_02': 20},17280.0,0.49046529784439175,0.4601959546933866,0.029708333333333333,0.0005610098176718093,0.2,0.3333333333333333,0.6,0.3,0.1,0.03,0.1,0.2,0.1,0.006,2.0,1200.0,0.20094584537330173,,,,
kitting_completed,16172.000000000067,AGV_08,TOTE_0619,station_2,KIT_0025_01,,,,,,,,,,,,,,,,,,,,{'PART_04': 100},False,,
dispatch,16176.000000000067,AGV_10,TOTE_0785,station_2,KIT_0025_01,{'PART_05': 15},14400.0,1.214108261415734,1.1999999683400495,0.0010648148148148162,0.013043478260869566,0.2,0.38974358974358975,0.6,0.3,0.1,0.03,0.1,0.2,0.1,0.006,2.0,1200.0,0.6294905978750813,,,,
kitting_started,16178.666666666732,AGV_03,TOTE_0637,station_2,KIT_0025_01,,,,,,,,,,,,,,,,,,,,,,,
dispatch,16183.333333333401,AGV_07,TOTE_0244,station_3,KIT_0026_01,{'PART_03': 200},17280.0,0.5254918259312477,0.49214580847491385,0.023063241106719368,0.010282776349614397,0.2,0.441025641025641,0.6,0.3,0.1,0.03,0.1,0.2,0.1,0.006,2.0,1200.0,0.21119253145618447,,,,
dispatch,16187.333333333401,AGV_06,TOTE_0860,station_3,KIT_0026_01,{'PART_02': 20},17280.0,0.5247400786969368,0.5029022472870363,0.020691699604743083,0.001146131805157593,0.2,0.35384615384615387,0.6,0.3,0.1,0.03,0.1,0.2,0.1,0.006,2.0,1200.0,0.21945943183354671,,,,
kitting_completed,16188.00000000007,AGV_05,TOTE_0256,station_1,KIT_0025_02,,,,,,,,,,,,,,,,,,,,{'PART_04': 400},False,,
kitting_completed,16188.666666666732,AGV_03,TOTE_0637,station_2,KIT_0025_01,,,,,,,,,,,,,,,,,,,,{'PART_04': 100},False,,
dispatch,16194.666666666735,AGV_04,TOTE_0911,station_2,KIT_0025_01,{'PART_05': 15},14400.0,1.215925897620529,1.199999971694603,0.0009259259259259267,0.015,0.2,0.38974358974358975,0.6,0.3,0.1,0.03,0.1,0.2,0.1,0.006,2.0,1200.0,0.6305811795979583,,,,
kitting_started,16198.000000000067,AGV_09,TOTE_0593,station_4,KIT_0027_01,,,,,,,,,,,,,,,,,,,,,,,
kitting_started,16203.333333333403,AGV_02,TOTE_0866,station_1,KIT_0025_02,,,,,,,,,,,,,,,,,,,,,,,
dispatch,16204.000000000067,AGV_08,TOTE_0274,station_1,KIT_0025_02,{'PART_04': 400},14400.0,1.2386451974076793,1.1999999732361393,0.01759259259259259,0.021052631578947368,0.2,0.46153846153846156,0.6,0.3,0.1,0.03,0.1,0.2,0.1,0.006,2.0,1200.0,0.6370332722907615,,,,
kitting_completed,16208.000000000067,AGV_09,TOTE_0593,station_4,KIT_0027_01,,,,,,,,,,,,,,,,,,,,{'PART_02': 20},False,,
kitting_started,16208.00000000007,AGV_10,TOTE_0785,station_2,KIT_0025_01,,,,,,,,,,,,,,,,,,,,,,,
kitting_started,16209.333333333401,AGV_01,TOTE_0482,station_4,KIT_0027_01,,,,,,,,,,,,,,,,,,,,,,,
kitting_completed,16213.333333333403,AGV_02,TOTE_0866,station_1,KIT_0025_02,,,,,,,,,,,,,,,,,,,,{'PART_05': 15},False,,
kitting_started,16215.333333333401,AGV_06,TOTE_0860,station_3,KIT_0026_01,,,,,,,,,,,,,,,,,,,,,,,
kitting_completed,16218.00000000007,AGV_10,TOTE_0785,station_2,KIT_0025_01,,,,,,,,,,,,,,,,,,,,{'PART_05': 15},False,,
kitting_completed,16219.333333333401,AGV_01,TOTE_0482,station_4,KIT_0027_01,,,,,,,,,,,,,,,,,,,,{'PART_07': 5},False,,
dispatch,16220.666666666732,AGV_03,TOTE_0292,station_1,KIT_0025_02,{'PART_04': 400},14400.0,1.240555531338613,1.1999999757830575,0.013888888888888886,0.02666666666666667,0.2,0.46153846153846156,0.6,0.3,0.1,0.03,0.1,0.2,0.1,0.006,2.0,1200.0,0.6381794726493215,,,,
dispatch,16221.333333333403,AGV_05,TOTE_0907,station_2,KIT_0025_01,{'PART_05': 15},14400.0,1.2184340717402982,1.1999999758797317,0.0007870370370370372,0.017647058823529415,0.2,0.441025641025641,0.6,0.3,0.1,0.03,0.1,0.2,0.1,0.006,2.0,1200.0,0.6269578789416148,,,,
kitting_completed,16225.333333333401,AGV_06,TOTE_0860,station_3,KIT_0026_01,,,,,,,,,,,,,,,,,,,,{'PART_02': 20},False,,
kitting_started,16226.666666666735,AGV_07,TOTE_0244,station_3,KIT_0026_01,,,,,,,,,,,,,,,,,,,,,,,
kitting_started,16226.666666666737,AGV_04,TOTE_0911,station_2,KIT_0025_01,,,,,,,,,,,,,,,,,,,,,,,
dispatch,16234.666666666733,AGV_09,TOTE_0611,station_4,KIT_0027_01,{'PART_02': 20},17280.0,0.6591542593334905,0.6290484177726066,0.029541666666666667,0.0005641748942172073,0.2,0.3333333333333333,0.6,0.3,0.1,0.03,0.1,0.2,0.1,0.006,2.0,1200.0,0.30215922226676095,,,,
kitting_completed,16236.666666666737,AGV_04,TOTE_0911,station_2,KIT_0025_01,,,,,,,,,,,,,,,,,,,,{'PART_05': 15},False,,
dispatch,16240.00000000007,AGV_02,TOTE_0655,station_2,KIT_0025_01,{'PART_04': 50},14400.0,1.2720766980121323,1.1999999784354127,0.0006481481481481477,0.07142857142857144,0.4,0.517948717948718,0.6,0.3,0.1,0.03,0.1,0.2,0.1,0.006,2.0,1200.0,0.5914511470124075,,,,
kitting_started,16240.666666666735,AGV_08,TOTE_0274,station_1,KIT_0025_02,,,,,,,,,,,,,,,,,,,,,,,
dispatch,16246.000000000067,AGV_01,TOTE_0896,station_4,KIT_0027_01,{'PART_01': 10},17280.0,0.687601734347077,0.6579430464038146,0.029375,0.0002836879432624114,0.2,0.3333333333333333,0.6,0.3,0.1,0.03,0.1,0.2,0.1,0.006,2.0,1200.0,0.3192277072749129,,,,
dispatch,16246.666666666735,AGV_10,TOTE_0584,station_3,KIT_0026_01,{'PART_06': 30},17280.0,0.6818124366938555,0.6596187608045274,0.020454545454545454,0.0017391304347826088,0.2,0.38974358974358975,0.6,0.3,0.1,0.03,0.1,0.2,0.1,0.006,2.0,1200.0,0.31011310304195433,,,,
kitting_started,16256.666666666737,AGV_05,TOTE_0907,station_2,KIT_0025_01,,,,,,,,,,,,,,,,,,,,,,,
kitting_started,16261.333333333401,AGV_09,TOTE_0611,station_4,KIT_0027_01,,,,,,,,,,,,,,,,,,,,,,,
kitting_completed,16266.666666666735,AGV_07,TOTE_0244,station_3,KIT_0026_01,,,,,,,,,,,,,,,,,,,,{'PART_03': 200},False,,
dispatch,16266.666666666735,AGV_06,TOTE_0890,station_3,KIT_0026_01,{'PART_01': 10},17280.0,0.7291978083507431,0.7085090236200192,0.02009881422924901,0.0005899705014749262,0.2,0.38974358974358975,0.6,0.3,0.1,0.03,0.1,0.2,0.1,0.006,2.0,1200.0,0.33854432603608686,,,,
kitting_completed,16266.666666666737,AGV_05,TOTE_0907,station_2,KIT_0025_01,,,,,,,,,,,,,,,,,,,,{'PART_05': 15},False,,
dispatch,16266.666666666737,AGV_04,TOTE_0151,station_2,KIT_0025_01,{'PART_02': 10},14400.0,1.2501851668090562,1.199999981623871,0.000185185185185186,0.05,0.4,0.49230769230769234,0.6,0.3,0.1,0.03,0.1,0.2,0.1,0.006,2.0,1200.0,0.5808803308546645,,,,
kitting_completed,16271.333333333401,AGV_09,TOTE_0611,station_4,KIT_0027_01,,,,,,,,,,,,,,,,,,,,{'PART_02': 20},False,,
kitting_started,16272.666666666735,AGV_01,TOTE_0896,station_4,KIT_0027_01,,,,,,,,,,,,,,,,,,,,,,,
kitting_started,16278.666666666737,AGV_10,TOTE_0584,station_3,KIT_0026_01,,,,,,,,,,,,,,,,,,,,,,,
kitting_completed,16280.666666666735,AGV_08,TOTE_0274,station_1,KIT_0025_02,,,,,,,,,,,,,,,,,,,,{'PART_04': 400},False,,
kitting_started,16282.00000000007,AGV_03,TOTE_0292,station_1,KIT_0025_02,,,,,,,,,,,,,,,,,,,,,,,
kitting_completed,16282.666666666735,AGV_01,TOTE_0896,station_4,KIT_0027_01,,,,,,,,,,,,,,,,,,,,{'PART_01': 10},False,,
kitting_started,16285.333333333403,AGV_02,TOTE_0655,station_2,KIT_0025_01,,,,,,,,,,,,,,,,,,,,,,,
kitting_completed,16288.666666666737,AGV_10,TOTE_0584,station_3,KIT_0026_01,,,,,,,,,,,,,,,,,,,,{'PART_06': 30},False,,
dispatch,16298.000000000067,AGV_09,TOTE_0310,station_1,KIT_0025_02,{'PART_04': 400},14400.0,1.2465488063220906,1.1999999847732692,0.010185185185185184,0.03636363636363637,0.2,0.5897435897435898,0.6,0.3,0.1,0.03,0.1,0.2,0.1,0.006,2.0,1200.0,0.6289549248188955,,,,
dispatch,16298.666666666735,AGV_07,TOTE_0788,station_4,KIT_0027_01,{'PART_07': 5},17280.0,0.8099892039039877,0.7805552897266523,0.029291666666666664,0.0001422475106685633,0.2,0.41025641025641024,0.6,0.3,0.1,0.03,0.1,0.2,0.1,0.006,2.0,1200.0,0.3849678813167515,,,,
dispatch,16298.666666666737,AGV_05,TOTE_0268,station_4,KIT_0027_01,{'PART_04': 400},17280.0,0.8212013011226675,0.7805552897266561,0.029249999999999998,0.011396011396011397,0.2,0.5128205128205128,0.6,0.3,0.1,0.03,0.1,0.2,0.1,0.006,2.0,1200.0,0.3814387293915492,,,,
kitting_started,16302.00000000007,AGV_06,TOTE_0890,station_3,KIT_0026_01,,,,,,,,,,,,,,,,,,,,,,,
kitting_completed,16305.333333333403,AGV_02,TOTE_0655,station_2,KIT_0025_01,,,,,,,,,,,,,,,,,,,,{'PART_04': 50},False,,
kitting_started,16308.666666666737,AGV_04,TOTE_0151,station_2,KIT_0025_01,,,,,,,,,,,,,,,,,,,,,,,
dispatch,16309.333333333401,AGV_01,TOTE_0929,station_2,KIT_0025_01,{'PART_05': 10},14400.0,1.3000925783668598,1.1999999857742671,9.2592592592593e-05,0.1,0.5333333333333334,0.38974358974358975,0.6,0.3,0.1,0.03,0.1,0.2,0.1,0.006,2.0,1200.0,0.5810811880457568,,,,
kitting_completed,16312.00000000007,AGV_06,TOTE_0890,station_3,KIT_0026_01,,,,,,,,,,,,,,,,,,,,{'PART_01': 10},False,,
dispatch,16314.00000000007,AGV_08,TOTE_0205,station_3,KIT_0026_01,{'PART_03': 200},17280.0,0.8440400607159178,0.8121903873599872,0.019980237154150194,0.011869436201780416,0.2,0.49230769230769234,0.6,0.3,0.1,0.03,0.1,0.2,0.1,0.006,2.0,1200.0,0.39719326719878134,,,,
dispatch,16317.333333333403,AGV_10,TOTE_0779,station_3,KIT_0026_01,{'PART_01': 10},17280.0,0.8370978435412889,0.8188157472157143,0.01760869565217391,0.0006734006734006734,0.2,0.441025641025641,0.6,0.3,0.1,0.03,0.1,0.2,0.1,0.006,2.0,1200.0,0.39815614202220917,,,,
kitting_completed,16322.00000000007,AGV_03,TOTE_0292,station_1,KIT_0025_02,,,,,,,,,,,,,,,,,,,,{'PART_04': 400},False,,
kitting_completed,16328.666666666737,AGV_04,TOTE_0151,station_2,KIT_0025_01,,,,,,,,,,,,,,,,,,,,{'PART_02': 10},False,,
kitting_started,16335.333333333403,AGV_07,TOTE_0788,station_4,KIT_0027_01,,,,,,,,,,,,,,,,,,,,,,,
dispatch,16337.333333333403,AGV_02,TOTE_0655,station_1,KIT_0025_02,{'PART_04': 50},14400.0,1.213624326598561,1.1999999879742222,0.00648148148148148,0.007142857142857143,-0.2,0.48717948717948717,0.6,0.3,0.1,0.03,0.1,0.2,0.1,0.006,2.0,1200.0,0.7394566472411876,,,,
kitting_started,16341.333333333403,AGV_01,TOTE_0929,station_2,KIT_0025_01,,,,,,,,,,,,,,,,,,,,,,,
kitting_completed,16345.333333333403,AGV_07,TOTE_0788,station_4,KIT_0027_01,,,,,,,,,,,,,,,,,,,,{'PART_07': 5},False,,
dispatch,16345.333333333403,AGV_06,TOTE_0629,station_4,KIT_0027_01,{'PART_02': 20},17280.0,0.8975047311896559,0.870944977706269,0.025916666666666668,0.0006430868167202572,0.2,0.41025641025641024,0.6,0.3,0.1,0.03,0.1,0.2,0.1,0.006,2.0,1200.0,0.4374771976881525,,,,
kitting_started,16346.666666666737,AGV_05,TOTE_0268,station_4,KIT_0027_01,,,,,,,,,,,,,,,,,,,,,,,
kitting_started,16351.333333333401,AGV_09,TOTE_0310,station_1,KIT_0025_02,,,,,,,,,,,,,,,,,,,,,,,
kitting_started,16352.666666666737,AGV_08,TOTE_0205,station_3,KIT_0026_01,,,,,,,,,,,,,,,,,,,,,,,
kitting_completed,16361.333333333403,AGV_01,TOTE_0929,station_2,KIT_0025_01,,,,,,,,,,,,,,,,,,,,{'PART_05': 10},True,,
kitting_completed,16386.666666666737,AGV_05,TOTE_0268,station_4,KIT_0027_01,,,,,,,,,,,,,,,,,,,,{'PART_04': 400},False,,
dispatch,16386.666666666737,AGV_04,TOTE_0151,station_4,KIT_0027_01,{'PART_02': 110},17280.0,0.9661391809095107,0.9368293103593488,0.025750000000000002,0.0035598705501618125,-0.2,0.5384615384615384,0.6,0.3,0.1,0.03,0.1,0.2,0.1,0.006,2.0,1200.0,0.5858373546995526,,,,
kitting_started,16388.00000000007,AGV_06,TOTE_0629,station_4,KIT_0027_01,,,,,,,,,,,,,,,,,,,,,,,
kitting_completed,16391.3333333334,AGV_09,TOTE_0310,station_1,KIT_0025_02,,,,,,,,,,,,,,,,,,,,{'PART_04': 400},False,,
dispatch,16391.3333333334,AGV_01,TOTE_0929,station_1,KIT_0025_02,{'PART_05': 5},14400.0,1.2067877405901024,1.1999999913023531,0.0060185185185185185,0.0007692307692307693,-0.3333333333333334,0.4358974358974359,0.6,0.3,0.1,0.03,0.1,0.2,0.1,0.006,2.0,1200.0,0.7804829007643178,,,,
kitting_started,16392.666666666733,AGV_02,TOTE_0655,station_1,KIT_0025_02,,,,,,,,,,,,,,,,,,,,,,,
kitting_completed,16392.666666666737,AGV_08,TOTE_0205,station_3,KIT_0026_01,,,,,,,,,,,,,,,,,,,,{'PART_03': 200},False,,
dispatch,16392.666666666737,AGV_03,TOTE_0223,station_3,KIT_0026_01,{'PART_03': 200},17280.0,0.9764100828886492,0.9453606422776758,0.0174901185770751,0.013559322033898306,0.2,0.49230769230769234,0.6,0.3,0.1,0.03,0.1,0.2,0.1,0.006,2.0,1200.0,0.47661528050242014,,,,
kitting_started,16394.00000000007,AGV_10,TOTE_0779,station_3,KIT_0026_01,,,,,,,,,,,,,,,,,,,,,,,
kitting_completed,16398.00000000007,AGV_06,TOTE_0629,station_4,KIT_0027_01,,,,,,,,,,,,,,,,,,,,{'PART_02': 20},False,,
dispatch,16398.00000000007,AGV_07,TOTE_0647,station_4,KIT_0027_01,{'PART_02': 20},17280.0,0.9782402745434253,0.9527358002704946,0.024833333333333332,0.0006711409395973155,0.2,0.358974358974359,0.6,0.3,0.1,0.03,0.1,0.2,0.1,0.006,2.0,1200.0,0.4910467288286192,,,,
kitting_completed,16404.00000000007,AGV_10,TOTE_0779,station_3,KIT_0026_01,,,,,,,,,,,,,,,,,,,,{'PART_01': 10},False,,
kitting_completed,16412.666666666733,AGV_02,TOTE_0655,station_1,KIT_0025_02,,,,,,,,,,,,,,,,,,,,{'PART_04': 50},False,,
dispatch,16420.00000000007,AGV_05,TOTE_0508,station_1,KIT_0025_02,{'PART_09': 170},14400.0,1.2323288040462717,1.1999999926767626,0.005972222222222222,0.026356589147286825,0.2,0.5384615384615384,0.6,0.3,0.1,0.03,0.1,0.2,0.1,0.006,2.0,1200.0,0.6255511285816091,,,,
kit_replacement,16421.3333333334,,,station_2,,,,,,,,,,,,,,,,,,,,,,,KIT_0025_01,KIT_0028_01
kitting_started,16424.666666666733,AGV_01,TOTE_0929,station_1,KIT_0025_02,,,,,,,,,,,,,,,,,,,,,,,
dispatch,16424.666666666733,AGV_09,TOTE_0490,station_2,KIT_0028_01,{'PART_08': 66},17280.0,1.0193891398380615,0.9867988729620802,0.03,0.0025902668759811617,-0.2,0.4564102564102564,0.6,0.3,0.1,0.03,0.1,0.2,0.1,0.006,2.0,1200.0,0.6259924582618112,,,,
dispatch,16424.666666666737,AGV_06,TOTE_0229,station_3,KIT_0026_01,{'PART_03': 50},17280.0,1.0058390186646342,0.9867988729620845,0.015118577075098814,0.00392156862745098,0.0,0.5333333333333333,0.6,0.3,0.1,0.03,0.1,0.2,0.1,0.006,2.0,1200.0,0.5501700778654471,,,,
kitting_started,16426.666666666737,AGV_04,TOTE_0151,station_4,KIT_0027_01,,,,,,,,,,,,,,,,,,,,,,,
dispatch,16428.00000000007,AGV_08,TOTE_0496,station_2,KIT_0028_01,{'PART_08': 22},17280.0,1.0208505798898393,0.9907412780025934,0.02922291993720565,0.0008863819500402902,0.06666666666666662,0.49230769230769234,0.6,0.3,0.1,0.03,0.1,0.2,0.1,0.006,2.0,1200.0,0.5432795787031344,,,,
kitting_started,16431.3333333334,AGV_03,TOTE_0223,station_3,KIT_0026_01,,,,,,,,,,,,,,,,,,,,,,,
kitting_completed,16444.666666666733,AGV_01,TOTE_0929,station_1,KIT_0025_02,,,,,,,,,,,,,,,,,,,,{'PART_05': 5},False,,
dispatch,16444.666666666733,AGV_10,TOTE_0112,station_1,KIT_0025_02,{'PART_02': 120},14400.0,1.2296612997270973,1.1999999936842123,0.0043981481481481476,0.025263157894736845,0.2,0.48717948717948717,0.6,0.3,0.1,0.03,0.1,0.2,0.1,0.006,2.0,1200.0,0.6290788311183095,,,,
kitting_started,16459.333333333398,AGV_09,TOTE_0490,station_2,KIT_0028_01,,,,,,,,,,,,,,,,,,,,,,,
kitting_started,16466.666666666733,AGV_05,TOTE_0508,station_1,KIT_0025_02,,,,,,,,,,,,,,,,,,,,,,,
kitting_completed,16471.3333333334,AGV_03,TOTE_0223,station_3,KIT_0026_01,,,,,,,,,,,,,,,,,,,,{'PART_03': 200},False,,
dispatch,16471.3333333334,AGV_02,TOTE_0457,station_3,KIT_0026_01,{'PART_06': 180},17280.0,1.0654299626832282,1.036210393432603,0.014525691699604742,0.014693877551020411,0.2,0.4666666666666667,0.6,0.3,0.1,0.03,0.1,0.2,0.1,0.006,2.0,1200.0,0.5325913109432703,,,,
kitting_started,16472.666666666733,AGV_06,TOTE_0229,station_3,KIT_0026_01,,,,,,,,,,,,,,,,,,,,,,,
kitting_completed,16482.666666666733,AGV_06,TOTE_0229,station_3,KIT_0026_01,,,,,,,,,,,,,,,,,,,,{'PART_03': 50},False,,
dispatch,16482.666666666733,AGV_01,TOTE_0190,station_3,KIT_0026_01,{'PART_02': 120},17280.0,1.0703476364507438,1.046473078514401,0.012391304347826084,0.011483253588516748,0.2,0.4666666666666667,0.6,0.3,0.1,0.03,0.1,0.2,0.1,0.006,2.0,1200.0,0.5355419152037797,,,,
kitting_completed,16496.666666666737,AGV_04,TOTE_0151,station_4,KIT_0027_01,,,,,,,,,,,,,,,,,,,,{'PART_02': 110},False,,
kitting_started,16498.00000000007,AGV_07,TOTE_0647,station_4,KIT_0027_01,,,,,,,,,,,,,,,,,,,,,,,
kitting_started,16506.666666666733,AGV_02,TOTE_0457,station_3,KIT_0026_01,,,,,,,,,,,,,,,,,,,,,,,
dispatch,16506.666666666733,AGV_03,TOTE_0280,station_4,KIT_0027_01,{'PART_04': 400},17280.0,1.1044100679877973,1.066229887807617,0.024666666666666663,0.013513513513513514,0.2,0.5128205128205128,0.6,0.3,0.1,0.03,0.1,0.2,0.1,0.006,2.0,1200.0,0.551363989510627,,,,
kitting_completed,16508.00000000007,AGV_07,TOTE_0647,station_4,KIT_0027_01,,,,,,,,,,,,,,,,,,,,{'PART_02': 20},False,,
dispatch,16517.3333333334,AGV_06,TOTE_0286,station_4,KIT_0027_01,{'PART_04': 400},17280.0,1.111168535435765,1.0742102021024316,0.021333333333333333,0.015625,0.2,0.46153846153846156,0.6,0.3,0.1,0.03,0.1,0.2,0.1,0.006,2.0,1200.0,0.5605472751076128,,,,
kitting_completed,16526.666666666733,AGV_05,TOTE_0508,station_1,KIT_0025_02,,,,,,,,,,,,,,,,,,,,{'PART_09': 170},False,,
kitting_started,16528.000000000065,AGV_10,TOTE_0112,station_1,KIT_0025_02,,,,,,,,,,,,,,,,,,,,,,,
kitting_completed,16529.333333333398,AGV_09,TOTE_0490,station_2,KIT_0028_01,,,,,,,,,,,,,,,,,,,,{'PART_08': 66},False,,
kitting_started,16530.66666666673,AGV_08,TOTE_0496,station_2,KIT_0028_01,,,,,,,,,,,,,,,,,,,,,,,
dispatch,16534.666666666737,AGV_07,TOTE_0130,station_1,KIT_0025_02,{'PART_02': 120},14400.0,1.237089850257931,1.1999999963194856,0.0032870370370370384,0.033802816901408454,0.2,0.5897435897435898,0.6,0.3,0.1,0.03,0.1,0.2,0.1,0.006,2.0,1200.0,0.6232795511803997,,,,
dispatch,16536.666666666737,AGV_04,TOTE_0241,station_2,KIT_0028_01,{'PART_03': 200},17280.0,1.1246197468708767,1.0875257723204563,0.028963893249607534,0.008130081300813009,0.2,0.4153846153846154,0.6,0.3,0.1,0.03,0.1,0.2,0.1,0.006,2.0,1200.0,0.5732333865840644,,,,
kitting_started,16546.66666666673,AGV_03,TOTE_0280,station_4,KIT_0027_01,,,,,,,,,,,,,,,,,,,,,,,
kitting_completed,16560.66666666673,AGV_08,TOTE_0496,station_2,KIT_0028_01,,,,,,,,,,,,,,,,,,,,{'PART_08': 22},False,,
dispatch,16560.66666666673,AGV_05,TOTE_0833,station_2,KIT_0028_01,{'PART_01': 10},17280.0,1.12922577592935,1.10217419287271,0.026609105180533752,0.0004424778761061947,0.2,0.40512820512820513,0.6,0.3,0.1,0.03,0.1,0.2,0.1,0.006,2.0,1200.0,0.5770226450447895,,,,
kitting_completed,16566.666666666733,AGV_02,TOTE_0457,station_3,KIT_0026_01,,,,,,,,,,,,,,,,,,,,{'PART_06': 180},False,,
dispatch,16566.666666666733,AGV_09,TOTE_0454,station_3,KIT_0026_01,{'PART_06': 180},17280.0,1.135965160128727,1.1055373212226272,0.010968379446640315,0.019459459459459462,0.2,0.517948717948718,0.6,0.3,0.1,0.03,0.1,0.2,0.1,0.006,2.0,1200.0,0.5697842242823645,,,,
kitting_started,16568.000000000065,AGV_01,TOTE_0190,station_3,KIT_0026_01,,,,,,,,,,,,,,,,,,,,,,,
kitting_started,16568.666666666737,AGV_04,TOTE_0241,station_2,KIT_0028_01,,,,,,,,,,,,,,,,,,,,,,,
kitting_completed,16586.66666666673,AGV_03,TOTE_0280,station_4,KIT_0027_01,,,,,,,,,,,,,,,,,,,,{'PART_04': 400},False,,
kitting_started,16588.000000000062,AGV_06,TOTE_0286,station_4,KIT_0027_01,,,,,,,,,,,,,,,,,,,,,,,
kitting_completed,16588.000000000065,AGV_10,TOTE_0112,station_1,KIT_0025_02,,,,,,,,,,,,,,,,,,,,{'PART_02': 120},False,,
kitting_started,16589.333333333398,AGV_07,TOTE_0130,station_1,KIT_0025_02,,,,,,,,,,,,,,,,,,,,,,,
dispatch,16596.000000000062,AGV_08,TOTE_0562,station_1,KIT_0025_02,{'PART_04': 100},14400.0,1.2447291148679407,1.199999997452653,0.0021759259259259253,0.04255319148936171,0.2,0.48717948717948717,0.6,0.3,0.1,0.03,0.1,0.2,0.1,0.006,2.0,1200.0,0.6381195202028156,,,,
dispatch,16602.000000000065,AGV_02,TOTE_0298,station_4,KIT_0027_01,{'PART_04': 400},17280.0,1.159696964729248,1.1231784462107295,0.018,0.018518518518518517,0.2,0.5128205128205128,0.6,0.3,0.1,0.03,0.1,0.2,0.1,0.006,2.0,1200.0,0.5845361275554974,,,,
kitting_completed,16608.666666666737,AGV_04,TOTE_0241,station_2,KIT_0028_01,,,,,,,,,,,,,,,,,,,,{'PART_03': 200},False,,
kitting_started,16610.00000000007,AGV_05,TOTE_0833,station_2,KIT_0028_01,,,,,,,,,,,,,,,,,,,,,,,
kitting_completed,16620.00000000007,AGV_05,TOTE_0833,station_2,KIT_0028_01,,,,,,,,,,,,,,,,,,,,{'PART_01': 10},False,,
dispatch,16621.333333333398,AGV_10,TOTE_0851,station_2,KIT_0028_01,{'PART_01': 10},17280.0,1.158361027789988,1.1314252175684636,0.02649136577708006,0.00044444444444444447,0.2,0.40512820512820513,0.6,0.3,0.1,0.03,0.1,0.2,0.1,0.006,2.0,1200.0,0.5945037961611723,,,,
dispatch,16623.333333333398,AGV_03,TOTE_0947,station_2,KIT_0028_01,{'PART_05': 15},17280.0,1.1592704549913198,1.1322271857605506,0.026373626373626374,0.0006696428571428571,0.2,0.4153846153846154,0.6,0.3,0.1,0.03,0.1,0.2,0.1,0.006,2.0,1200.0,0.5940238114563303,,,,
kitting_completed,16628.000000000062,AGV_06,TOTE_0286,station_4,KIT_0027_01,,,,,,,,,,,,,,,,,,,,{'PART_04': 400},False,,
kitting_completed,16628.000000000065,AGV_01,TOTE_0190,station_3,KIT_0026_01,,,,,,,,,,,,,,,,,,,,{'PART_02': 120},False,,
kitting_started,16629.333333333398,AGV_09,TOTE_0454,station_3,KIT_0026_01,,,,,,,,,,,,,,,,,,,,,,,
dispatch,16640.666666666737,AGV_04,TOTE_0304,station_4,KIT_0027_01,{'PART_04': 400},17280.0,1.1761972996096044,1.138803360215665,0.014666666666666668,0.022727272727272728,0.2,0.5128205128205128,0.6,0.3,0.1,0.03,0.1,0.2,0.1,0.006,2.0,1200.0,0.5944363284837113,,,,
kitting_started,16642.000000000062,AGV_02,TOTE_0298,station_4,KIT_0027_01,,,,,,,,,,,,,,,,,,,,,,,
dispatch,16648.00000000007,AGV_05,TOTE_0833,station_3,KIT_0026_01,{'PART_01': 10},17280.0,1.151569532844724,1.1413932588706677,0.008833992094861659,0.001342281879194631,0.2,0.4153846153846154,0.6,0.3,0.1,0.03,0.1,0.2,0.1,0.006,2.0,1200.0,0.5894032581683728,,,,
kitting_completed,16649.333333333398,AGV_07,TOTE_0130,station_1,KIT_0025_02,,,,,,,,,,,,,,,,,,,,{'PART_02': 120},False,,
kitting_started,16650.66666666673,AGV_08,TOTE_0562,station_1,KIT_0025_02,,,,,,,,,,,,,,,,,,,,,,,
kitting_started,16656.000000000065,AGV_10,TOTE_0851,station_2,KIT_0028_01,,,,,,,,,,,,,,,,,,,,,,,
dispatch,16660.000000000065,AGV_01,TOTE_0902,station_1,KIT_0025_02,{'PART_05': 15},14400.0,1.212361109376033,1.1999999982649219,0.001249999999999999,0.011111111111111112,0.2,0.46153846153846156,0.6,0.3,0.1,0.03,0.1,0.2,0.1,0.006,2.0,1200.0,0.6212628194717735,,,,
kitting_completed,16660.66666666673,AGV_08,TOTE_0562,station_1,KIT_0025_02,,,,,,,,,,,,,,,,,,,,{'PART_04': 100},False,,
dispatch,16661.333333333394,AGV_06,TOTE_0920,station_1,KIT_0025_02,{'PART_05': 15},14400.0,1.2136111093898583,1.1999999982787473,0.0011111111111111126,0.0125,0.2,0.5128205128205128,0.6,0.3,0.1,0.03,0.1,0.2,0.1,0.006,2.0,1200.0,0.6168846143518636,,,,
kitting_completed,16666.000000000065,AGV_10,TOTE_0851,station_2,KIT_0028_01,,,,,,,,,,,,,,,,,,,,{'PART_01': 10},False,,
kitting_started,16667.333333333398,AGV_03,TOTE_0947,station_2,KIT_0028_01,,,,,,,,,,,,,,,,,,,,,,,
kitting_completed,16677.333333333398,AGV_03,TOTE_0947,station_2,KIT_0028_01,,,,,,,,,,,,,,,,,,,,{'PART_05': 15},False,,
kitting_completed,16682.000000000062,AGV_02,TOTE_0298,station_4,KIT_0027_01,,,,,,,,,,,,,,,,,,,,{'PART_04': 400},False,,
dispatch,16682.66666666673,AGV_07,TOTE_0869,station_2,KIT_0028_01,{'PART_01': 10},17280.0,1.1788951822704814,1.1522487267997883,0.026197017268445838,0.0004494382022471911,0.2,0.40512820512820513,0.6,0.3,0.1,0.03,0.1,0.2,0.1,0.006,2.0,1200.0,0.6068242888494684,,,,
kitting_started,16684.00000000007,AGV_04,TOTE_0304,station_4,KIT_0027_01,,,,,,,,,,,,,,,,,,,,,,,
kitting_completed,16689.333333333398,AGV_09,TOTE_0454,station_3,KIT_0026_01,,,,,,,,,,,,,,,,,,,,{'PART_06': 180},False,,
kitting_started,16690.66666666673,AGV_05,TOTE_0833,station_3,KIT_0026_01,,,,,,,,,,,,,,,,,,,,,,,
dispatch,16694.000000000062,AGV_08,TOTE_0887,station_2,KIT_0028_01,{'PART_01': 10},17280.0,1.181878649380425,1.1553479042468098,0.02607927786499215,0.0004514672686230248,0.2,0.40512820512820513,0.6,0.3,0.1,0.03,0.1,0.2,0.1,0.006,2.0,1200.0,0.6086143691154344,,,,
dispatch,16694.000000000065,AGV_10,TOTE_0316,station_4,KIT_0027_01,{'PART_04': 400},17280.0,1.1960930022860263,1.1553479042468107,0.011333333333333332,0.029411764705882356,0.2,0.5897435897435898,0.6,0.3,0.1,0.03,0.1,0.2,0.1,0.006,2.0,1200.0,0.5986814423972568,,,,
kitting_completed,16700.66666666673,AGV_05,TOTE_0833,station_3,KIT_0026_01,,,,,,,,,,,,,,,,,,,,{'PART_01': 10},False,,
kitting_started,16703.333333333398,AGV_01,TOTE_0902,station_1,KIT_0025_02,,,,,,,,,,,,,,,,,,,,,,,
dispatch,16706.000000000065,AGV_03,TOTE_0046,station_3,KIT_0026_01,{'PART_01': 70},17280.0,1.1766523515235903,1.158413126980018,0.008715415019762845,0.009523809523809525,0.2,0.4666666666666667,0.6,0.3,0.1,0.03,0.1,0.2,0.1,0.006,2.0,1200.0,0.5993247442474876,,,,
kitting_completed,16713.333333333398,AGV_01,TOTE_0902,station_1,KIT_0025_02,,,,,,,,,,,,,,,,,,,,{'PART_05': 15},False,,
kitting_started,16714.66666666673,AGV_06,TOTE_0920,station_1,KIT_0025_02,,,,,,,,,,,,,,,,,,,,,,,
kitting_started,16717.333333333398,AGV_07,TOTE_0869,station_2,KIT_0028_01,,,,,,,,,,,,,,,,,,,,,,,
dispatch,16718.66666666673,AGV_02,TOTE_0938,station_1,KIT_0025_02,{'PART_05': 15},14400.0,1.2152579352876904,1.199999998779754,0.0009722222222222232,0.014285714285714285,0.2,0.46153846153846156,0.6,0.3,0.1,0.03,0.1,0.2,0.1,0.006,2.0,1200.0,0.6230009150187681,,,,
kitting_completed,16724.00000000007,AGV_04,TOTE_0304,station_4,KIT_0027_01,,,,,,,,,,,,,,,,,,,,{'PART_04': 400},False,,
kitting_completed,16724.66666666673,AGV_06,TOTE_0920,station_1,KIT_0025_02,,,,,,,,,,,,,,,,,,,,{'PART_05': 15},False,,
kitting_completed,16727.333333333398,AGV_07,TOTE_0869,station_2,KIT_0028_01,,,,,,,,,,,,,,,,,,,,{'PART_01': 10},False,,
dispatch,16728.000000000065,AGV_09,TOTE_0253,station_4,KIT_0027_01,{'PART_04': 100},17280.0,1.1819190857150008,1.163502419048334,0.008000000000000002,0.010416666666666668,0.0,0.6666666666666666,0.6,0.3,0.1,0.03,0.1,0.2,0.1,0.006,2.0,1200.0,0.6424847847623338,,,,
kitting_started,16728.66666666673,AGV_08,TOTE_0887,station_2,KIT_0028_01,,,,,,,,,,,,,,,,,,,,,,,
dispatch,16732.66666666673,AGV_05,TOTE_0956,station_1,KIT_0025_02,{'PART_05': 15},14400.0,1.2174999988780677,1.1999999988780679,0.0008333333333333337,0.016666666666666666,0.2,0.358974358974359,0.6,0.3,0.1,0.03,0.1,0.2,0.1,0.006,2.0,1200.0,0.6346025634294047,,,,
kitting_completed,16738.66666666673,AGV_08,TOTE_0887,station_2,KIT_0028_01,,,,,,,,,,,,,,,,,,,,{'PART_01': 10},False,,
dispatch,16740.000000000065,AGV_01,TOTE_0851,station_2,KIT_0028_01,{'PART_01': 10},17280.0,1.1924285095697253,1.166013456368958,0.025961538461538463,0.00045351473922902497,0.2,0.37948717948717947,0.6,0.3,0.1,0.03,0.1,0.2,0.1,0.006,2.0,1200.0,0.6175083877931173,,,,
kitting_started,16744.000000000062,AGV_10,TOTE_0316,station_4,KIT_0027_01,,,,,,,,,,,,,,,,,,,,,,,
kitting_started,16744.666666666733,AGV_03,TOTE_0046,station_3,KIT_0026_01,,,,,,,,,,,,,,,,,,,,,,,
dispatch,16751.333333333398,AGV_06,TOTE_0650,station_2,KIT_0028_01,{'PART_03': 50},17280.0,1.196349331590407,1.1682276282043038,0.02584379905808477,0.0022779043280182236,0.2,0.40512820512820513,0.6,0.3,0.1,0.03,0.1,0.2,0.1,0.006,2.0,1200.0,0.6172967784414238,,,,
dispatch,16755.333333333398,AGV_07,TOTE_0869,station_3,KIT_0026_01,{'PART_01': 10},17280.0,1.1783636130773818,1.1689744781848144,0.007885375494071147,0.0015037593984962407,0.2,0.4153846153846154,0.6,0.3,0.1,0.03,0.1,0.2,0.1,0.006,2.0,1200.0,0.6054797063079675,,,,
kitting_started,16762.000000000062,AGV_02,TOTE_0938,station_1,KIT_0025_02,,,,,,,,,,,,,,,,,,,,,,,
kitting_started,16771.333333333398,AGV_01,TOTE_0851,station_2,KIT_0028_01,,,,,,,,,,,,,,,,,,,,,,,
kitting_completed,16772.000000000062,AGV_02,TOTE_0938,station_1,KIT_0025_02,,,,,,,,,,,,,,,,,,,,{'PART_05': 15},False,,
dispatch,16772.000000000062,AGV_04,TOTE_0974,station_1,KIT_0025_02,{'PART_05': 15},14400.0,1.2206944435583642,1.1999999991139196,0.0006944444444444441,0.020000000000000004,0.2,0.5128205128205128,0.6,0.3,0.1,0.03,0.1,0.2,0.1,0.006,2.0,1200.0,0.6211346148529673,,,,
kitting_started,16773.333333333394,AGV_05,TOTE_0956,station_1,KIT_0025_02,,,,,,,,,,,,,,,,,,,,,,,
kitting_completed,16781.333333333398,AGV_01,TOTE_0851,station_2,KIT_0028_01,,,,,,,,,,,,,,,,,,,,{'PART_01': 10},False,,
dispatch,16781.333333333398,AGV_08,TOTE_0887,station_2,KIT_0028_01,{'PART_01': 10},17280.0,1.1991435073592793,1.1734222048522627,0.025255102040816324,0.0004662004662004662,0.2,0.35384615384615387,0.6,0.3,0.1,0.03,0.1,0.2,0.1,0.006,2.0,1200.0,0.6241014890309522,,,,
kitting_started,16782.66666666673,AGV_06,TOTE_0650,station_2,KIT_0028_01,,,,,,,,,,,,,,,,,,,,,,,
kitting_completed,16783.333333333394,AGV_05,TOTE_0956,station_1,KIT_0025_02,,,,,,,,,,,,,,,,,,,,{'PART_05': 15},False,,
kitting_completed,16784.000000000062,AGV_10,TOTE_0316,station_4,KIT_0027_01,,,,,,,,,,,,,,,,,,,,{'PART_04': 400},False,,
kitting_started,16785.333333333394,AGV_09,TOTE_0253,station_4,KIT_0027_01,,,,,,,,,,,,,,,,,,,,,,,
kitting_completed,16792.66666666673,AGV_06,TOTE_0650,station_2,KIT_0028_01,,,,,,,,,,,,,,,,,,,,{'PART_03': 50},False,,
kitting_completed,16795.333333333394,AGV_09,TOTE_0253,station_4,KIT_0027_01,,,,,,,,,,,,,,,,,,,,{'PART_04': 100},False,,
dispatch,16798.66666666673,AGV_02,TOTE_0668,station_2,KIT_0028_01,{'PART_03': 50},17280.0,1.2035089720623198,1.17602968905025,0.025137362637362638,0.0023419203747072604,0.2,0.40512820512820513,0.6,0.3,0.1,0.03,0.1,0.2,0.1,0.006,2.0,1200.0,0.6215925627245713,,,,
kitting_started,16809.333333333398,AGV_08,TOTE_0887,station_2,KIT_0028_01,,,,,,,,,,,,,,,,,,,,,,,
dispatch,16809.333333333398,AGV_01,TOTE_0665,station_4,KIT_0027_01,{'PART_02': 20},17280.0,1.1869985696033862,1.1775063215413706,0.0071666666666666675,0.002325581395348837,0.2,0.4358974358974359,0.6,0.3,0.1,0.03,0.1,0.2,0.1,0.006,2.0,1200.0,0.6086093981722881,,,,
dispatch,16810.000000000062,AGV_05,TOTE_0683,station_4,KIT_0027_01,{'PART_02': 20},17280.0,1.1869765030107546,1.1775955506298024,0.006999999999999998,0.002380952380952381,0.2,0.46153846153846156,0.6,0.3,0.1,0.03,0.1,0.2,0.1,0.006,2.0,1200.0,0.6060320556526066,,,,
kitting_completed,16814.666666666733,AGV_03,TOTE_0046,station_3,KIT_0026_01,,,,,,,,,,,,,,,,,,,,{'PART_01': 70},False,,
kitting_started,16816.000000000065,AGV_07,TOTE_0869,station_3,KIT_0026_01,,,,,,,,,,,,,,,,,,,,,,,
kitting_completed,16819.333333333398,AGV_08,TOTE_0887,station_2,KIT_0028_01,,,,,,,,,,,,,,,,,,,,{'PART_01': 10},False,,
dispatch,16820.66666666673,AGV_10,TOTE_0965,station_2,KIT_0028_01,{'PART_05': 15},17280.0,1.2042443937747649,1.1789763036942391,0.02454866562009419,0.0007194244604316548,0.2,0.4153846153846154,0.6,0.3,0.1,0.03,0.1,0.2,0.1,0.006,2.0,1200.0,0.6210081747263974,,,,
kitting_started,16822.00000000006,AGV_04,TOTE_0974,station_1,KIT_0025_02,,,,,,,,,,,,,,,,,,,,,,,
dispatch,16824.000000000062,AGV_06,TOTE_0830,station_3,KIT_0026_01,{'PART_01': 10},17280.0,1.1886837055031272,1.1793901895269028,0.00776679841897233,0.0015267175572519084,0.2,0.4666666666666667,0.6,0.3,0.1,0.03,0.1,0.2,0.1,0.006,2.0,1200.0,0.6065435566352098,,,,
kitting_completed,16826.000000000065,AGV_07,TOTE_0869,station_3,KIT_0026_01,,,,,,,,,,,,,,,,,,,,{'PART_01': 10},False,,
kitting_started,16830.000000000062,AGV_02,TOTE_0668,station_2,KIT_0028_01,,,,,,,,,,,,,,,,,,,,,,,
kitting_completed,16832.00000000006,AGV_04,TOTE_0974,station_1,KIT_0025_02,,,,,,,,,,,,,,,,,,,,{'PART_05': 15},False,,
kitting_completed,16840.000000000062,AGV_02,TOTE_0668,station_2,KIT_0028_01,,,,,,,,,,,,,,,,,,,,{'PART_03': 50},False,,
dispatch,16842.000000000062,AGV_09,TOTE_0331,station_2,KIT_0028_01,{'PART_05': 90},17280.0,1.2102089796349615,1.1814890970330914,0.024372056514913656,0.004347826086956522,0.2,0.4666666666666667,0.6,0.3,0.1,0.03,0.1,0.2,0.1,0.006,2.0,1200.0,0.6194587211143103,,,,
dispatch,16846.666666666733,AGV_03,TOTE_0064,station_3,KIT_0026_01,{'PART_01': 70},17280.0,1.2004985656434883,1.1819976311213203,0.007648221343873517,0.010852713178294573,0.2,0.4153846153846154,0.6,0.3,0.1,0.03,0.1,0.2,0.1,0.006,2.0,1200.0,0.6187606778476316,,,,
dispatch,16847.333333333398,AGV_08,TOTE_0580,station_1,KIT_0025_02,{'PART_04': 50},14400.0,1.2838888883250281,1.1999999994361392,0.0005555555555555547,0.08333333333333334,0.4,0.48717948717948717,0.6,0.3,0.1,0.03,0.1,0.2,0.1,0.006,2.0,1200.0,0.6016153842770681,,,,
kitting_started,16849.333333333394,AGV_01,TOTE_0665,station_4,KIT_0027_01,,,,,,,,,,,,,,,,,,,,,,,
kitting_started,16856.000000000062,AGV_10,TOTE_0965,station_2,KIT_0028_01,,,,,,,,,,,,,,,,,,,,,,,
dispatch,16858.000000000065,AGV_07,TOTE_0328,station_1,KIT_0025_02,{'PART_05': 10},14400.0,1.3000925920636883,1.1999999994710957,9.2592592592593e-05,0.1,0.5333333333333335,0.48717948717948717,0.6,0.3,0.1,0.03,0.1,0.2,0.1,0.006,2.0,1200.0,0.5713376065202642,,,,
kitting_completed,16859.333333333394,AGV_01,TOTE_0665,station_4,KIT_0027_01,,,,,,,,,,,,,,,,,,,,{'PART_02': 20},False,,
kitting_started,16859.333333333394,AGV_06,TOTE_0830,station_3,KIT_0026_01,,,,,,,,,,,,,,,,,,,,,,,
dispatch,16859.333333333394,AGV_04,TOTE_0701,station_4,KIT_0027_01,{'PART_02': 20},17280.0,1.1925813025266085,1.1833089448030314,0.006833333333333332,0.002439024390243903,0.2,0.46153846153846156,0.6,0.3,0.1,0.03,0.1,0.2,0.1,0.006,2.0,1200.0,0.6093949353621189,,,,
kitting_started,16860.666666666726,AGV_05,TOTE_0683,station_4,KIT_0027_01,,,,,,,,,,,,,,,,,,,,,,,
kitting_completed,16866.000000000062,AGV_10,TOTE_0965,station_2,KIT_0028_01,,,,,,,,,,,,,,,,,,,,{'PART_05': 15},False,,
kitting_completed,16869.333333333394,AGV_06,TOTE_0830,station_3,KIT_0026_01,,,,,,,,,,,,,,,,,,,,{'PART_01': 10},False,,
kitting_completed,16870.666666666726,AGV_05,TOTE_0683,station_4,KIT_0027_01,,,,,,,,,,,,,,,,,,,,{'PART_02': 20},False,,
dispatch,16871.333333333394,AGV_02,TOTE_0887,station_2,KIT_0028_01,{'PART_01': 10},17280.0,1.2082808604068,1.184463408017919,0.023312401883830453,0.0005050505050505052,0.2,0.37948717948717947,0.6,0.3,0.1,0.03,0.1,0.2,0.1,0.006,2.0,1200.0,0.627019798295362,,,,
kitting_started,16878.666666666733,AGV_03,TOTE_0064,station_3,KIT_0026_01,,,,,,,,,,,,,,,,,,,,,,,
kitting_started,16880.66666666673,AGV_09,TOTE_0331,station_2,KIT_0028_01,,,,,,,,,,,,,,,,,,,,,,,
dispatch,16886.000000000062,AGV_01,TOTE_0719,station_4,KIT_0027_01,{'PART_02': 20},17280.0,1.1949336458847417,1.1857669792180752,0.006666666666666666,0.0025000000000000005,0.2,0.3333333333333333,0.6,0.3,0.1,0.03,0.1,0.2,0.1,0.006,2.0,1200.0,0.6236268541975117,,,,
kitting_started,16887.333333333398,AGV_08,TOTE_0580,station_1,KIT_0025_02,,,,,,,,,,,,,,,,,,,,,,,
dispatch,16894.66666666673,AGV_10,TOTE_0082,station_3,KIT_0026_01,{'PART_01': 70},17280.0,1.2054775488733551,1.186485454011695,0.006818181818181819,0.012173913043478262,0.2,0.4666666666666667,0.6,0.3,0.1,0.03,0.1,0.2,0.1,0.006,2.0,1200.0,0.6166198626573465,,,,
kitting_started,16902.666666666726,AGV_04,TOTE_0701,station_4,KIT_0027_01,,,,,,,,,,,,,,,,,,,,,,,
kitting_completed,16907.333333333398,AGV_08,TOTE_0580,station_1,KIT_0025_02,,,,,,,,,,,,,,,,,,,,{'PART_04': 50},False,,
kitting_started,16908.66666666673,AGV_07,TOTE_0328,station_1,KIT_0025_02,,,,,,,,,,,,,,,,,,,,,,,
kitting_completed,16912.666666666726,AGV_04,TOTE_0701,station_4,KIT_0027_01,,,,,,,,,,,,,,,,,,,,{'PART_02': 20},False,,
dispatch,16912.666666666726,AGV_05,TOTE_0737,station_4,KIT_0027_01,{'PART_02': 20},17280.0,1.1969283757187168,1.1878642731546143,0.0065,0.002564102564102564,0.2,0.3333333333333333,0.6,0.3,0.1,0.03,0.1,0.2,0.1,0.006,2.0,1200.0,0.6248236920978968,,,,
kitting_started,16914.00000000006,AGV_01,TOTE_0719,station_4,KIT_0027_01,,,,,,,,,,,,,,,,,,,,,,,
kitting_completed,16924.00000000006,AGV_01,TOTE_0719,station_4,KIT_0027_01,,,,,,,,,,,,,,,,,,,,{'PART_02': 20},False,,
dispatch,16924.00000000006,AGV_06,TOTE_0845,station_4,KIT_0027_01,{'PART_02': 20},17280.0,1.1976244526850712,1.1886595404043696,0.006333333333333334,0.002631578947368421,0.2,0.46153846153846156,0.6,0.3,0.1,0.03,0.1,0.2,0.1,0.006,2.0,1200.0,0.6124208254571966,,,,
kitting_completed,16928.66666666673,AGV_07,TOTE_0328,station_1,KIT_0025_02,,,,,,,,,,,,,,,,,,,,{'PART_05': 10},True,,
kitting_started,16939.33333333339,AGV_05,TOTE_0737,station_4,KIT_0027_01,,,,,,,,,,,,,,,,,,,,,,,
kitting_completed,16940.66666666673,AGV_09,TOTE_0331,station_2,KIT_0028_01,,,,,,,,,,,,,,,,,,,,{'PART_05': 90},False,,
dispatch,16940.66666666673,AGV_08,TOTE_0349,station_2,KIT_0028_01,{'PART_05': 90},17280.0,1.2174988226198247,1.1897356322206663,0.023194662480376764,0.004568527918781726,0.2,0.441025641025641,0.6,0.3,0.1,0.03,0.1,0.2,0.1,0.006,2.0,1200.0,0.6263967294693307,,,,
kitting_started,16942.000000000062,AGV_02,TOTE_0887,station_2,KIT_0028_01,,,,,,,,,,,,,,,,,,,,,,,
kitting_completed,16948.666666666733,AGV_03,TOTE_0064,station_3,KIT_0026_01,,,,,,,,,,,,,,,,,,,,{'PART_01': 70},False,,
dispatch,16948.666666666733,AGV_04,TOTE_0067,station_3,KIT_0026_01,{'PART_01': 60},17280.0,1.2080846998683503,1.1902153694570483,0.005988142292490117,0.011881188118811881,0.0,0.5333333333333333,0.6,0.3,0.1,0.03,0.1,0.2,0.1,0.006,2.0,1200.0,0.6715174865876768,,,,
kitting_completed,16949.33333333339,AGV_05,TOTE_0737,station_4,KIT_0027_01,,,,,,,,,,,,,,,,,,,,{'PART_02': 20},False,,
kitting_started,16950.000000000065,AGV_10,TOTE_0082,station_3,KIT_0026_01,,,,,,,,,,,,,,,,,,,,,,,
dispatch,16950.666666666726,AGV_01,TOTE_0863,station_4,KIT_0027_01,{'PART_02': 20},17280.0,1.199201137554669,1.1903317681852996,0.0061666666666666675,0.002702702702702703,0.2,0.3333333333333333,0.6,0.3,0.1,0.03,0.1,0.2,0.1,0.006,2.0,1200.0,0.626187349199468,,,,
kitting_completed,16952.000000000062,AGV_02,TOTE_0887,station_2,KIT_0028_01,,,,,,,,,,,,,,,,,,,,{'PART_01': 10},False,,
dispatch,16962.000000000062,AGV_07,TOTE_0328,station_2,KIT_0028_01,{'PART_05': 80},17280.0,1.217356076814474,1.1909657498162445,0.02213500784929356,0.00425531914893617,-0.33333333333333354,0.4564102564102564,0.6,0.3,0.1,0.03,0.1,0.2,0.1,0.006,2.0,1200.0,0.7847726204476588,,,,
kitting_started,16967.33333333339,AGV_06,TOTE_0845,station_4,KIT_0027_01,,,,,,,,,,,,,,,,,,,,,,,
kitting_started,16976.000000000062,AGV_08,TOTE_0349,station_2,KIT_0028_01,,,,,,,,,,,,,,,,,,,,,,,
kitting_completed,16977.33333333339,AGV_06,TOTE_0845,station_4,KIT_0027_01,,,,,,,,,,,,,,,,,,,,{'PART_02': 20},False,,
dispatch,16977.33333333339,AGV_05,TOTE_0773,station_4,KIT_0027_01,{'PART_01': 10},17280.0,1.1991468760284811,1.1917579871395922,0.005999999999999998,0.001388888888888889,0.2,0.3333333333333333,0.6,0.3,0.1,0.03,0.1,0.2,0.1,0.006,2.0,1200.0,0.6261547922837553,,,,
kitting_started,16978.666666666722,AGV_01,TOTE_0863,station_4,KIT_0027_01,,,,,,,,,,,,,,,,,,,,,,,
kitting_completed,16988.666666666722,AGV_01,TOTE_0863,station_4,KIT_0027_01,,,,,,,,,,,,,,,,,,,,{'PART_02': 20},False,,
dispatch,16988.666666666722,AGV_03,TOTE_0103,station_4,KIT_0027_01,{'PART_02': 120},17280.0,1.215116724008191,1.1922986488908203,0.0059166666666666656,0.016901408450704227,0.2,0.48717948717948717,0.6,0.3,0.1,0.03,0.1,0.2,0.1,0.006,2.0,1200.0,0.6203520856869658,,,,
kit_replacement,16988.66666666673,,,station_1,,,,,,,,,,,,,,,,,,,,,,,KIT_0025_02,KIT_0029_01
dispatch,16988.66666666673,AGV_09,TOTE_0580,station_1,KIT_0029_01,{'PART_04': 50},17280.0,1.2237683725827666,1.1922986488908207,0.03,0.0014697236919459142,-0.2,0.46153846153846156,0.6,0.3,0.1,0.03,0.1,0.2,0.1,0.006,2.0,1200.0,0.7481071773958137,,,,
dispatch,16988.66666666673,AGV_02,TOTE_0508,station_1,KIT_0029_01,{'PART_09': 30},17280.0,1.2227527198500627,1.1922986488908207,0.029559082892416225,0.0008949880668257757,0.0,0.48717948717948717,0.6,0.3,0.1,0.03,0.1,0.2,0.1,0.006,2.0,1200.0,0.6849336831920888,,,,
kitting_started,17004.000000000055,AGV_05,TOTE_0773,station_4,KIT_0027_01,,,,,,,,,,,,,,,,,,,,,,,
kitting_completed,17014.000000000055,AGV_05,TOTE_0773,station_4,KIT_0027_01,,,,,,,,,,,,,,,,,,,,{'PART_01': 10},False,,
dispatch,17014.000000000055,AGV_06,TOTE_0845,station_4,KIT_0027_01,{'PART_02': 20},17280.0,1.2016891226409394,1.1933826254657982,0.0049166666666666655,0.0033898305084745766,0.2,0.3333333333333333,0.6,0.3,0.1,0.03,0.1,0.2,0.1,0.006,2.0,1200.0,0.6276801402512303,,,,
kitting_completed,17020.000000000065,AGV_10,TOTE_0082,station_3,KIT_0026_01,,,,,,,,,,,,,,,,,,,,{'PART_01': 70},False,,
dispatch,17020.000000000065,AGV_01,TOTE_0557,station_3,KIT_0026_01,{'PART_06': 30},17280.0,1.2056344503309302,1.193616197455325,0.005276679841897233,0.006741573033707865,0.2,0.40512820512820513,0.6,0.3,0.1,0.03,0.1,0.2,0.1,0.006,2.0,1200.0,0.6228678496857376,,,,
kitting_started,17021.333333333398,AGV_04,TOTE_0067,station_3,KIT_0026_01,,,,,,,,,,,,,,,,,,,,,,,
kitting_started,17025.333333333387,AGV_03,TOTE_0103,station_4,KIT_0027_01,,,,,,,,,,,,,,,,,,,,,,,
kitting_started,17025.333333333394,AGV_09,TOTE_0580,station_1,KIT_0029_01,,,,,,,,,,,,,,,,,,,,,,,
kitting_completed,17036.000000000062,AGV_08,TOTE_0349,station_2,KIT_0028_01,,,,,,,,,,,,,,,,,,,,{'PART_05': 90},False,,
kitting_started,17037.333333333394,AGV_07,TOTE_0328,station_2,KIT_0028_01,,,,,,,,,,,,,,,,,,,,,,,
dispatch,17040.666666666722,AGV_05,TOTE_0983,station_2,KIT_0028_01,{'PART_05': 15},17280.0,1.2163859331123947,1.1943595071573974,0.021193092621664047,0.0008333333333333334,0.2,0.4153846153846154,0.6,0.3,0.1,0.03,0.1,0.2,0.1,0.006,2.0,1200.0,0.6282930983289754,,,,
kitting_completed,17045.333333333394,AGV_09,TOTE_0580,station_1,KIT_0029_01,,,,,,,,,,,,,,,,,,,,{'PART_04': 50},False,,
kitting_started,17046.666666666726,AGV_02,TOTE_0508,station_1,KIT_0029_01,,,,,,,,,,,,,,,,,,,,,,,
dispatch,17052.000000000065,AGV_10,TOTE_0271,station_1,KIT_0029_01,{'PART_04': 400},17280.0,1.2360652378163326,1.1947297659952096,0.02929453262786596,0.012040939193257076,0.2,0.5128205128205128,0.6,0.3,0.1,0.03,0.1,0.2,0.1,0.006,2.0,1200.0,0.6303570914077483,,,,
kitting_completed,17066.666666666726,AGV_02,TOTE_0508,station_1,KIT_0029_01,,,,,,,,,,,,,,,,,,,,{'PART_09': 30},False,,
dispatch,17068.000000000062,AGV_08,TOTE_0289,station_1,KIT_0029_01,{'PART_04': 400},17280.0,1.234667988278868,1.1952115385760118,0.025767195767195765,0.013689253935660506,0.2,0.48717948717948717,0.6,0.3,0.1,0.03,0.1,0.2,0.1,0.006,2.0,1200.0,0.632082844249372,,,,
kitting_completed,17081.333333333398,AGV_04,TOTE_0067,station_3,KIT_0026_01,,,,,,,,,,,,,,,,,,,,{'PART_01': 60},False,,
dispatch,17081.333333333398,AGV_09,TOTE_0169,station_3,KIT_0026_01,{'PART_02': 120},17280.0,1.2294158510029136,1.1955792397357103,0.004920948616600792,0.02891566265060241,0.2,0.49230769230769234,0.6,0.3,0.1,0.03,0.1,0.2,0.1,0.006,2.0,1200.0,0.628418741370979,,,,
kitting_started,17082.66666666673,AGV_01,TOTE_0557,station_3,KIT_0026_01,,,,,,,,,,,,,,,,,,,,,,,
kitting_completed,17085.333333333387,AGV_03,TOTE_0103,station_4,KIT_0027_01,,,,,,,,,,,,,,,,,,,,{'PART_02': 120},False,,
kitting_started,17086.66666666672,AGV_06,TOTE_0845,station_4,KIT_0027_01,,,,,,,,,,,,,,,,,,,,,,,
kitting_completed,17092.66666666673,AGV_01,TOTE_0557,station_3,KIT_0026_01,,,,,,,,,,,,,,,,,,,,{'PART_06': 30},False,,
kitting_started,17095.333333333398,AGV_10,TOTE_0271,station_1,KIT_0029_01,,,,,,,,,,,,,,,,,,,,,,,
kitting_completed,17096.66666666672,AGV_06,TOTE_0845,station_4,KIT_0027_01,,,,,,,,,,,,,,,,,,,,{'PART_02': 20},False,,
dispatch,17100.00000000006,AGV_02,TOTE_0187,station_3,KIT_0026_01,{'PART_02': 120},17280.0,1.2402231189713941,1.1960471291542842,0.0034980237154150196,0.04067796610169492,0.2,0.49230769230769234,0.6,0.3,0.1,0.03,0.1,0.2,0.1,0.006,2.0,1200.0,0.6349031021520672,,,,
kitting_completed,17107.333333333394,AGV_07,TOTE_0328,station_2,KIT_0028_01,,,,,,,,,,,,,,,,,,,,{'PART_05': 80},False,,
kitting_started,17108.666666666726,AGV_05,TOTE_0983,station_2,KIT_0028_01,,,,,,,,,,,,,,,,,,,,,,,
dispatch,17116.000000000065,AGV_04,TOTE_0121,station_4,KIT_0027_01,{'PART_02': 120},17280.0,1.2222112289311895,1.196408597352242,0.00475,0.021052631578947368,0.2,0.4358974358974359,0.6,0.3,0.1,0.03,0.1,0.2,0.1,0.006,2.0,1200.0,0.6297369937689702,,,,
dispatch,17118.66666666672,AGV_03,TOTE_0139,station_4,KIT_0027_01,{'PART_02': 120},17280.0,1.2268822131253605,1.196465546458694,0.00375,0.02666666666666667,0.2,0.4358974358974359,0.6,0.3,0.1,0.03,0.1,0.2,0.1,0.006,2.0,1200.0,0.6325395842854727,,,,
kitting_completed,17118.666666666726,AGV_05,TOTE_0983,station_2,KIT_0028_01,,,,,,,,,,,,,,,,,,,,{'PART_05': 15},False,,
kitting_started,17120.000000000062,AGV_09,TOTE_0169,station_3,KIT_0026_01,,,,,,,,,,,,,,,,,,,,,,,
dispatch,17123.333333333387,AGV_06,TOTE_0935,station_2,KIT_0028_01,{'PART_05': 15},17280.0,1.2184198647914453,1.196563045140508,0.021016483516483515,0.0008403361344537816,0.2,0.4666666666666667,0.6,0.3,0.1,0.03,0.1,0.2,0.1,0.006,2.0,1200.0,0.6243852522082005,,,,
dispatch,17124.000000000062,AGV_01,TOTE_0953,station_2,KIT_0028_01,{'PART_05': 15},17280.0,1.2182640844677122,1.1965767524292905,0.02083987441130298,0.0008474576271186442,0.2,0.4666666666666667,0.6,0.3,0.1,0.03,0.1,0.2,0.1,0.006,2.0,1200.0,0.6242917840139606,,,,
kitting_completed,17135.333333333398,AGV_10,TOTE_0271,station_1,KIT_0029_01,,,,,,,,,,,,,,,,,,,,{'PART_04': 400},False,,
kitting_started,17136.66666666673,AGV_08,TOTE_0289,station_1,KIT_0029_01,,,,,,,,,,,,,,,,,,,,,,,
dispatch,17142.000000000062,AGV_07,TOTE_0307,station_1,KIT_0029_01,{'PART_04': 400},17280.0,1.235027185953627,1.1969268988155393,0.02223985890652557,0.01586042823156225,0.2,0.46153846153846156,0.6,0.3,0.1,0.03,0.1,0.2,0.1,0.006,2.0,1200.0,0.6348624654183299,,,,
kitting_started,17149.333333333398,AGV_04,TOTE_0121,station_4,KIT_0027_01,,,,,,,,,,,,,,,,,,,,,,,
kitting_started,17158.66666666672,AGV_06,TOTE_0935,station_2,KIT_0028_01,,,,,,,,,,,,,,,,,,,,,,,
kitting_completed,17168.66666666672,AGV_06,TOTE_0935,station_2,KIT_0028_01,,,,,,,,,,,,,,,,,,,,{'PART_05': 15},False,,
dispatch,17168.66666666672,AGV_05,TOTE_0367,station_2,KIT_0028_01,{'PART_05': 90},17280.0,1.223172415257106,1.1973809448227783,0.020663265306122447,0.005128205128205128,0.2,0.49230769230769234,0.6,0.3,0.1,0.03,0.1,0.2,0.1,0.006,2.0,1200.0,0.6246726799234943,,,,
kitting_started,17170.00000000005,AGV_01,TOTE_0953,station_2,KIT_0028_01,,,,,,,,,,,,,,,,,,,,,,,
kitting_completed,17176.66666666673,AGV_08,TOTE_0289,station_1,KIT_0029_01,,,,,,,,,,,,,,,,,,,,{'PART_04': 400},False,,
dispatch,17176.66666666673,AGV_10,TOTE_0253,station_1,KIT_0029_01,{'PART_04': 300},17280.0,1.2303537328602956,1.197503604782395,0.018712522045855377,0.014137606032045242,0.2,0.4358974358974359,0.6,0.3,0.1,0.03,0.1,0.2,0.1,0.006,2.0,1200.0,0.6346224961264338,,,,
kitting_started,17178.666666666726,AGV_07,TOTE_0307,station_1,KIT_0029_01,,,,,,,,,,,,,,,,,,,,,,,
kitting_completed,17180.00000000005,AGV_01,TOTE_0953,station_2,KIT_0028_01,,,,,,,,,,,,,,,,,,,,{'PART_05': 15},False,,
kitting_completed,17180.000000000062,AGV_09,TOTE_0169,station_3,KIT_0026_01,,,,,,,,,,,,,,,,,,,,{'PART_02': 120},False,,
kitting_started,17181.333333333394,AGV_02,TOTE_0187,station_3,KIT_0026_01,,,,,,,,,,,,,,,,,,,,,,,
dispatch,17204.00000000005,AGV_06,TOTE_0157,station_3,KIT_0026_01,{'PART_02': 120},17280.0,1.2685275093145736,1.1978809819289158,0.0020750988142292505,0.06857142857142857,0.2,0.5333333333333333,0.6,0.3,0.1,0.03,0.1,0.2,0.1,0.006,2.0,1200.0,0.6477831722554107,,,,
kitting_completed,17209.333333333398,AGV_04,TOTE_0121,station_4,KIT_0027_01,,,,,,,,,,,,,,,,,,,,{'PART_02': 120},False,,
dispatch,17210.000000000062,AGV_08,TOTE_0199,station_2,KIT_0028_01,{'PART_03': 200},17280.0,1.2295714898786565,1.1979558671916053,0.019603610675039244,0.012012012012012012,0.2,0.5076923076923077,0.6,0.3,0.1,0.03,0.1,0.2,0.1,0.006,2.0,1200.0,0.6269736631579631,,,,
kitting_started,17210.66666666672,AGV_05,TOTE_0367,station_2,KIT_0028_01,,,,,,,,,,,,,,,,,,,,,,,
kitting_started,17210.66666666673,AGV_03,TOTE_0139,station_4,KIT_0027_01,,,,,,,,,,,,,,,,,,,,,,,
dispatch,17215.333333333383,AGV_01,TOTE_0863,station_4,KIT_0027_01,{'PART_02': 20},17280.0,1.206830814537931,1.1980202084773248,0.0027500000000000003,0.0060606060606060615,0.2,0.3333333333333333,0.6,0.3,0.1,0.03,0.1,0.2,0.1,0.006,2.0,1200.0,0.6307651553894252,,,,
kitting_completed,17218.666666666726,AGV_07,TOTE_0307,station_1,KIT_0029_01,,,,,,,,,,,,,,,,,,,,{'PART_04': 400},False,,
dispatch,17218.666666666726,AGV_09,TOTE_0505,station_1,KIT_0029_01,{'PART_09': 200},17280.0,1.225103357629265,1.1980593898205698,0.016067019400352732,0.010976948408342482,0.2,0.48717948717948717,0.6,0.3,0.1,0.03,0.1,0.2,0.1,0.006,2.0,1200.0,0.6263440658596102,,,,
kitting_started,17220.00000000006,AGV_10,TOTE_0253,station_1,KIT_0029_01,,,,,,,,,,,,,,,,,,,,,,,
kitting_completed,17241.333333333394,AGV_02,TOTE_0187,station_3,KIT_0026_01,,,,,,,,,,,,,,,,,,,,{'PART_02': 120},False,,
dispatch,17242.66666666673,AGV_04,TOTE_0694,station_3,KIT_0026_01,{'PART_02': 20},17280.0,1.2353353380875807,1.198319527810901,0.0006521739130434778,0.03636363636363637,0.2,0.441025641025641,0.6,0.3,0.1,0.03,0.1,0.2,0.1,0.006,2.0,1200.0,0.6370986387499844,,,,
kitting_started,17248.666666666715,AGV_06,TOTE_0157,station_3,KIT_0026_01,,,,,,,,,,,,,,,,,,,,,,,
kitting_completed,17250.00000000006,AGV_10,TOTE_0253,station_1,KIT_0029_01,,,,,,,,,,,,,,,,,,,,{'PART_04': 300},False,,
dispatch,17252.00000000006,AGV_07,TOTE_0109,station_1,KIT_0029_01,{'PART_02': 120},17280.0,1.2201126320521387,1.1984110073459928,0.014303350970017635,0.007398273736128238,0.2,0.4358974358974359,0.6,0.3,0.1,0.03,0.1,0.2,0.1,0.006,2.0,1200.0,0.6284778356415396,,,,
kitting_started,17258.666666666726,AGV_09,TOTE_0505,station_1,KIT_0029_01,,,,,,,,,,,,,,,,,,,,,,,
kitting_completed,17270.66666666672,AGV_05,TOTE_0367,station_2,KIT_0028_01,,,,,,,,,,,,,,,,,,,,{'PART_05': 90},False,,
kitting_completed,17270.66666666673,AGV_03,TOTE_0139,station_4,KIT_0027_01,,,,,,,,,,,,,,,,,,,,{'PART_02': 120},False,,
kitting_started,17272.00000000005,AGV_08,TOTE_0199,station_2,KIT_0028_01,,,,,,,,,,,,,,,,,,,,,,,
kitting_started,17272.000000000062,AGV_01,TOTE_0863,station_4,KIT_0027_01,,,,,,,,,,,,,,,,,,,,,,,
dispatch,17276.666666666726,AGV_02,TOTE_0493,station_2,KIT_0028_01,{'PART_08': 72},17280.0,1.220793018382124,1.1986295200082404,0.017248822605965462,0.004914675767918089,0.2,0.4153846153846154,0.6,0.3,0.1,0.03,0.1,0.2,0.1,0.006,2.0,1200.0,0.6309373494908128,,,,
kitting_completed,17282.000000000062,AGV_01,TOTE_0863,station_4,KIT_0027_01,,,,,,,,,,,,,,,,,,,,{'PART_02': 20},False,,
dispatch,17283.33333333339,AGV_10,TOTE_0085,station_4,KIT_0027_01,{'PART_01': 70},17280.0,1.2238472161219414,1.1986832376273178,0.002583333333333334,0.022580645161290325,0.2,0.5384615384615384,0.6,0.3,0.1,0.03,0.1,0.2,0.1,0.006,2.0,1200.0,0.620462175827011,,,,
dispatch,17302.66666666672,AGV_05,TOTE_0016,station_4,KIT_0027_01,{'PART_01': 70},17280.0,1.22999407539162,1.1988274087249535,0.0019999999999999996,0.02916666666666667,0.2,0.5128205128205128,0.6,0.3,0.1,0.03,0.1,0.2,0.1,0.006,2.0,1200.0,0.6267143939529207,,,,
kitting_completed,17308.666666666715,AGV_06,TOTE_0157,station_3,KIT_0026_01,,,,,,,,,,,,,,,,,,,,{'PART_02': 120},False,,
dispatch,17308.666666666715,AGV_03,TOTE_0553,station_3,KIT_0026_01,{'PART_06': 20},17280.0,1.2564267350778995,1.1988688581721965,0.0004150197628458507,0.05714285714285714,0.5333333333333334,0.4564102564102564,0.6,0.3,0.1,0.03,0.1,0.2,0.1,0.006,2.0,1200.0,0.5482150154057139,,,,
kitting_completed,17308.666666666726,AGV_09,TOTE_0505,station_1,KIT_0029_01,,,,,,,,,,,,,,,,,,,,{'PART_09': 200},False,,
dispatch,17308.66666666673,AGV_01,TOTE_0971,station_1,KIT_0029_01,{'PART_05': 15},17280.0,1.2131126765260902,1.1988688581721965,0.013245149911816577,0.0009986684420772304,0.2,0.5384615384615384,0.6,0.3,0.1,0.03,0.1,0.2,0.1,0.006,2.0,1200.0,0.6140214520695002,,,,
kitting_started,17310.000000000047,AGV_04,TOTE_0694,station_3,KIT_0026_01,,,,,,,,,,,,,,,,,,,,,,,
kitting_started,17310.00000000006,AGV_07,TOTE_0109,station_1,KIT_0029_01,,,,,,,,,,,,,,,,,,,,,,,
kitting_completed,17312.00000000005,AGV_08,TOTE_0199,station_2,KIT_0028_01,,,,,,,,,,,,,,,,,,,,{'PART_03': 200},False,,
kitting_started,17313.333333333383,AGV_02,TOTE_0493,station_2,KIT_0028_01,,,,,,,,,,,,,,,,,,,,,,,
kitting_completed,17320.000000000047,AGV_04,TOTE_0694,station_3,KIT_0026_01,,,,,,,,,,,,,,,,,,,,{'PART_02': 20},False,,
kitting_started,17330.000000000055,AGV_10,TOTE_0085,station_4,KIT_0027_01,,,,,,,,,,,,,,,,,,,,,,,
dispatch,17342.00000000006,AGV_09,TOTE_0487,station_2,KIT_0028_01,{'PART_08': 36},17280.0,1.2180592958435643,1.1990738466194215,0.016401098901098903,0.0025843503230437905,0.0,0.5076923076923077,0.6,0.3,0.1,0.03,0.1,0.2,0.1,0.006,2.0,1200.0,0.6800663467369078,,,,
kitting_started,17343.33333333338,AGV_03,TOTE_0553,station_3,KIT_0026_01,,,,,,,,,,,,,,,,,,,,,,,
dispatch,17343.333333333383,AGV_06,TOTE_0712,station_3,KIT_0026_01,{'PART_02': 15},17280.0,1.2992590900167091,1.1990812244040607,0.0001778656126482203,0.1,0.6000000000000001,0.441025641025641,0.6,0.3,0.1,0.03,0.1,0.2,0.1,0.006,2.0,1200.0,0.5554528899074613,,,,
kitting_completed,17363.33333333338,AGV_03,TOTE_0553,station_3,KIT_0026_01,,,,,,,,,,,,,,,,,,,,{'PART_06': 20},False,,
kitting_completed,17370.00000000006,AGV_07,TOTE_0109,station_1,KIT_0029_01,,,,,,,,,,,,,,,,,,,,{'PART_02': 120},False,,
dispatch,17370.00000000006,AGV_04,TOTE_0127,station_1,KIT_0029_01,{'PART_02': 120},17280.0,1.220399855778402,1.1992170415234065,0.013112874779541445,0.008069939475453935,0.2,0.4358974358974359,0.6,0.3,0.1,0.03,0.1,0.2,0.1,0.006,2.0,1200.0,0.6286501698772976,,,,
kitting_started,17371.33333333339,AGV_01,TOTE_0971,station_1,KIT_0029_01,,,,,,,,,,,,,,,,,,,,,,,
kitting_completed,17373.333333333383,AGV_02,TOTE_0493,station_2,KIT_0028_01,,,,,,,,,,,,,,,,,,,,{'PART_08': 72},False,,
dispatch,17373.333333333383,AGV_08,TOTE_0217,station_2,KIT_0028_01,{'PART_03': 200},17280.0,1.2299481723972323,1.1992325418334597,0.015977237048665622,0.014738393515106855,0.2,0.5076923076923077,0.6,0.3,0.1,0.03,0.1,0.2,0.1,0.006,2.0,1200.0,0.6271996726691086,,,,
kitting_started,17378.666666666715,AGV_06,TOTE_0712,station_3,KIT_0026_01,,,,,,,,,,,,,,,,,,,,,,,
kitting_started,17380.00000000006,AGV_09,TOTE_0487,station_2,KIT_0028_01,,,,,,,,,,,,,,,,,,,,,,,
kitting_completed,17381.33333333339,AGV_01,TOTE_0971,station_1,KIT_0029_01,,,,,,,,,,,,,,,,,,,,{'PART_05': 15},False,,
dispatch,17398.000000000047,AGV_03,TOTE_0148,station_1,KIT_0029_01,{'PART_02': 120},17280.0,1.2201711212443522,1.1993381007783155,0.012054673721340387,0.008778346744696415,0.2,0.5128205128205128,0.6,0.3,0.1,0.03,0.1,0.2,0.1,0.006,2.0,1200.0,0.62082062146456,,,,
kitting_completed,17398.666666666715,AGV_06,TOTE_0712,station_3,KIT_0026_01,,,,,,,,,,,,,,,,,,,,{'PART_02': 15},True,,
kitting_completed,17400.000000000055,AGV_10,TOTE_0085,station_4,KIT_0027_01,,,,,,,,,,,,,,,,,,,,{'PART_01': 70},False,,
kitting_started,17401.333333333387,AGV_05,TOTE_0016,station_4,KIT_0027_01,,,,,,,,,,,,,,,,,,,,,,,
dispatch,17403.33333333339,AGV_07,TOTE_0034,station_4,KIT_0027_01,{'PART_01': 30},17280.0,1.2184226680239933,1.1993589425337974,0.0014166666666666683,0.017647058823529415,0.0,0.5641025641025641,0.6,0.3,0.1,0.03,0.1,0.2,0.1,0.006,2.0,1200.0,0.6746433444041395,,,,
kitting_completed,17410.00000000006,AGV_09,TOTE_0487,station_2,KIT_0028_01,,,,,,,,,,,,,,,,,,,,{'PART_08': 36},False,,
dispatch,17410.00000000006,AGV_02,TOTE_0007,station_2,KIT_0028_01,{'PART_01': 70},17280.0,1.2190566530797404,1.1993840744545134,0.013622448979591837,0.0060501296456352644,0.2,0.4153846153846154,0.6,0.3,0.1,0.03,0.1,0.2,0.1,0.006,2.0,1200.0,0.6298955303093827,,,,
kitting_started,17411.33333333339,AGV_08,TOTE_0217,station_2,KIT_0028_01,,,,,,,,,,,,,,,,,,,,,,,
kitting_started,17413.33333333339,AGV_04,TOTE_0127,station_1,KIT_0029_01,,,,,,,,,,,,,,,,,,,,,,,
kitting_completed,17451.33333333339,AGV_08,TOTE_0217,station_2,KIT_0028_01,,,,,,,,,,,,,,,,,,,,{'PART_03': 200},False,,
dispatch,17451.33333333339,AGV_10,TOTE_0235,station_2,KIT_0028_01,{'PART_03': 200},17280.0,1.2307168754931563,1.1995193383083016,0.012798273155416012,0.01839926402943882,0.2,0.5076923076923077,0.6,0.3,0.1,0.03,0.1,0.2,0.1,0.006,2.0,1200.0,0.627660894526663,,,,
kitting_started,17452.666666666722,AGV_02,TOTE_0007,station_2,KIT_0028_01,,,,,,,,,,,,,,,,,,,,,,,
kit_replacement,17458.666666666715,,,station_3,,,,,,,,,,,,,,,,,,,,,,,KIT_0026_01,KIT_0029_02
dispatch,17458.666666666715,AGV_06,TOTE_0712,station_3,KIT_0029_02,{'PART_02': 5},17280.0,1.229689369138865,1.1995400262475866,0.03,0.00014934289127837517,-0.4000000000000001,0.4153846153846154,0.6,0.3,0.1,0.03,0.1,0.2,0.1,0.006,2.0,1200.0,0.8162751599448574,,,,
dispatch,17458.666666666715,AGV_09,TOTE_0514,station_3,KIT_0029_02,{'PART_09': 200},17280.0,1.2354778736942922,1.1995400262475866,0.029955197132616487,0.005982650314089142,0.2,0.49230769230769234,0.6,0.3,0.1,0.03,0.1,0.2,0.1,0.006,2.0,1200.0,0.632055954985806,,,,
kitting_completed,17471.333333333387,AGV_05,TOTE_0016,station_4,KIT_0027_01,,,,,,,,,,,,,,,,,,,,{'PART_01': 70},False,,
dispatch,17471.333333333387,AGV_01,TOTE_0467,station_4,KIT_0027_01,{'PART_07': 5},17280.0,1.2043117801224277,1.1995736848843324,0.001166666666666666,0.0035714285714285713,0.2,0.3333333333333333,0.6,0.3,0.1,0.03,0.1,0.2,0.1,0.006,2.0,1200.0,0.6292537347401234,,,,
kitting_started,17472.66666666672,AGV_07,TOTE_0034,station_4,KIT_0027_01,,,,,,,,,,,,,,,,,,,,,,,
kitting_completed,17473.33333333339,AGV_04,TOTE_0127,station_1,KIT_0029_01,,,,,,,,,,,,,,,,,,,,{'PART_02': 120},False,,
kitting_started,17474.666666666722,AGV_03,TOTE_0148,station_1,KIT_0029_01,,,,,,,,,,,,,,,,,,,,,,,
dispatch,17489.33333333339,AGV_08,TOTE_0559,station_1,KIT_0029_01,{'PART_04': 100},17280.0,1.2186330420011537,1.1996173231471563,0.010996472663139328,0.00801924619085806,0.2,0.4358974358974359,0.6,0.3,0.1,0.03,0.1,0.2,0.1,0.006,2.0,1200.0,0.6275900816109486,,,,
kitting_started,17490.666666666715,AGV_06,TOTE_0712,station_3,KIT_0029_02,,,,,,,,,,,,,,,,,,,,,,,
kitting_completed,17502.66666666672,AGV_07,TOTE_0034,station_4,KIT_0027_01,,,,,,,,,,,,,,,,,,,,{'PART_01': 30},False,,
kitting_started,17504.00000000005,AGV_01,TOTE_0467,station_4,KIT_0027_01,,,,,,,,,,,,,,,,,,,,,,,
dispatch,17504.66666666672,AGV_05,TOTE_0664,station_4,KIT_0027_01,{'PART_02': 20},17280.0,1.2155907700248851,1.1996509552100703,0.0011249999999999993,0.014814814814814815,0.2,0.4358974358974359,0.6,0.3,0.1,0.03,0.1,0.2,0.1,0.006,2.0,1200.0,0.6257647184251874,,,,
kitting_completed,17510.666666666715,AGV_06,TOTE_0712,station_3,KIT_0029_02,,,,,,,,,,,,,,,,,,,,{'PART_02': 5},False,,
dispatch,17510.666666666715,AGV_04,TOTE_0766,station_3,KIT_0029_02,{'PART_04': 100},17280.0,1.231008052174408,1.1996632961768392,0.028163082437275985,0.003181673560292714,0.2,0.49230769230769234,0.6,0.3,0.1,0.03,0.1,0.2,0.1,0.006,2.0,1200.0,0.6293740620738757,,,,
kitting_started,17512.000000000047,AGV_09,TOTE_0514,station_3,KIT_0029_02,,,,,,,,,,,,,,,,,,,,,,,
kitting_completed,17514.00000000005,AGV_01,TOTE_0467,station_4,KIT_0027_01,,,,,,,,,,,,,,,,,,,,{'PART_07': 5},False,,
kitting_completed,17522.666666666722,AGV_02,TOTE_0007,station_2,KIT_0028_01,,,,,,,,,,,,,,,,,,,,{'PART_01': 70},False,,
kitting_started,17524.000000000055,AGV_10,TOTE_0235,station_2,KIT_0028_01,,,,,,,,,,,,,,,,,,,,,,,
kitting_completed,17534.666666666722,AGV_03,TOTE_0148,station_1,KIT_0029_01,,,,,,,,,,,,,,,,,,,,{'PART_02': 120},False,,
dispatch,17536.00000000005,AGV_07,TOTE_0844,station_4,KIT_0027_01,{'PART_02': 20},17280.0,1.2180604092277836,1.1997107715466242,0.0009583333333333332,0.017391304347826087,0.2,0.4358974358974359,0.6,0.3,0.1,0.03,0.1,0.2,0.1,0.006,2.0,1200.0,0.6272465019469265,,,,
kitting_started,17536.000000000055,AGV_08,TOTE_0559,station_1,KIT_0029_01,,,,,,,,,,,,,,,,,,,,,,,
kitting_started,17538.00000000005,AGV_05,TOTE_0664,station_4,KIT_0027_01,,,,,,,,,,,,,,,,,,,,,,,
dispatch,17540.66666666672,AGV_01,TOTE_0247,station_2,KIT_0028_01,{'PART_03': 200},17280.0,1.232710156396862,1.1997187569925942,0.010443485086342229,0.02254791431792559,0.2,0.5948717948717949,0.6,0.3,0.1,0.03,0.1,0.2,0.1,0.006,2.0,1200.0,0.6201389143509378,,,,
dispatch,17542.666666666715,AGV_06,TOTE_0616,station_1,KIT_0029_01,{'PART_04': 100},17280.0,1.2185551457440866,1.1997221114809449,0.010114638447971782,0.00871839581517001,0.2,0.48717948717948717,0.6,0.3,0.1,0.03,0.1,0.2,0.1,0.006,2.0,1200.0,0.6224151387285033,,,,
kitting_completed,17546.000000000055,AGV_08,TOTE_0559,station_1,KIT_0029_01,,,,,,,,,,,,,,,,,,,,{'PART_04': 100},False,,
kitting_completed,17548.00000000005,AGV_05,TOTE_0664,station_4,KIT_0027_01,,,,,,,,,,,,,,,,,,,,{'PART_02': 20},False,,
dispatch,17554.666666666722,AGV_02,TOTE_0634,station_1,KIT_0029_01,{'PART_04': 100},17280.0,1.2185253173696993,1.1997414147605818,0.009232804232804231,0.009551098376313277,0.2,0.46153846153846156,0.6,0.3,0.1,0.03,0.1,0.2,0.1,0.006,2.0,1200.0,0.6249613442679733,,,,
kitting_completed,17562.000000000047,AGV_09,TOTE_0514,station_3,KIT_0029_02,,,,,,,,,,,,,,,,,,,,{'PART_09': 200},False,,
kitting_started,17563.33333333338,AGV_04,TOTE_0766,station_3,KIT_0029_02,,,,,,,,,,,,,,,,,,,,,,,
kitting_completed,17564.000000000055,AGV_10,TOTE_0235,station_2,KIT_0028_01,,,,,,,,,,,,,,,,,,,,{'PART_03': 200},False,,
dispatch,17568.000000000055,AGV_03,TOTE_0334,station_3,KIT_0029_02,{'PART_05': 90},17280.0,1.2299859271337874,1.1997612944201266,0.027267025089605733,0.002957607624055209,0.2,0.4666666666666667,0.6,0.3,0.1,0.03,0.1,0.2,0.1,0.006,2.0,1200.0,0.6313248896136059,,,,
kitting_started,17569.333333333383,AGV_07,TOTE_0844,station_4,KIT_0027_01,,,,,,,,,,,,,,,,,,,,,,,
kitting_completed,17573.33333333338,AGV_04,TOTE_0766,station_3,KIT_0029_02,,,,,,,,,,,,,,,,,,,,{'PART_04': 100},False,,
kitting_completed,17579.333333333383,AGV_07,TOTE_0844,station_4,KIT_0027_01,,,,,,,,,,,,,,,,,,,,{'PART_02': 20},False,,
dispatch,17579.333333333387,AGV_08,TOTE_0352,station_3,KIT_0029_02,{'PART_05': 90},17280.0,1.2292853073691892,1.199776985839659,0.02646057347670251,0.003047748052827633,0.2,0.49230769230769234,0.6,0.3,0.1,0.03,0.1,0.2,0.1,0.006,2.0,1200.0,0.6283404151907444,,,,
dispatch,17581.333333333383,AGV_05,TOTE_0196,station_2,KIT_0028_01,{'PART_03': 200},17280.0,1.236980424384848,1.1997796458537513,0.008088697017268444,0.02911208151382824,0.2,0.5692307692307692,0.6,0.3,0.1,0.03,0.1,0.2,0.1,0.006,2.0,1200.0,0.6252651777078319,,,,
kitting_started,17582.666666666715,AGV_06,TOTE_0616,station_1,KIT_0029_01,,,,,,,,,,,,,,,,,,,,,,,
kitting_started,17589.333333333383,AGV_01,TOTE_0247,station_2,KIT_0028_01,,,,,,,,,,,,,,,,,,,,,,,
kitting_completed,17592.666666666715,AGV_06,TOTE_0616,station_1,KIT_0029_01,,,,,,,,,,,,,,,,,,,,{'PART_04': 100},False,,
kitting_started,17594.000000000047,AGV_02,TOTE_0634,station_1,KIT_0029_01,,,,,,,,,,,,,,,,,,,,,,,
dispatch,17594.000000000047,AGV_09,TOTE_0346,station_1,KIT_0029_01,{'PART_05': 90},17280.0,1.2176504371904837,1.1997957712911151,0.008350970017636683,0.009503695881731784,0.2,0.48717948717948717,0.6,0.3,0.1,0.03,0.1,0.2,0.1,0.006,2.0,1200.0,0.6218723135963415,,,,
dispatch,17602.000000000055,AGV_10,TOTE_0805,station_4,KIT_0027_01,{'PART_07': 5},17280.0,1.2058601667610744,1.1998053421996708,0.0007916666666666672,0.005263157894736842,0.2,0.5384615384615384,0.6,0.3,0.1,0.03,0.1,0.2,0.1,0.006,2.0,1200.0,0.6096699462104909,,,,
kitting_completed,17604.000000000047,AGV_02,TOTE_0634,station_1,KIT_0029_01,,,,,,,,,,,,,,,,,,,,{'PART_04': 100},False,,
dispatch,17605.33333333338,AGV_04,TOTE_0364,station_1,KIT_0029_01,{'PART_05': 90},17280.0,1.2178682659937565,1.1998091964780553,0.007557319223985892,0.010501750291715286,0.2,0.48717948717948717,0.6,0.3,0.1,0.03,0.1,0.2,0.1,0.006,2.0,1200.0,0.6220030108783052,,,,
kitting_started,17606.666666666722,AGV_03,TOTE_0334,station_3,KIT_0029_02,,,,,,,,,,,,,,,,,,,,,,,
dispatch,17612.666666666715,AGV_07,TOTE_0484,station_4,KIT_0027_01,{'PART_07': 5},17280.0,1.2061229649535106,1.199817409397955,0.0007500000000000007,0.005555555555555556,0.2,0.4358974358974359,0.6,0.3,0.1,0.03,0.1,0.2,0.1,0.006,2.0,1200.0,0.6200840353823628,,,,
kitting_completed,17629.333333333383,AGV_01,TOTE_0247,station_2,KIT_0028_01,,,,,,,,,,,,,,,,,,,,{'PART_03': 200},False,,
dispatch,17629.333333333383,AGV_06,TOTE_0025,station_2,KIT_0028_01,{'PART_01': 70},17280.0,1.219942409974218,1.1998347843935797,0.005733908948194663,0.014373716632443531,0.2,0.441025641025641,0.6,0.3,0.1,0.03,0.1,0.2,0.1,0.006,2.0,1200.0,0.6278628818819667,,,,
kitting_started,17630.666666666715,AGV_05,TOTE_0196,station_2,KIT_0028_01,,,,,,,,,,,,,,,,,,,,,,,
kitting_started,17634.000000000047,AGV_09,TOTE_0346,station_1,KIT_0029_01,,,,,,,,,,,,,,,,,,,,,,,
kitting_started,17646.000000000047,AGV_07,TOTE_0484,station_4,KIT_0027_01,,,,,,,,,,,,,,,,,,,,,,,
kitting_completed,17656.000000000047,AGV_07,TOTE_0484,station_4,KIT_0027_01,,,,,,,,,,,,,,,,,,,,{'PART_07': 5},False,,
dispatch,17656.000000000047,AGV_02,TOTE_0823,station_4,KIT_0027_01,{'PART_07': 5},17280.0,1.2064498978662437,1.199859211591734,0.0007083333333333341,0.0058823529411764705,0.2,0.5128205128205128,0.6,0.3,0.1,0.03,0.1,0.2,0.1,0.006,2.0,1200.0,0.6125878874376949,,,,
kitting_started,17657.33333333338,AGV_10,TOTE_0805,station_4,KIT_0027_01,,,,,,,,,,,,,,,,,,,,,,,
kitting_completed,17666.666666666722,AGV_03,TOTE_0334,station_3,KIT_0029_02,,,,,,,,,,,,,,,,,,,,{'PART_05': 90},False,,
kitting_completed,17667.33333333338,AGV_10,TOTE_0805,station_4,KIT_0027_01,,,,,,,,,,,,,,,,,,,,{'PART_07': 5},False,,
dispatch,17668.00000000005,AGV_01,TOTE_0499,station_3,KIT_0029_02,{'PART_09': 200},17280.0,1.2325087929015042,1.1998689916803873,0.025654121863799284,0.0069856793573175,0.2,0.4564102564102564,0.6,0.3,0.1,0.03,0.1,0.2,0.1,0.006,2.0,1200.0,0.6338642500998769,,,,
kitting_started,17668.000000000055,AGV_08,TOTE_0352,station_3,KIT_0029_02,,,,,,,,,,,,,,,,,,,,,,,
kitting_completed,17670.666666666715,AGV_05,TOTE_0196,station_2,KIT_0028_01,,,,,,,,,,,,,,,,,,,,{'PART_03': 200},False,,
kitting_started,17672.000000000047,AGV_06,TOTE_0025,station_2,KIT_0028_01,,,,,,,,,,,,,,,,,,,,,,,
dispatch,17689.33333333338,AGV_07,TOTE_0229,station_2,KIT_0028_01,{'PART_03': 150},17280.0,1.2407656875288733,1.1998847313832717,0.004909733124018838,0.03597122302158273,0.2,0.5435897435897435,0.6,0.3,0.1,0.03,0.1,0.2,0.1,0.006,2.0,1200.0,0.6301004381583497,,,,
kitting_completed,17694.000000000047,AGV_09,TOTE_0346,station_1,KIT_0029_01,,,,,,,,,,,,,,,,,,,,{'PART_05': 90},False,,
kitting_started,17695.33333333338,AGV_04,TOTE_0364,station_1,KIT_0029_01,,,,,,,,,,,,,,,,,,,,,,,
dispatch,17698.666666666722,AGV_03,TOTE_0382,station_1,KIT_0029_01,{'PART_05': 90},17280.0,1.2183887059351906,1.199891008821674,0.006763668430335097,0.011734028683181227,0.2,0.48717948717948717,0.6,0.3,0.1,0.03,0.1,0.2,0.1,0.006,2.0,1200.0,0.6223152748431655,,,,
kitting_started,17699.33333333338,AGV_02,TOTE_0823,station_4,KIT_0027_01,,,,,,,,,,,,,,,,,,,,,,,
dispatch,17700.66666666671,AGV_10,TOTE_0592,station_4,KIT_0027_01,{'PART_07': 5},17280.0,1.2068089755275182,1.1998923088608515,0.0006666666666666676,0.00625,0.2,0.46153846153846156,0.6,0.3,0.1,0.03,0.1,0.2,0.1,0.006,2.0,1200.0,0.6179315391626647,,,,
kitting_completed,17709.33333333338,AGV_02,TOTE_0823,station_4,KIT_0027_01,,,,,,,,,,,,,,,,,,,,{'PART_07': 5},False,,
dispatch,17712.666666666715,AGV_05,TOTE_0808,station_4,KIT_0027_01,{'PART_07': 5},17280.0,1.2071914565262238,1.1998997898595571,0.0006250000000000011,0.006666666666666667,0.2,0.4358974358974359,0.6,0.3,0.1,0.03,0.1,0.2,0.1,0.006,2.0,1200.0,0.6207251303259907,,,,
kitting_completed,17728.000000000055,AGV_08,TOTE_0352,station_3,KIT_0029_02,,,,,,,,,,,,,,,,,,,,{'PART_05': 90},False,,
dispatch,17728.000000000055,AGV_09,TOTE_0370,station_3,KIT_0029_02,{'PART_05': 90},17280.0,1.2271502517743276,1.1999085975912236,0.023862007168458783,0.0033796470146451375,0.2,0.4666666666666667,0.6,0.3,0.1,0.03,0.1,0.2,0.1,0.006,2.0,1200.0,0.6296234843979298,,,,
kitting_started,17729.333333333387,AGV_01,TOTE_0499,station_3,KIT_0029_02,,,,,,,,,,,,,,,,,,,,,,,
kitting_started,17737.333333333376,AGV_10,TOTE_0592,station_4,KIT_0027_01,,,,,,,,,,,,,,,,,,,,,,,
kitting_completed,17742.000000000047,AGV_06,TOTE_0025,station_2,KIT_0028_01,,,,,,,,,,,,,,,,,,,,{'PART_01': 70},False,,
dispatch,17742.66666666671,AGV_02,TOTE_0043,station_2,KIT_0028_01,{'PART_01': 70},17280.0,1.2292771676076053,1.1999162970709722,0.0031436420722135002,0.026217228464419474,0.2,0.4666666666666667,0.6,0.3,0.1,0.03,0.1,0.2,0.1,0.006,2.0,1200.0,0.6308996338978965,,,,
kitting_started,17743.33333333338,AGV_07,TOTE_0229,station_2,KIT_0028_01,,,,,,,,,,,,,,,,,,,,,,,
kitting_completed,17747.333333333376,AGV_10,TOTE_0592,station_4,KIT_0027_01,,,,,,,,,,,,,,,,,,,,{'PART_07': 5},False,,
kitting_started,17748.666666666708,AGV_05,TOTE_0808,station_4,KIT_0027_01,,,,,,,,,,,,,,,,,,,,,,,
kitting_completed,17755.33333333338,AGV_04,TOTE_0364,station_1,KIT_0029_01,,,,,,,,,,,,,,,,,,,,{'PART_05': 90},False,,
kitting_started,17756.66666666671,AGV_03,TOTE_0382,station_1,KIT_0029_01,,,,,,,,,,,,,,,,,,,,,,,
kitting_completed,17758.666666666708,AGV_05,TOTE_0808,station_4,KIT_0027_01,,,,,,,,,,,,,,,,,,,,{'PART_07': 5},False,,
dispatch,17760.000000000055,AGV_08,TOTE_0400,station_1,KIT_0029_01,{'PART_05': 90},17280.0,1.2191885261363393,1.1999245646296401,0.0059700176366843044,0.013293943870014771,0.2,0.48717948717948717,0.6,0.3,0.1,0.03,0.1,0.2,0.1,0.006,2.0,1200.0,0.6227951669638547,,,,
kitting_completed,17773.33333333338,AGV_07,TOTE_0229,station_2,KIT_0028_01,,,,,,,,,,,,,,,,,,,,{'PART_03': 150},False,,
dispatch,17774.000000000047,AGV_06,TOTE_0061,station_2,KIT_0028_01,{'PART_01': 70},17280.0,1.2377831034174729,1.1999306422455773,0.002319466248037676,0.03553299492385787,0.2,0.4153846153846154,0.6,0.3,0.1,0.03,0.1,0.2,0.1,0.006,2.0,1200.0,0.6411314005120221,,,,
kitting_completed,17779.333333333387,AGV_01,TOTE_0499,station_3,KIT_0029_02,,,,,,,,,,,,,,,,,,,,{'PART_09': 200},False,,
dispatch,17780.666666666708,AGV_10,TOTE_0517,station_3,KIT_0029_02,{'PART_09': 200},17280.0,1.2307619449014884,1.1999333617516847,0.023055555555555555,0.00777302759424796,0.2,0.48205128205128206,0.6,0.3,0.1,0.03,0.1,0.2,0.1,0.006,2.0,1200.0,0.6302520387357647,,,,
kitting_started,17780.66666666672,AGV_09,TOTE_0370,station_3,KIT_0029_02,,,,,,,,,,,,,,,,,,,,,,,
kitting_started,17781.33333333338,AGV_02,TOTE_0043,station_2,KIT_0028_01,,,,,,,,,,,,,,,,,,,,,,,
dispatch,17788.66666666671,AGV_04,TOTE_0797,station_4,KIT_0027_01,{'PART_07': 5},17280.0,1.2076626752551067,1.1999364847789162,0.0005833333333333346,0.007142857142857143,0.2,0.5384615384615384,0.6,0.3,0.1,0.03,0.1,0.2,0.1,0.006,2.0,1200.0,0.6107514513069101,,,,
dispatch,17792.00000000004,AGV_05,TOTE_0826,station_4,KIT_0027_01,{'PART_07': 5},17280.0,1.2081717168017823,1.199937742442808,0.000541666666666668,0.007692307692307693,0.2,0.4358974358974359,0.6,0.3,0.1,0.03,0.1,0.2,0.1,0.006,2.0,1200.0,0.6213132864913259,,,,
kitting_completed,17816.66666666671,AGV_03,TOTE_0382,station_1,KIT_0029_01,,,,,,,,,,,,,,,,,,,,{'PART_05': 90},False,,
dispatch,17816.66666666671,AGV_07,TOTE_0418,station_1,KIT_0029_01,{'PART_05': 90},17280.0,1.220454871475818,1.1999463070177931,0.005176366843033509,0.015332197614991484,0.2,0.5128205128205128,0.6,0.3,0.1,0.03,0.1,0.2,0.1,0.006,2.0,1200.0,0.6209908716034396,,,,
kitting_started,17818.000000000044,AGV_08,TOTE_0400,station_1,KIT_0029_01,,,,,,,,,,,,,,,,,,,,,,,
kitting_started,17825.333333333372,AGV_05,TOTE_0826,station_4,KIT_0027_01,,,,,,,,,,,,,,,,,,,,,,,
kitting_completed,17835.333333333372,AGV_05,TOTE_0826,station_4,KIT_0027_01,,,,,,,,,,,,,,,,,,,,{'PART_07': 5},False,,
dispatch,17835.333333333372,AGV_01,TOTE_0799,station_4,KIT_0027_01,{'PART_07': 5},17280.0,1.2087853293550603,1.199951996021727,0.0005000000000000015,0.008333333333333333,0.2,0.5897435897435898,0.6,0.3,0.1,0.03,0.1,0.2,0.1,0.006,2.0,1200.0,0.6062968386386771,,,,
kitting_started,17836.666666666704,AGV_04,TOTE_0797,station_4,KIT_0027_01,,,,,,,,,,,,,,,,,,,,,,,
kitting_completed,17840.66666666672,AGV_09,TOTE_0370,station_3,KIT_0029_02,,,,,,,,,,,,,,,,,,,,{'PART_05': 90},False,,
kitting_started,17842.00000000005,AGV_10,TOTE_0517,station_3,KIT_0029_02,,,,,,,,,,,,,,,,,,,,,,,
kitting_completed,17846.666666666704,AGV_04,TOTE_0797,station_4,KIT_0027_01,,,,,,,,,,,,,,,,,,,,{'PART_07': 5},False,,
dispatch,17850.000000000044,AGV_03,TOTE_0388,station_3,KIT_0029_02,{'PART_05': 90},17280.0,1.2250121481550862,1.1999560397853895,0.021263440860215053,0.003792667509481669,0.2,0.4666666666666667,0.6,0.3,0.1,0.03,0.1,0.2,0.1,0.006,2.0,1200.0,0.628340622226385,,,,
kitting_completed,17851.33333333338,AGV_02,TOTE_0043,station_2,KIT_0028_01,,,,,,,,,,,,,,,,,,,,{'PART_01': 70},False,,
kitting_started,17852.66666666671,AGV_06,TOTE_0061,station_2,KIT_0028_01,,,,,,,,,,,,,,,,,,,,,,,
dispatch,17868.666666666704,AGV_05,TOTE_0079,station_2,KIT_0028_01,{'PART_01': 42},17280.0,1.234526854137311,1.1999606975717168,0.0014952904238618512,0.03307086614173229,0.16000000000000014,0.49230769230769234,0.6,0.3,0.1,0.03,0.1,0.2,0.1,0.006,2.0,1200.0,0.6434853432516173,,,,
dispatch,17872.66666666672,AGV_09,TOTE_0817,station_4,KIT_0027_01,{'PART_07': 5},17280.0,1.2095108720152163,1.199961629590974,0.0004583333333333317,0.009090909090909092,0.2,0.5641025641025641,0.6,0.3,0.1,0.03,0.1,0.2,0.1,0.006,2.0,1200.0,0.6092962667988733,,,,
kitting_completed,17878.000000000044,AGV_08,TOTE_0400,station_1,KIT_0029_01,,,,,,,,,,,,,,,,,,,,{'PART_05': 90},False,,
kitting_started,17879.333333333376,AGV_07,TOTE_0418,station_1,KIT_0029_01,,,,,,,,,,,,,,,,,,,,,,,
kitting_started,17882.00000000004,AGV_01,TOTE_0799,station_4,KIT_0027_01,,,,,,,,,,,,,,,,,,,,,,,
dispatch,17883.333333333372,AGV_04,TOTE_0778,station_1,KIT_0029_01,{'PART_09': 40},17280.0,1.2123950141285305,1.199964008340717,0.004382716049382714,0.008048289738430584,0.2,0.48717948717948717,0.6,0.3,0.1,0.03,0.1,0.2,0.1,0.006,2.0,1200.0,0.6187190597591694,,,,
kitting_completed,17892.00000000004,AGV_01,TOTE_0799,station_4,KIT_0027_01,,,,,,,,,,,,,,,,,,,,{'PART_07': 5},False,,
dispatch,17892.00000000004,AGV_02,TOTE_0815,station_4,KIT_0027_01,{'PART_07': 5},17280.0,1.2103824987282341,1.1999658320615674,0.0004166666666666652,0.010000000000000002,0.2,0.5641025641025641,0.6,0.3,0.1,0.03,0.1,0.2,0.1,0.006,2.0,1200.0,0.609819242826684,,,,
kitting_completed,17892.00000000005,AGV_10,TOTE_0517,station_3,KIT_0029_02,,,,,,,,,,,,,,,,,,,,{'PART_09': 200},False,,
kitting_started,17893.333333333383,AGV_03,TOTE_0388,station_3,KIT_0029_02,,,,,,,,,,,,,,,,,,,,,,,
dispatch,17911.333333333376,AGV_08,TOTE_0406,station_3,KIT_0029_02,{'PART_05': 90},17280.0,1.22436874485342,1.1999695742657663,0.02045698924731183,0.003942181340341656,0.2,0.4666666666666667,0.6,0.3,0.1,0.03,0.1,0.2,0.1,0.006,2.0,1200.0,0.6279545802453854,,,,
kitting_started,17916.00000000005,AGV_09,TOTE_0817,station_4,KIT_0027_01,,,,,,,,,,,,,,,,,,,,,,,
kitting_completed,17922.66666666671,AGV_06,TOTE_0061,station_2,KIT_0028_01,,,,,,,,,,,,,,,,,,,,{'PART_01': 70},False,,
kitting_started,17924.000000000044,AGV_05,TOTE_0079,station_2,KIT_0028_01,,,,,,,,,,,,,,,,,,,,,,,
kitting_completed,17926.00000000005,AGV_09,TOTE_0817,station_4,KIT_0027_01,,,,,,,,,,,,,,,,,,,,{'PART_07': 5},False,,
dispatch,17926.66666666672,AGV_10,TOTE_0385,station_2,KIT_0028_01,{'PART_05': 65},17280.0,1.2774436216751615,1.199972248510511,0.0010007849293563586,0.07647058823529412,0.2666666666666666,0.4666666666666667,0.6,0.3,0.1,0.03,0.1,0.2,0.1,0.006,2.0,1200.0,0.6397995063384303,,,,
dispatch,17932.00000000004,AGV_01,TOTE_0469,station_4,KIT_0027_01,{'PART_07': 15},17280.0,1.2336814558265756,1.1999731224932422,0.00037499999999999865,0.03333333333333333,0.2,0.6923076923076923,0.6,0.3,0.1,0.03,0.1,0.2,0.1,0.006,2.0,1200.0,0.6109781042651761,,,,
kitting_started,17938.666666666704,AGV_02,TOTE_0815,station_4,KIT_0027_01,,,,,,,,,,,,,,,,,,,,,,,
kitting_completed,17939.333333333376,AGV_07,TOTE_0418,station_1,KIT_0029_01,,,,,,,,,,,,,,,,,,,,{'PART_05': 90},False,,
kitting_started,17940.666666666708,AGV_04,TOTE_0778,station_1,KIT_0029_01,,,,,,,,,,,,,,,,,,,,,,,
kitting_completed,17948.666666666704,AGV_02,TOTE_0815,station_4,KIT_0027_01,,,,,,,,,,,,,,,,,,,,{'PART_07': 5},False,,
kitting_completed,17950.666666666708,AGV_04,TOTE_0778,station_1,KIT_0029_01,,,,,,,,,,,,,,,,,,,,{'PART_09': 40},False,,
kitting_completed,17953.333333333383,AGV_03,TOTE_0388,station_3,KIT_0029_02,,,,,,,,,,,,,,,,,,,,{'PART_05': 90},False,,
dispatch,17954.66666666671,AGV_06,TOTE_0424,station_3,KIT_0029_02,{'PART_05': 46},17280.0,1.2217246609977175,1.1999765401439748,0.0196505376344086,0.0020975832193342453,0.0533333333333335,0.441025641025641,0.6,0.3,0.1,0.03,0.1,0.2,0.1,0.006,2.0,1200.0,0.6729322324960664,,,,
kitting_started,17954.666666666715,AGV_08,TOTE_0406,station_3,KIT_0029_02,,,,,,,,,,,,,,,,,,,,,,,
dispatch,17966.00000000005,AGV_09,TOTE_0757,station_1,KIT_0029_01,{'PART_09': 40},17280.0,1.2127607999674852,1.1999780823744102,0.004029982363315696,0.0087527352297593,0.2,0.48717948717948717,0.6,0.3,0.1,0.03,0.1,0.2,0.1,0.006,2.0,1200.0,0.6189385312625424,,,,
dispatch,17972.666666666708,AGV_07,TOTE_0904,station_1,KIT_0029_01,{'PART_05': 15},17280.0,1.207253312751182,1.199978941771775,0.003677248677248678,0.0035971223021582736,0.2,0.4358974358974359,0.6,0.3,0.1,0.03,0.1,0.2,0.1,0.006,2.0,1200.0,0.6207622440609656,,,,
dispatch,17984.00000000004,AGV_04,TOTE_0598,station_4,KIT_0027_01,{'PART_07': 5},17280.0,1.2168969927888271,1.1999803261221604,0.0002499999999999991,0.016666666666666666,0.2,0.5897435897435898,0.6,0.3,0.1,0.03,0.1,0.2,0.1,0.006,2.0,1200.0,0.6111638366989374,,,,
kitting_completed,17984.000000000044,AGV_05,TOTE_0079,station_2,KIT_0028_01,,,,,,,,,,,,,,,,,,,,{'PART_01': 42},False,,
kitting_started,17985.333333333372,AGV_01,TOTE_0469,station_4,KIT_0027_01,,,,,,,,,,,,,,,,,,,,,,,
dispatch,17985.333333333372,AGV_02,TOTE_0686,station_2,KIT_0028_01,{'PART_03': 20},17280.0,1.300215961691352,1.1999804828844445,0.00023547880690737987,0.1,0.32000000000000006,0.4307692307692308,0.6,0.3,0.1,0.03,0.1,0.2,0.1,0.006,2.0,1200.0,0.6410526539378881,,,,
kitting_started,17985.333333333376,AGV_10,TOTE_0385,station_2,KIT_0028_01,,,,,,,,,,,,,,,,,,,,,,,
kitting_started,18006.00000000004,AGV_07,TOTE_0904,station_1,KIT_0029_01,,,,,,,,,,,,,,,,,,,,,,,
kitting_completed,18014.666666666715,AGV_08,TOTE_0406,station_3,KIT_0029_02,,,,,,,,,,,,,,,,,,,,{'PART_05': 90},False,,
dispatch,18014.666666666715,AGV_03,TOTE_0730,station_3,KIT_0029_02,{'PART_02': 20},17280.0,1.2201535162068222,1.199983632581592,0.01923835125448029,0.0009315323707498836,0.2,0.4153846153846154,0.6,0.3,0.1,0.03,0.1,0.2,0.1,0.006,2.0,1200.0,0.6305536481856318,,,,
kitting_completed,18015.333333333372,AGV_01,TOTE_0469,station_4,KIT_0027_01,,,,,,,,,,,,,,,,,,,,{'PART_07': 15},False,,
kitting_completed,18016.00000000004,AGV_07,TOTE_0904,station_1,KIT_0029_01,,,,,,,,,,,,,,,,,,,,{'PART_05': 15},False,,
dispatch,18016.000000000044,AGV_05,TOTE_0502,station_1,KIT_0029_01,{'PART_09': 200},17280.0,1.2532799803240555,1.1999837629979875,0.003544973544973546,0.04975124378109453,0.2,0.717948717948718,0.6,0.3,0.1,0.03,0.1,0.2,0.1,0.006,2.0,1200.0,0.6201731163995616,,,,
kitting_started,18016.000000000047,AGV_06,TOTE_0424,station_3,KIT_0029_02,,,,,,,,,,,,,,,,,,,,,,,
kitting_started,18017.333333333372,AGV_09,TOTE_0757,station_1,KIT_0029_01,,,,,,,,,,,,,,,,,,,,,,,
kitting_completed,18027.333333333372,AGV_09,TOTE_0757,station_1,KIT_0029_01,,,,,,,,,,,,,,,,,,,,{'PART_09': 40},False,,
kitting_started,18027.333333333372,AGV_04,TOTE_0598,station_4,KIT_0027_01,,,,,,,,,,,,,,,,,,,,,,,
kitting_completed,18037.333333333372,AGV_04,TOTE_0598,station_4,KIT_0027_01,,,,,,,,,,,,,,,,,,,,{'PART_07': 5},False,,
kitting_completed,18045.333333333376,AGV_10,TOTE_0385,station_2,KIT_0028_01,,,,,,,,,,,,,,,,,,,,{'PART_05': 65},False,,
kitting_started,18046.666666666708,AGV_02,TOTE_0686,station_2,KIT_0028_01,,,,,,,,,,,,,,,,,,,,,,,
dispatch,18046.666666666715,AGV_08,TOTE_0520,station_1,KIT_0029_01,{'PART_09': 120},17280.0,1.2611737375551375,1.1999864918464396,0.0017813051146384484,0.0594059405940594,0.0,0.6923076923076923,0.6,0.3,0.1,0.03,0.1,0.2,0.1,0.006,2.0,1200.0,0.6874734733023132,,,,
dispatch,18049.333333333372,AGV_07,TOTE_0796,station_4,KIT_0027_01,{'PART_07': 5},17280.0,1.220195039589579,1.1999867062562457,0.0002083333333333326,0.020000000000000004,0.2,0.5897435897435898,0.6,0.3,0.1,0.03,0.1,0.2,0.1,0.006,2.0,1200.0,0.6131426647793885,,,,
dispatch,18060.666666666704,AGV_09,TOTE_0596,station_4,KIT_0027_01,{'PART_07': 5},17280.0,1.2251542468443162,1.1999875801776496,0.00016666666666666606,0.025,0.2,0.5897435897435898,0.6,0.3,0.1,0.03,0.1,0.2,0.1,0.006,2.0,1200.0,0.6161181891322307,,,,
kitting_completed,18066.000000000047,AGV_06,TOTE_0424,station_3,KIT_0029_02,,,,,,,,,,,,,,,,,,,,{'PART_05': 46},False,,
dispatch,18066.000000000047,AGV_01,TOTE_0838,station_3,KIT_0029_02,{'PART_02': 20},17280.0,1.2199874025943067,1.1999879713189985,0.019059139784946236,0.0009402914903620122,0.2,0.49230769230769234,0.6,0.3,0.1,0.03,0.1,0.2,0.1,0.006,2.0,1200.0,0.6227616723258149,,,,
kitting_completed,18066.666666666708,AGV_02,TOTE_0686,station_2,KIT_0028_01,,,,,,,,,,,,,,,,,,,,{'PART_03': 20},True,,
kitting_started,18067.33333333338,AGV_03,TOTE_0730,station_3,KIT_0029_02,,,,,,,,,,,,,,,,,,,,,,,
kitting_started,18072.666666666708,AGV_05,TOTE_0502,station_1,KIT_0029_01,,,,,,,,,,,,,,,,,,,,,,,
kitting_completed,18077.33333333338,AGV_03,TOTE_0730,station_3,KIT_0029_02,,,,,,,,,,,,,,,,,,,,{'PART_02': 20},False,,
dispatch,18077.33333333338,AGV_10,TOTE_0856,station_3,KIT_0029_02,{'PART_02': 20},17280.0,1.2198179072877955,1.1999887620763225,0.018879928315412187,0.0009492168960607499,0.2,0.441025641025641,0.6,0.3,0.1,0.03,0.1,0.2,0.1,0.006,2.0,1200.0,0.6277881802701133,,,,
kitting_started,18092.666666666704,AGV_07,TOTE_0796,station_4,KIT_0027_01,,,,,,,,,,,,,,,,,,,,,,,
kitting_completed,18102.666666666704,AGV_07,TOTE_0796,station_4,KIT_0027_01,,,,,,,,,,,,,,,,,,,,{'PART_07': 5},False,,
dispatch,18102.666666666704,AGV_04,TOTE_0740,station_4,KIT_0027_01,{'PART_07': 5},17280.0,1.2334486800843454,1.199990346751012,0.00012499999999999954,0.03333333333333333,0.2,0.5384615384615384,0.6,0.3,0.1,0.03,0.1,0.2,0.1,0.006,2.0,1200.0,0.6262230542044533,,,,
kitting_started,18107.333333333372,AGV_09,TOTE_0596,station_4,KIT_0027_01,,,,,,,,,,,,,,,,,,,,,,,
kitting_started,18108.000000000047,AGV_01,TOTE_0838,station_3,KIT_0029_02,,,,,,,,,,,,,,,,,,,,,,,
kitting_completed,18117.333333333372,AGV_09,TOTE_0596,station_4,KIT_0027_01,,,,,,,,,,,,,,,,,,,,{'PART_07': 5},False,,
dispatch,18117.333333333372,AGV_06,TOTE_0175,station_4,KIT_0027_01,{'PART_02': 10},17280.0,1.3000744932635802,1.1999911599302466,8.333333333333303e-05,0.1,0.4,0.46153846153846156,0.6,0.3,0.1,0.03,0.1,0.2,0.1,0.006,2.0,1200.0,0.6138908498043019,,,,
kitting_completed,18118.000000000047,AGV_01,TOTE_0838,station_3,KIT_0029_02,,,,,,,,,,,,,,,,,,,,{'PART_02': 20},False,,
dispatch,18118.000000000047,AGV_03,TOTE_0607,station_3,KIT_0029_02,{'PART_04': 100},17280.0,1.2234834789080486,1.199991195219813,0.018700716845878134,0.004791566842357452,0.2,0.48205128205128206,0.6,0.3,0.1,0.03,0.1,0.2,0.1,0.006,2.0,1200.0,0.625884959139701,,,,
kitting_started,18119.33333333338,AGV_10,TOTE_0856,station_3,KIT_0029_02,,,,,,,,,,,,,,,,,,,,,,,
kitting_completed,18122.666666666708,AGV_05,TOTE_0502,station_1,KIT_0029_01,,,,,,,,,,,,,,,,,,,,{'PART_09': 200},False,,
dispatch,18122.666666666708,AGV_02,TOTE_0919,station_1,KIT_0029_01,{'PART_05': 15},17280.0,1.2190072253168625,1.1999914383335957,0.0007231040564373903,0.018292682926829267,0.2,0.48717948717948717,0.6,0.3,0.1,0.03,0.1,0.2,0.1,0.006,2.0,1200.0,0.6226863864721688,,,,
kitting_started,18124.00000000004,AGV_08,TOTE_0520,station_1,KIT_0029_01,,,,,,,,,,,,,,,,,,,,,,,
kit_replacement,18126.666666666708,,,station_2,,,,,,,,,,,,,,,,,,,,,,,KIT_0028_01,KIT_0030_01
kitting_completed,18129.33333333338,AGV_10,TOTE_0856,station_3,KIT_0029_02,,,,,,,,,,,,,,,,,,,,{'PART_02': 20},False,,
dispatch,18146.000000000036,AGV_07,TOTE_0734,station_2,KIT_0030_01,{'PART_10': 15},17280.0,1.2306619008853283,1.1999925568424903,0.03,0.0006693440428380188,-0.12000000000000005,0.5435897435897435,0.6,0.3,0.1,0.03,0.1,0.2,0.1,0.006,2.0,1200.0,0.7200381661722226,,,,
dispatch,18150.000000000047,AGV_01,TOTE_0385,station_2,KIT_0030_01,{'PART_05': 25},17280.0,1.230915020884212,1.1999927333513312,0.029799196787148593,0.0011230907457322552,-0.0666666666666666,0.441025641025641,0.6,0.3,0.1,0.03,0.1,0.2,0.1,0.006,2.0,1200.0,0.714446448427963,,,,
kitting_started,18152.666666666704,AGV_04,TOTE_0740,station_4,KIT_0027_01,,,,,,,,,,,,,,,,,,,,,,,
kitting_completed,18154.00000000004,AGV_08,TOTE_0520,station_1,KIT_0029_01,,,,,,,,,,,,,,,,,,,,{'PART_09': 120},False,,
kitting_started,18156.000000000044,AGV_03,TOTE_0607,station_3,KIT_0029_02,,,,,,,,,,,,,,,,,,,,,,,
dispatch,18157.333333333372,AGV_09,TOTE_0838,station_3,KIT_0029_02,{'PART_02': 20},17280.0,1.2188042481758246,1.1999930461511947,0.017804659498207885,0.0010065425264217413,0.2,0.5435897435897435,0.6,0.3,0.1,0.03,0.1,0.2,0.1,0.006,2.0,1200.0,0.6169235745465205,,,,
dispatch,18161.33333333338,AGV_10,TOTE_0652,station_1,KIT_0029_01,{'PART_04': 40},17280.0,1.260285532517948,1.1999932110564724,0.0005908289241622588,0.05970149253731343,0.32000000000000006,0.48717948717948717,0.6,0.3,0.1,0.03,0.1,0.2,0.1,0.006,2.0,1200.0,0.61145337079282,,,,
kitting_completed,18162.666666666704,AGV_04,TOTE_0740,station_4,KIT_0027_01,,,,,,,,,,,,,,,,,,,,{'PART_07': 5},False,,
kitting_started,18162.666666666708,AGV_02,TOTE_0919,station_1,KIT_0029_01,,,,,,,,,,,,,,,,,,,,,,,
kitting_started,18164.000000000036,AGV_06,TOTE_0175,station_4,KIT_0027_01,,,,,,,,,,,,,,,,,,,,,,,
kitting_completed,18166.000000000044,AGV_03,TOTE_0607,station_3,KIT_0029_02,,,,,,,,,,,,,,,,,,,,{'PART_04': 100},False,,
dispatch,18169.333333333376,AGV_05,TOTE_0625,station_3,KIT_0029_02,{'PART_04': 100},17280.0,1.2227028613440902,1.1999935292279735,0.017625448028673833,0.005083884087442807,0.2,0.48205128205128206,0.6,0.3,0.1,0.03,0.1,0.2,0.1,0.006,2.0,1200.0,0.625416588601326,,,,
kitting_completed,18172.666666666708,AGV_02,TOTE_0919,station_1,KIT_0029_01,,,,,,,,,,,,,,,,,,,,{'PART_05': 15},False,,
kitting_completed,18184.000000000036,AGV_06,TOTE_0175,station_4,KIT_0027_01,,,,,,,,,,,,,,,,,,,,{'PART_02': 10},True,,
kitting_started,18185.33333333338,AGV_01,TOTE_0385,station_2,KIT_0030_01,,,,,,,,,,,,,,,,,,,,,,,
dispatch,18200.666666666708,AGV_08,TOTE_0436,station_1,KIT_0029_01,{'PART_05': 9},17280.0,1.2335660667929087,1.1999946382214801,0.00023809523809523723,0.03333333333333333,0.47999999999999976,0.5384615384615384,0.6,0.3,0.1,0.03,0.1,0.2,0.1,0.006,2.0,1200.0,0.5422934862295914,,,,
kitting_started,18201.33333333338,AGV_10,TOTE_0652,station_1,KIT_0029_01,,,,,,,,,,,,,,,,,,,,,,,
kitting_started,18206.00000000004,AGV_09,TOTE_0838,station_3,KIT_0029_02,,,,,,,,,,,,,,,,,,,,,,,
kitting_completed,18215.33333333338,AGV_01,TOTE_0385,station_2,KIT_0030_01,,,,,,,,,,,,,,,,,,,,{'PART_05': 25},False,,
dispatch,18215.33333333338,AGV_03,TOTE_0079,station_2,KIT_0030_01,{'PART_01': 28},17280.0,1.230731763681287,1.199995089892386,0.029464524765729586,0.0012721490231712858,0.03999999999999987,0.4666666666666667,0.6,0.3,0.1,0.03,0.1,0.2,0.1,0.006,2.0,1200.0,0.6797723915421054,,,,
kitting_completed,18216.00000000004,AGV_09,TOTE_0838,station_3,KIT_0029_02,,,,,,,,,,,,,,,,,,,,{'PART_02': 20},False,,
dispatch,18216.00000000004,AGV_02,TOTE_0673,station_3,KIT_0029_02,{'PART_04': 100},17280.0,1.222080686569851,1.199995109493561,0.016729390681003584,0.005356186395286556,0.2,0.517948717948718,0.6,0.3,0.1,0.03,0.1,0.2,0.1,0.006,2.0,1200.0,0.6214535401470389,,,,
kitting_started,18216.66666666671,AGV_07,TOTE_0734,station_2,KIT_0030_01,,,,,,,,,,,,,,,,,,,,,,,
kitting_started,18217.333333333372,AGV_05,TOTE_0625,station_3,KIT_0029_02,,,,,,,,,,,,,,,,,,,,,,,
kitting_completed,18221.33333333338,AGV_10,TOTE_0652,station_1,KIT_0029_01,,,,,,,,,,,,,,,,,,,,{'PART_04': 40},False,,
dispatch,18221.33333333338,AGV_06,TOTE_0175,station_1,KIT_0029_01,{'PART_02': 18},17280.0,1.300153993670852,1.1999952635121216,0.00015873015873016038,0.1,-0.07999999999999972,0.5897435897435898,0.6,0.3,0.1,0.03,0.1,0.2,0.1,0.006,2.0,1200.0,0.7451180372281521,,,,
kitting_completed,18227.333333333372,AGV_05,TOTE_0625,station_3,KIT_0029_02,,,,,,,,,,,,,,,,,,,,{'PART_04': 100},False,,
dispatch,18227.333333333372,AGV_04,TOTE_0691,station_3,KIT_0029_02,{'PART_04': 100},17280.0,1.221488073890297,1.1999954309927303,0.015833333333333335,0.005659309564233164,0.2,0.5692307692307692,0.6,0.3,0.1,0.03,0.1,0.2,0.1,0.006,2.0,1200.0,0.6159697674111012,,,,
kitting_completed,18236.66666666671,AGV_07,TOTE_0734,station_2,KIT_0030_01,,,,,,,,,,,,,,,,,,,,{'PART_10': 15},False,,
kit_replacement,18244.000000000036,,,station_4,,,,,,,,,,,,,,,,,,,,,,,KIT_0027_01,KIT_0030_02
kitting_started,18247.333333333372,AGV_08,TOTE_0436,station_1,KIT_0029_01,,,,,,,,,,,,,,,,,,,,,,,
dispatch,18247.33333333338,AGV_01,TOTE_0801,station_2,KIT_0030_01,{'PART_10': 25},17280.0,1.2302361229581806,1.1999959476534952,0.029089692101740294,0.0011504832029452371,0.2,0.3128205128205128,0.6,0.3,0.1,0.03,0.1,0.2,0.1,0.006,2.0,1200.0,0.6468596224928571,,,,
dispatch,18248.00000000004,AGV_09,TOTE_0424,station_4,KIT_0030_02,{'PART_05': 44},17280.0,1.2319833170373533,1.1999959638304878,0.03,0.001987353206865402,0.1466666666666665,0.48717948717948717,0.6,0.3,0.1,0.03,0.1,0.2,0.1,0.006,2.0,1200.0,0.6464720415044632,,,,
kitting_started,18254.000000000047,AGV_03,TOTE_0079,station_2,KIT_0030_01,,,,,,,,,,,,,,,,,,,,,,,
dispatch,18254.66666666671,AGV_10,TOTE_0824,station_4,KIT_0030_02,{'PART_10': 25},17280.0,1.2305519898614468,1.1999961220907875,0.029403794037940377,0.001152073732718894,0.2,0.46153846153846156,0.6,0.3,0.1,0.03,0.1,0.2,0.1,0.006,2.0,1200.0,0.6321773477630219,,,,
kitting_started,18258.00000000004,AGV_02,TOTE_0673,station_3,KIT_0029_02,,,,,,,,,,,,,,,,,,,,,,,
kitting_completed,18267.333333333372,AGV_08,TOTE_0436,station_1,KIT_0029_01,,,,,,,,,,,,,,,,,,,,{'PART_05': 9},False,,
kitting_completed,18268.00000000004,AGV_02,TOTE_0673,station_3,KIT_0029_02,,,,,,,,,,,,,,,,,,,,{'PART_04': 100},False,,
dispatch,18268.00000000004,AGV_05,TOTE_0652,station_3,KIT_0029_02,{'PART_04': 60},17280.0,1.2185329763679542,1.1999964202383198,0.014937275985663082,0.003599280143971206,-0.12000000000000005,0.5948717948717949,0.6,0.3,0.1,0.03,0.1,0.2,0.1,0.006,2.0,1200.0,0.707632606333593,,,,
kitting_started,18268.666666666704,AGV_06,TOTE_0175,station_1,KIT_0029_01,,,,,,,,,,,,,,,,,,,,,,,
kitting_started,18276.000000000036,AGV_04,TOTE_0691,station_3,KIT_0029_02,,,,,,,,,,,,,,,,,,,,,,,
kitting_started,18284.666666666704,AGV_09,TOTE_0424,station_4,KIT_0030_02,,,,,,,,,,,,,,,,,,,,,,,
kitting_completed,18286.000000000036,AGV_04,TOTE_0691,station_3,KIT_0029_02,,,,,,,,,,,,,,,,,,,,{'PART_04': 100},False,,
dispatch,18286.000000000036,AGV_07,TOTE_0643,station_3,KIT_0029_02,{'PART_04': 100},17280.0,1.2206192036416705,1.1999967867068,0.01439964157706093,0.006222775357809584,0.2,0.5076923076923077,0.6,0.3,0.1,0.03,0.1,0.2,0.1,0.006,2.0,1200.0,0.6216022914157716,,,,
kitting_completed,18288.666666666704,AGV_06,TOTE_0175,station_1,KIT_0029_01,,,,,,,,,,,,,,,,,,,,{'PART_02': 18},True,,
kit_replacement,18288.666666666704,,,station_1,,,,,,,,,,,,,,,,,,,,,,,KIT_0029_01,
kitting_completed,18294.000000000047,AGV_03,TOTE_0079,station_2,KIT_0030_01,,,,,,,,,,,,,,,,,,,,{'PART_01': 28},False,,
kitting_started,18295.33333333338,AGV_01,TOTE_0801,station_2,KIT_0030_01,,,,,,,,,,,,,,,,,,,,,,,
dispatch,18300.666666666704,AGV_08,TOTE_0436,station_2,KIT_0030_01,{'PART_05': 81},17280.0,1.2325230271925722,1.1999970573915806,0.028755020080321284,0.0037709497206703914,-0.27999999999999975,0.4564102564102564,0.6,0.3,0.1,0.03,0.1,0.2,0.1,0.006,2.0,1200.0,0.7778727906745176,,,,
kitting_completed,18305.33333333338,AGV_01,TOTE_0801,station_2,KIT_0030_01,,,,,,,,,,,,,,,,,,,,{'PART_10': 25},False,,
dispatch,18305.33333333338,AGV_02,TOTE_0529,station_2,KIT_0030_01,{'PART_10': 125},17280.0,1.2337152330804533,1.1999971386417405,0.027670682730923695,0.006047411707789066,0.2,0.4153846153846154,0.6,0.3,0.1,0.03,0.1,0.2,0.1,0.006,2.0,1200.0,0.6386906783098105,,,,
kitting_started,18316.666666666704,AGV_05,TOTE_0652,station_3,KIT_0029_02,,,,,,,,,,,,,,,,,,,,,,,
kitting_completed,18324.666666666704,AGV_09,TOTE_0424,station_4,KIT_0030_02,,,,,,,,,,,,,,,,,,,,{'PART_05': 44},False,,
dispatch,18324.666666666704,AGV_04,TOTE_0535,station_4,KIT_0030_02,{'PART_10': 125},17280.0,1.2348899985090556,1.1999974520311432,0.029065040650406503,0.005827505827505828,0.2,0.48717948717948717,0.6,0.3,0.1,0.03,0.1,0.2,0.1,0.006,2.0,1200.0,0.6322160503874845,,,,
kitting_started,18326.000000000036,AGV_10,TOTE_0824,station_4,KIT_0030_02,,,,,,,,,,,,,,,,,,,,,,,
kitting_started,18335.33333333337,AGV_08,TOTE_0436,station_2,KIT_0030_01,,,,,,,,,,,,,,,,,,,,,,,
kitting_completed,18336.000000000036,AGV_10,TOTE_0824,station_4,KIT_0030_02,,,,,,,,,,,,,,,,,,,,{'PART_10': 25},False,,
dispatch,18336.000000000036,AGV_06,TOTE_0175,station_4,KIT_0030_02,{'PART_02': 92},17280.0,1.2319233486915802,1.1999976195332984,0.027371273712737128,0.004554455445544554,-0.12000000000000027,0.4358974358974359,0.6,0.3,0.1,0.03,0.1,0.2,0.1,0.006,2.0,1200.0,0.7315642656252046,,,,
kitting_completed,18336.666666666704,AGV_05,TOTE_0652,station_3,KIT_0029_02,,,,,,,,,,,,,,,,,,,,{'PART_04': 60},False,,
dispatch,18336.666666666704,AGV_03,TOTE_0709,station_3,KIT_0029_02,{'PART_04': 100},17280.0,1.2201369133318885,1.1999976290361407,0.01350358422939068,0.006635700066357001,0.2,0.4666666666666667,0.6,0.3,0.1,0.03,0.1,0.2,0.1,0.006,2.0,1200.0,0.6254154813324664,,,,
kitting_started,18338.000000000036,AGV_07,TOTE_0643,station_3,KIT_0029_02,,,,,,,,,,,,,,,,,,,,,,,
kitting_completed,18348.000000000036,AGV_07,TOTE_0643,station_3,KIT_0029_02,,,,,,,,,,,,,,,,,,,,{'PART_04': 100},False,,
dispatch,18348.000000000036,AGV_01,TOTE_0727,station_3,KIT_0029_02,{'PART_04': 100},17280.0,1.2197126323239627,1.1999977849020858,0.01260752688172043,0.007107320540156362,0.2,0.5692307692307692,0.6,0.3,0.1,0.03,0.1,0.2,0.1,0.006,2.0,1200.0,0.6149045024713006,,,,
kitting_started,18364.666666666704,AGV_04,TOTE_0535,station_4,KIT_0030_02,,,,,,,,,,,,,,,,,,,,,,,
kitting_started,18372.000000000036,AGV_03,TOTE_0709,station_3,KIT_0029_02,,,,,,,,,,,,,,,,,,,,,,,
kitting_completed,18382.000000000036,AGV_03,TOTE_0709,station_3,KIT_0029_02,,,,,,,,,,,,,,,,,,,,{'PART_04': 100},False,,
dispatch,18382.000000000036,AGV_05,TOTE_0856,station_3,KIT_0029_02,{'PART_02': 20},17280.0,1.2132398850870205,1.1999981936707975,0.01171146953405018,0.0015302218821729152,0.2,0.4153846153846154,0.6,0.3,0.1,0.03,0.1,0.2,0.1,0.006,2.0,1200.0,0.6264054695137509,,,,
kitting_started,18396.6666666667,AGV_01,TOTE_0727,station_3,KIT_0029_02,,,,,,,,,,,,,,,,,,,,,,,
kitting_completed,18405.33333333337,AGV_08,TOTE_0436,station_2,KIT_0030_01,,,,,,,,,,,,,,,,,,,,{'PART_05': 81},False,,
dispatch,18405.33333333337,AGV_07,TOTE_0803,station_2,KIT_0030_01,{'PART_10': 25},17280.0,1.2272830849233134,1.1999984296527288,0.025997322623828645,0.0012873326467559218,0.2,0.4153846153846154,0.6,0.3,0.1,0.03,0.1,0.2,0.1,0.006,2.0,1200.0,0.6348313894155264,,,,
kitting_completed,18406.6666666667,AGV_01,TOTE_0727,station_3,KIT_0029_02,,,,,,,,,,,,,,,,,,,,{'PART_04': 100},False,,
kitting_started,18406.6666666667,AGV_02,TOTE_0529,station_2,KIT_0030_01,,,,,,,,,,,,,,,,,,,,,,,
dispatch,18406.6666666667,AGV_09,TOTE_0661,station_3,KIT_0029_02,{'PART_04': 100},17280.0,1.2193007079999083,1.1999984421653844,0.011532258064516129,0.00777000777000777,0.2,0.48205128205128206,0.6,0.3,0.1,0.03,0.1,0.2,0.1,0.006,2.0,1200.0,0.6233752965948168,,,,
kitting_completed,18414.666666666704,AGV_04,TOTE_0535,station_4,KIT_0030_02,,,,,,,,,,,,,,,,,,,,{'PART_10': 125},False,,
dispatch,18414.666666666704,AGV_10,TOTE_0827,station_4,KIT_0030_02,{'PART_10': 25},17280.0,1.2274198569197008,1.199998515175163,0.026124661246612463,0.0012966804979253114,0.2,0.358974358974359,0.6,0.3,0.1,0.03,0.1,0.2,0.1,0.006,2.0,1200.0,0.6405544782543845,,,,
kitting_started,18416.000000000036,AGV_06,TOTE_0175,station_4,KIT_0030_02,,,,,,,,,,,,,,,,,,,,,,,
kitting_started,18420.666666666704,AGV_05,TOTE_0856,station_3,KIT_0029_02,,,,,,,,,,,,,,,,,,,,,,,
kitting_completed,18430.666666666704,AGV_05,TOTE_0856,station_3,KIT_0029_02,,,,,,,,,,,,,,,,,,,,{'PART_02': 20},False,,
dispatch,18430.666666666704,AGV_03,TOTE_0763,station_3,KIT_0029_02,{'PART_04': 100},17280.0,1.2190594516383686,1.1999986510900147,0.010636200716845878,0.008424599831508004,0.2,0.4666666666666667,0.6,0.3,0.1,0.03,0.1,0.2,0.1,0.006,2.0,1200.0,0.6247690043163545,,,,
kitting_started,18444.666666666697,AGV_09,TOTE_0661,station_3,KIT_0029_02,,,,,,,,,,,,,,,,,,,,,,,
kitting_completed,18454.666666666697,AGV_09,TOTE_0661,station_3,KIT_0029_02,,,,,,,,,,,,,,,,,,,,{'PART_04': 100},False,,
dispatch,18454.666666666697,AGV_01,TOTE_0679,station_3,KIT_0029_02,{'PART_04': 100},17280.0,1.2189386073792068,1.1999988319953117,0.009740143369175627,0.00919963201471941,0.2,0.4564102564102564,0.6,0.3,0.1,0.03,0.1,0.2,0.1,0.006,2.0,1200.0,0.6257221387864983,,,,
kitting_completed,18456.6666666667,AGV_02,TOTE_0529,station_2,KIT_0030_01,,,,,,,,,,,,,,,,,,,,{'PART_10': 125},False,,
dispatch,18456.6666666667,AGV_04,TOTE_0526,station_2,KIT_0030_01,{'PART_10': 125},17280.0,1.2321821016421666,1.1999988459276025,0.025662650602409638,0.006520605112154409,0.2,0.4564102564102564,0.6,0.3,0.1,0.03,0.1,0.2,0.1,0.006,2.0,1200.0,0.6336682353442743,,,,
kitting_started,18458.000000000033,AGV_07,TOTE_0803,station_2,KIT_0030_01,,,,,,,,,,,,,,,,,,,,,,,
kitting_started,18466.000000000036,AGV_03,TOTE_0763,station_3,KIT_0029_02,,,,,,,,,,,,,,,,,,,,,,,
kitting_completed,18468.000000000033,AGV_07,TOTE_0803,station_2,KIT_0030_01,,,,,,,,,,,,,,,,,,,,{'PART_10': 25},False,,
dispatch,18468.000000000033,AGV_05,TOTE_0403,station_2,KIT_0030_01,{'PART_05': 90},17280.0,1.2290105337196386,1.1999989217957527,0.02398929049531459,0.005022321428571429,0.2,0.441025641025641,0.6,0.3,0.1,0.03,0.1,0.2,0.1,0.006,2.0,1200.0,0.6333037561292192,,,,
kitting_completed,18476.000000000036,AGV_06,TOTE_0175,station_4,KIT_0030_02,,,,,,,,,,,,,,,,,,,,{'PART_02': 92},False,,
kitting_completed,18476.000000000036,AGV_03,TOTE_0763,station_3,KIT_0029_02,,,,,,,,,,,,,,,,,,,,{'PART_04': 100},False,,
dispatch,18476.000000000036,AGV_08,TOTE_0821,station_4,KIT_0030_02,{'PART_10': 25},17280.0,1.2270985953727143,1.199998972327088,0.02578590785907859,0.0013137151865475565,0.2,0.48717948717948717,0.6,0.3,0.1,0.03,0.1,0.2,0.1,0.006,2.0,1200.0,0.6275412085056797,,,,
kitting_started,18477.33333333337,AGV_10,TOTE_0827,station_4,KIT_0030_02,,,,,,,,,,,,,,,,,,,,,,,
kitting_completed,18487.33333333337,AGV_10,TOTE_0827,station_4,KIT_0030_02,,,,,,,,,,,,,,,,,,,,{'PART_10': 25},False,,
dispatch,18488.6666666667,AGV_02,TOTE_0791,station_4,KIT_0030_02,{'PART_01': 10},17280.0,1.225978683370767,1.1999990475360702,0.025447154471544716,0.0005324813631522897,0.2,0.46153846153846156,0.6,0.3,0.1,0.03,0.1,0.2,0.1,0.006,2.0,1200.0,0.629433363868614,,,,
dispatch,18489.333333333365,AGV_09,TOTE_0697,station_3,KIT_0029_02,{'PART_04': 100},17280.0,1.2189748496191926,1.1999990513383154,0.008844086021505377,0.010131712259371834,0.2,0.4564102564102564,0.6,0.3,0.1,0.03,0.1,0.2,0.1,0.006,2.0,1200.0,0.6257438841304898,,,,
kitting_started,18496.00000000003,AGV_01,TOTE_0679,station_3,KIT_0029_02,,,,,,,,,,,,,,,,,,,,,,,
kitting_started,18501.333333333365,AGV_04,TOTE_0526,station_2,KIT_0030_01,,,,,,,,,,,,,,,,,,,,,,,
kitting_completed,18506.00000000003,AGV_01,TOTE_0679,station_3,KIT_0029_02,,,,,,,,,,,,,,,,,,,,{'PART_04': 100},False,,
dispatch,18506.00000000003,AGV_07,TOTE_0715,station_3,KIT_0029_02,{'PART_04': 100},17280.0,1.2192211274481872,1.1999991416153892,0.007948028673835126,0.011273957158962795,0.2,0.5333333333333333,0.6,0.3,0.1,0.03,0.1,0.2,0.1,0.006,2.0,1200.0,0.6181993431355789,,,,
kitting_started,18519.33333333337,AGV_08,TOTE_0821,station_4,KIT_0030_02,,,,,,,,,,,,,,,,,,,,,,,
kitting_started,18524.00000000003,AGV_09,TOTE_0697,station_3,KIT_0029_02,,,,,,,,,,,,,,,,,,,,,,,
kitting_completed,18529.33333333337,AGV_08,TOTE_0821,station_4,KIT_0030_02,,,,,,,,,,,,,,,,,,,,{'PART_10': 25},False,,
dispatch,18529.33333333337,AGV_06,TOTE_0881,station_4,KIT_0030_02,{'PART_01': 10},17280.0,1.225846238778559,1.1999992537562463,0.025311653116531163,0.0005353319057815846,0.2,0.3333333333333333,0.6,0.3,0.1,0.03,0.1,0.2,0.1,0.006,2.0,1200.0,0.6421744099338019,,,,
kitting_started,18532.000000000033,AGV_02,TOTE_0791,station_4,KIT_0030_02,,,,,,,,,,,,,,,,,,,,,,,
kitting_completed,18534.00000000003,AGV_09,TOTE_0697,station_3,KIT_0029_02,,,,,,,,,,,,,,,,,,,,{'PART_04': 100},False,,
dispatch,18534.00000000003,AGV_03,TOTE_0781,station_3,KIT_0029_02,{'PART_04': 100},17280.0,1.2197577259923715,1.199999274361251,0.007051971326164873,0.012706480304955529,0.2,0.4666666666666667,0.6,0.3,0.1,0.03,0.1,0.2,0.1,0.006,2.0,1200.0,0.6251879689287563,,,,
kitting_completed,18542.000000000033,AGV_02,TOTE_0791,station_4,KIT_0030_02,,,,,,,,,,,,,,,,,,,,{'PART_01': 10},False,,
dispatch,18542.000000000033,AGV_01,TOTE_0899,station_4,KIT_0030_02,{'PART_01': 10},17280.0,1.2257136732631024,1.1999993083691844,0.025176151761517614,0.0005382131324004306,0.2,0.3333333333333333,0.6,0.3,0.1,0.03,0.1,0.2,0.1,0.006,2.0,1200.0,0.6420948706245281,,,,
kitting_started,18550.666666666693,AGV_07,TOTE_0715,station_3,KIT_0029_02,,,,,,,,,,,,,,,,,,,,,,,
kitting_completed,18551.333333333365,AGV_04,TOTE_0526,station_2,KIT_0030_01,,,,,,,,,,,,,,,,,,,,{'PART_10': 125},False,,
dispatch,18551.333333333365,AGV_10,TOTE_0542,station_2,KIT_0030_01,{'PART_10': 75},17280.0,1.2271903977477328,1.1999993460359897,0.022784471218206155,0.004406580493537015,0.2,0.5333333333333333,0.6,0.3,0.1,0.03,0.1,0.2,0.1,0.006,2.0,1200.0,0.6229809053153063,,,,
kitting_started,18552.666666666697,AGV_05,TOTE_0403,station_2,KIT_0030_01,,,,,,,,,,,,,,,,,,,,,,,
kitting_completed,18560.666666666693,AGV_07,TOTE_0715,station_3,KIT_0029_02,,,,,,,,,,,,,,,,,,,,{'PART_04': 100},False,,
dispatch,18560.666666666693,AGV_08,TOTE_0733,station_3,KIT_0029_02,{'PART_04': 100},17280.0,1.2207113363868374,1.1999993816514287,0.006155913978494622,0.01455604075691412,0.2,0.5333333333333333,0.6,0.3,0.1,0.03,0.1,0.2,0.1,0.006,2.0,1200.0,0.6190934684987691,,,,
kitting_started,18566.000000000033,AGV_06,TOTE_0881,station_4,KIT_0030_02,,,,,,,,,,,,,,,,,,,,,,,
kitting_started,18569.33333333336,AGV_03,TOTE_0781,station_3,KIT_0029_02,,,,,,,,,,,,,,,,,,,,,,,
kitting_completed,18576.000000000033,AGV_06,TOTE_0881,station_4,KIT_0030_02,,,,,,,,,,,,,,,,,,,,{'PART_01': 10},False,,
dispatch,18576.000000000033,AGV_09,TOTE_0337,station_4,KIT_0030_02,{'PART_05': 90},17280.0,1.2299102162777091,1.199999436001075,0.025040650406504064,0.004870129870129871,0.2,0.4358974358974359,0.6,0.3,0.1,0.03,0.1,0.2,0.1,0.006,2.0,1200.0,0.6343563861768818,,,,
kitting_started,18578.666666666697,AGV_01,TOTE_0899,station_4,KIT_0030_02,,,,,,,,,,,,,,,,,,,,,,,
kitting_completed,18579.33333333336,AGV_03,TOTE_0781,station_3,KIT_0029_02,,,,,,,,,,,,,,,,,,,,{'PART_04': 100},False,,
dispatch,18579.33333333336,AGV_02,TOTE_0751,station_3,KIT_0029_02,{'PART_04': 100},17280.0,1.2222950789275933,1.1999994471690005,0.005259856630824372,0.017035775127768313,0.2,0.5333333333333333,0.6,0.3,0.1,0.03,0.1,0.2,0.1,0.006,2.0,1200.0,0.6200437140232226,,,,
kitting_completed,18588.666666666697,AGV_01,TOTE_0899,station_4,KIT_0030_02,,,,,,,,,,,,,,,,,,,,{'PART_01': 10},False,,
dispatch,18588.666666666697,AGV_04,TOTE_0355,station_4,KIT_0030_02,{'PART_05': 90},17280.0,1.2289400694129469,1.19999947727665,0.023821138211382112,0.005119453924914676,0.2,0.5128205128205128,0.6,0.3,0.1,0.03,0.1,0.2,0.1,0.006,2.0,1200.0,0.6260819903657169,,,,
kitting_started,18605.333333333358,AGV_08,TOTE_0733,station_3,KIT_0029_02,,,,,,,,,,,,,,,,,,,,,,,
kitting_started,18609.333333333365,AGV_09,TOTE_0337,station_4,KIT_0030_02,,,,,,,,,,,,,,,,,,,,,,,
kitting_completed,18612.666666666697,AGV_05,TOTE_0403,station_2,KIT_0030_01,,,,,,,,,,,,,,,,,,,,{'PART_05': 90},False,,
dispatch,18612.666666666697,AGV_07,TOTE_0421,station_2,KIT_0030_01,{'PART_05': 90},17280.0,1.2273116558839194,1.199999547380247,0.02178045515394913,0.005531653349723418,0.2,0.4666666666666667,0.6,0.3,0.1,0.03,0.1,0.2,0.1,0.006,2.0,1200.0,0.6297203268636851,,,,
kitting_started,18614.00000000003,AGV_10,TOTE_0542,station_2,KIT_0030_01,,,,,,,,,,,,,,,,,,,,,,,
kitting_completed,18615.333333333358,AGV_08,TOTE_0733,station_3,KIT_0029_02,,,,,,,,,,,,,,,,,,,,{'PART_04': 100},False,,
dispatch,18615.333333333358,AGV_03,TOTE_0166,station_3,KIT_0029_02,{'PART_02': 120},17280.0,1.2290040109318776,1.1999995545645346,0.0043637992831541215,0.024640657084188913,0.2,0.5435897435897435,0.6,0.3,0.1,0.03,0.1,0.2,0.1,0.006,2.0,1200.0,0.6230434322001523,,,,
kitting_started,18624.000000000025,AGV_02,TOTE_0751,station_3,KIT_0029_02,,,,,,,,,,,,,,,,,,,,,,,
kitting_completed,18634.000000000025,AGV_02,TOTE_0751,station_3,KIT_0029_02,,,,,,,,,,,,,,,,,,,,{'PART_04': 100},False,,
dispatch,18634.000000000025,AGV_06,TOTE_0106,station_3,KIT_0029_02,{'PART_02': 120},17280.0,1.2359856799108484,1.1999996017609749,0.0032885304659498204,0.03269754768392371,0.2,0.558974358974359,0.6,0.3,0.1,0.03,0.1,0.2,0.1,0.006,2.0,1200.0,0.6256939720490732,,,,
kitting_completed,18644.00000000003,AGV_10,TOTE_0542,station_2,KIT_0030_01,,,,,,,,,,,,,,,,,,,,{'PART_10': 75},False,,
dispatch,18644.00000000003,AGV_01,TOTE_0881,station_2,KIT_0030_01,{'PART_01': 10},17280.0,1.221225878916631,1.1999996249526075,0.020575635876840692,0.0006506180871828237,0.2,0.4666666666666667,0.6,0.3,0.1,0.03,0.1,0.2,0.1,0.006,2.0,1200.0,0.626068860683312,,,,
kitting_started,18651.333333333365,AGV_07,TOTE_0421,station_2,KIT_0030_01,,,,,,,,,,,,,,,,,,,,,,,
kitting_started,18657.333333333354,AGV_03,TOTE_0166,station_3,KIT_0029_02,,,,,,,,,,,,,,,,,,,,,,,
kitting_completed,18669.333333333365,AGV_09,TOTE_0337,station_4,KIT_0030_02,,,,,,,,,,,,,,,,,,,,{'PART_05': 90},False,,
dispatch,18669.333333333365,AGV_08,TOTE_0373,station_4,KIT_0030_02,{'PART_05': 90},17280.0,1.2279969873081782,1.1999996778386806,0.022601626016260163,0.00539568345323741,0.2,0.4358974358974359,0.6,0.3,0.1,0.03,0.1,0.2,0.1,0.006,2.0,1200.0,0.6332084487951634,,,,
kitting_started,18670.666666666697,AGV_04,TOTE_0355,station_4,KIT_0030_02,,,,,,,,,,,,,,,,,,,,,,,
kitting_completed,18711.333333333365,AGV_07,TOTE_0421,station_2,KIT_0030_01,,,,,,,,,,,,,,,,,,,,{'PART_05': 90},False,,
dispatch,18711.333333333365,AGV_09,TOTE_0439,station_2,KIT_0030_01,{'PART_05': 90},17280.0,1.2263354262967967,1.1999997496018047,0.02044176706827309,0.005893909626719058,0.2,0.4153846153846154,0.6,0.3,0.1,0.03,0.1,0.2,0.1,0.006,2.0,1200.0,0.6342627942396164,,,,
kitting_started,18712.666666666697,AGV_01,TOTE_0881,station_2,KIT_0030_01,,,,,,,,,,,,,,,,,,,,,,,
kitting_completed,18717.333333333354,AGV_03,TOTE_0166,station_3,KIT_0029_02,,,,,,,,,,,,,,,,,,,,{'PART_02': 120},False,,
dispatch,18717.333333333354,AGV_05,TOTE_0670,station_3,KIT_0029_02,{'PART_04': 100},17280.0,1.2426988500640705,1.1999997584558109,0.0022132616487455193,0.04048582995951417,0.2,0.5435897435897435,0.6,0.3,0.1,0.03,0.1,0.2,0.1,0.006,2.0,1200.0,0.6312603356794679,,,,
kitting_started,18718.666666666686,AGV_06,TOTE_0106,station_3,KIT_0029_02,,,,,,,,,,,,,,,,,,,,,,,
kitting_completed,18722.666666666697,AGV_01,TOTE_0881,station_2,KIT_0030_01,,,,,,,,,,,,,,,,,,,,{'PART_01': 10},False,,
dispatch,18722.666666666697,AGV_02,TOTE_0830,station_2,KIT_0030_01,{'PART_01': 10},17280.0,1.2199326080781052,1.1999997660628625,0.01923694779116466,0.0006958942240779402,0.2,0.40512820512820513,0.6,0.3,0.1,0.03,0.1,0.2,0.1,0.006,2.0,1200.0,0.6314467443340426,,,,
kitting_completed,18730.666666666697,AGV_04,TOTE_0355,station_4,KIT_0030_02,,,,,,,,,,,,,,,,,,,,{'PART_05': 90},False,,
dispatch,18730.666666666697,AGV_10,TOTE_0899,station_4,KIT_0030_02,{'PART_01': 10},17280.0,1.2220156044092179,1.1999997770266093,0.02138211382113821,0.0006337135614702155,0.2,0.46153846153846156,0.6,0.3,0.1,0.03,0.1,0.2,0.1,0.006,2.0,1200.0,0.6270555164916845,,,,
kitting_started,18732.00000000003,AGV_08,TOTE_0373,station_4,KIT_0030_02,,,,,,,,,,,,,,,,,,,,,,,
kitting_started,18750.000000000033,AGV_09,TOTE_0439,station_2,KIT_0030_01,,,,,,,,,,,,,,,,,,,,,,,
kitting_completed,18778.666666666686,AGV_06,TOTE_0106,station_3,KIT_0029_02,,,,,,,,,,,,,,,,,,,,{'PART_02': 120},False,,
dispatch,18778.666666666686,AGV_07,TOTE_0688,station_3,KIT_0029_02,{'PART_04': 100},17280.0,1.2693442480085422,1.1999998328231132,0.0013172043010752687,0.06802721088435375,0.2,0.517948717948718,0.6,0.3,0.1,0.03,0.1,0.2,0.1,0.006,2.0,1200.0,0.6498116770102536,,,,
kitting_started,18780.00000000002,AGV_05,TOTE_0670,station_3,KIT_0029_02,,,,,,,,,,,,,,,,,,,,,,,
kitting_completed,18790.00000000002,AGV_05,TOTE_0670,station_3,KIT_0029_02,,,,,,,,,,,,,,,,,,,,{'PART_04': 100},False,,
dispatch,18790.00000000002,AGV_03,TOTE_0841,station_3,KIT_0029_02,{'PART_02': 20},17280.0,1.2429741822560088,1.199999843813242,0.00042114695340501825,0.04255319148936171,0.2,0.4564102564102564,0.6,0.3,0.1,0.03,0.1,0.2,0.1,0.006,2.0,1200.0,0.6401434837125796,,,,
kitting_completed,18792.00000000003,AGV_08,TOTE_0373,station_4,KIT_0030_02,,,,,,,,,,,,,,,,,,,,{'PART_05': 90},False,,
dispatch,18792.00000000003,AGV_04,TOTE_0881,station_4,KIT_0030_02,{'PART_01': 10},17280.0,1.2218842132444478,1.1999998456762824,0.02124661246612466,0.0006377551020408164,0.2,0.3333333333333333,0.6,0.3,0.1,0.03,0.1,0.2,0.1,0.006,2.0,1200.0,0.6397971946133353,,,,
kitting_started,18793.33333333336,AGV_10,TOTE_0899,station_4,KIT_0030_02,,,,,,,,,,,,,,,,,,,,,,,
kitting_completed,18803.33333333336,AGV_10,TOTE_0899,station_4,KIT_0030_02,,,,,,,,,,,,,,,,,,,,{'PART_01': 10},False,,
dispatch,18803.33333333336,AGV_01,TOTE_0538,station_4,KIT_0030_02,{'PART_10': 125},17280.0,1.2291340734794163,1.1999998558214502,0.021111111111111112,0.008023106546854944,0.2,0.48717948717948717,0.6,0.3,0.1,0.03,0.1,0.2,0.1,0.006,2.0,1200.0,0.6287624953697011,,,,
kitting_completed,18810.000000000033,AGV_09,TOTE_0439,station_2,KIT_0030_01,,,,,,,,,,,,,,,,,,,,{'PART_05': 90},False,,
kitting_started,18811.333333333365,AGV_02,TOTE_0830,station_2,KIT_0030_01,,,,,,,,,,,,,,,,,,,,,,,
dispatch,18816.666666666686,AGV_06,TOTE_0097,station_2,KIT_0030_01,{'PART_01': 70},17280.0,1.2240083418245495,1.1999998669064234,0.019103078982597055,0.004905395935529082,0.2,0.49230769230769234,0.6,0.3,0.1,0.03,0.1,0.2,0.1,0.006,2.0,1200.0,0.6251742358639605,,,,
kitting_started,18820.666666666682,AGV_07,TOTE_0688,station_3,KIT_0029_02,,,,,,,,,,,,,,,,,,,,,,,
kitting_completed,18821.333333333365,AGV_02,TOTE_0830,station_2,KIT_0030_01,,,,,,,,,,,,,,,,,,,,{'PART_01': 10},False,,
dispatch,18825.33333333336,AGV_08,TOTE_0442,station_2,KIT_0030_01,{'PART_05': 90},17280.0,1.2247981480548473,1.1999998736504254,0.01816599732262383,0.006632277081798085,0.2,0.49230769230769234,0.6,0.3,0.1,0.03,0.1,0.2,0.1,0.006,2.0,1200.0,0.6256481196021393,,,,
kitting_started,18828.666666666693,AGV_04,TOTE_0881,station_4,KIT_0030_02,,,,,,,,,,,,,,,,,,,,,,,
kitting_completed,18830.666666666682,AGV_07,TOTE_0688,station_3,KIT_0029_02,,,,,,,,,,,,,,,,,,,,{'PART_04': 100},False,,
dispatch,18830.666666666682,AGV_05,TOTE_0583,station_3,KIT_0029_02,{'PART_02': 7},17280.0,1.2261677390394023,1.1999998776296055,0.00024193548387096752,0.025925925925925925,0.27999999999999997,0.49230769230769234,0.6,0.3,0.1,0.03,0.1,0.2,0.1,0.006,2.0,1200.0,0.6024698741928722,,,,
kitting_started,18834.666666666682,AGV_03,TOTE_0841,station_3,KIT_0029_02,,,,,,,,,,,,,,,,,,,,,,,
kitting_completed,18838.666666666693,AGV_04,TOTE_0881,station_4,KIT_0030_02,,,,,,,,,,,,,,,,,,,,{'PART_01': 10},False,,
dispatch,18838.666666666693,AGV_10,TOTE_0899,station_4,KIT_0030_02,{'PART_01': 10},17280.0,1.2201150642442946,1.1999998833646421,0.019417344173441733,0.0006978367062107467,0.2,0.3333333333333333,0.6,0.3,0.1,0.03,0.1,0.2,0.1,0.006,2.0,1200.0,0.6387357052132435,,,,
kitting_started,18843.33333333336,AGV_01,TOTE_0538,station_4,KIT_0030_02,,,,,,,,,,,,,,,,,,,,,,,
kitting_completed,18844.666666666682,AGV_03,TOTE_0841,station_3,KIT_0029_02,,,,,,,,,,,,,,,,,,,,{'PART_02': 20},False,,
dispatch,18844.666666666682,AGV_09,TOTE_0748,station_3,KIT_0029_02,{'PART_09': 20},17280.0,1.3001790989583681,1.199999887488834,0.00017921146953405075,0.1,0.4,0.441025641025641,0.6,0.3,0.1,0.03,0.1,0.2,0.1,0.006,2.0,1200.0,0.6160048952724568,,,,
kitting_started,18858.666666666686,AGV_06,TOTE_0097,station_2,KIT_0030_01,,,,,,,,,,,,,,,,,,,,,,,
kitting_started,18869.333333333347,AGV_05,TOTE_0583,station_3,KIT_0029_02,,,,,,,,,,,,,,,,,,,,,,,
kitting_completed,18889.333333333347,AGV_05,TOTE_0583,station_3,KIT_0029_02,,,,,,,,,,,,,,,,,,,,{'PART_02': 7},False,,
kitting_started,18890.66666666668,AGV_09,TOTE_0748,station_3,KIT_0029_02,,,,,,,,,,,,,,,,,,,,,,,
kitting_completed,18893.33333333336,AGV_01,TOTE_0538,station_4,KIT_0030_02,,,,,,,,,,,,,,,,,,,,{'PART_10': 125},False,,
dispatch,18893.33333333336,AGV_03,TOTE_0391,station_4,KIT_0030_02,{'PART_05': 90},17280.0,1.2256064249968017,1.1999999159802006,0.019281842818428183,0.0063246661981728736,0.2,0.4358974358974359,0.6,0.3,0.1,0.03,0.1,0.2,0.1,0.006,2.0,1200.0,0.6317741114083374,,,,
kitting_started,18894.666666666693,AGV_10,TOTE_0899,station_4,KIT_0030_02,,,,,,,,,,,,,,,,,,,,,,,
kitting_completed,18904.666666666693,AGV_10,TOTE_0899,station_4,KIT_0030_02,,,,,,,,,,,,,,,,,,,,{'PART_01': 10},False,,
dispatch,18904.666666666693,AGV_07,TOTE_0409,station_4,KIT_0030_02,{'PART_05': 90},17280.0,1.224813940048909,1.1999999215036223,0.018062330623306234,0.0067516879219804956,0.2,0.5128205128205128,0.6,0.3,0.1,0.03,0.1,0.2,0.1,0.006,2.0,1200.0,0.6236063127472942,,,,
kitting_completed,18910.66666666668,AGV_09,TOTE_0748,station_3,KIT_0029_02,,,,,,,,,,,,,,,,,,,,{'PART_09': 20},True,,
kit_replacement,18910.66666666668,,,station_3,,,,,,,,,,,,,,,,,,,,,,,KIT_0029_02,
kitting_started,18926.666666666693,AGV_03,TOTE_0391,station_4,KIT_0030_02,,,,,,,,,,,,,,,,,,,,,,,
kitting_completed,18928.666666666686,AGV_06,TOTE_0097,station_2,KIT_0030_01,,,,,,,,,,,,,,,,,,,,{'PART_01': 70},False,,
dispatch,18928.666666666686,AGV_05,TOTE_0583,station_2,KIT_0030_01,{'PART_02': 13},17280.0,1.2179871558538904,1.199999932030948,0.016961178045515394,0.001026045777426993,-0.07999999999999996,0.4153846153846154,0.6,0.3,0.1,0.03,0.1,0.2,0.1,0.006,2.0,1200.0,0.7132538319738727,,,,
kitting_started,18930.00000000002,AGV_08,TOTE_0442,station_2,KIT_0030_01,,,,,,,,,,,,,,,,,,,,,,,
kitting_completed,18986.666666666693,AGV_03,TOTE_0391,station_4,KIT_0030_02,,,,,,,,,,,,,,,,,,,,{'PART_05': 90},False,,
dispatch,18986.666666666693,AGV_09,TOTE_0124,station_4,KIT_0030_02,{'PART_02': 120},17280.0,1.226496833186721,1.1999999520071287,0.01684281842818428,0.009654062751407885,0.2,0.4358974358974359,0.6,0.3,0.1,0.03,0.1,0.2,0.1,0.006,2.0,1200.0,0.632308356322289,,,,
kitting_started,18988.000000000025,AGV_07,TOTE_0409,station_4,KIT_0030_02,,,,,,,,,,,,,,,,,,,,,,,
kitting_completed,18990.00000000002,AGV_08,TOTE_0442,station_2,KIT_0030_01,,,,,,,,,,,,,,,,,,,,{'PART_05': 90},False,,
dispatch,18990.00000000002,AGV_06,TOTE_0848,station_2,KIT_0030_01,{'PART_01': 10},17280.0,1.217584549717698,1.1999999529574512,0.01678714859437751,0.0007974481658692185,0.2,0.40512820512820513,0.6,0.3,0.1,0.03,0.1,0.2,0.1,0.006,2.0,1200.0,0.6300379093177984,,,,
kitting_started,18991.33333333335,AGV_05,TOTE_0583,station_2,KIT_0030_01,,,,,,,,,,,,,,,,,,,,,,,
kitting_completed,19011.33333333335,AGV_05,TOTE_0583,station_2,KIT_0030_01,,,,,,,,,,,,,,,,,,,,{'PART_02': 13},False,,
dispatch,19011.33333333335,AGV_01,TOTE_0884,station_2,KIT_0030_01,{'PART_01': 10},17280.0,1.2174570969161647,1.1999999586094545,0.016653279785809903,0.0008038585209003215,0.2,0.40512820512820513,0.6,0.3,0.1,0.03,0.1,0.2,0.1,0.006,2.0,1200.0,0.6299614376368783,,,,
kitting_started,19034.666666666682,AGV_06,TOTE_0848,station_2,KIT_0030_01,,,,,,,,,,,,,,,,,,,,,,,
kitting_completed,19044.666666666682,AGV_06,TOTE_0848,station_2,KIT_0030_01,,,,,,,,,,,,,,,,,,,,{'PART_01': 10},False,,
dispatch,19044.666666666682,AGV_03,TOTE_0547,station_2,KIT_0030_01,{'PART_10': 25},17280.0,1.218545309018217,1.1999999661122873,0.016519410977242303,0.002025931928687196,0.2,0.4153846153846154,0.6,0.3,0.1,0.03,0.1,0.2,0.1,0.006,2.0,1200.0,0.6295887238724687,,,,
kitting_completed,19048.000000000025,AGV_07,TOTE_0409,station_4,KIT_0030_02,,,,,,,,,,,,,,,,,,,,{'PART_05': 90},False,,
dispatch,19048.000000000025,AGV_08,TOTE_0427,station_4,KIT_0030_02,{'PART_05': 90},17280.0,1.2232310165025329,1.199999966783309,0.01521680216802168,0.008014247551202138,0.2,0.46153846153846156,0.6,0.3,0.1,0.03,0.1,0.2,0.1,0.006,2.0,1200.0,0.6277847637476734,,,,
kitting_started,19049.333333333358,AGV_09,TOTE_0124,station_4,KIT_0030_02,,,,,,,,,,,,,,,,,,,,,,,
kitting_started,19066.000000000015,AGV_01,TOTE_0884,station_2,KIT_0030_01,,,,,,,,,,,,,,,,,,,,,,,
kitting_completed,19076.000000000015,AGV_01,TOTE_0884,station_2,KIT_0030_01,,,,,,,,,,,,,,,,,,,,{'PART_01': 10},False,,
dispatch,19076.000000000015,AGV_05,TOTE_0848,station_2,KIT_0030_01,{'PART_01': 10},17280.0,1.217011840735354,1.1999999719201428,0.016184738955823293,0.0008271298593879239,0.2,0.40512820512820513,0.6,0.3,0.1,0.03,0.1,0.2,0.1,0.006,2.0,1200.0,0.6296942839283919,,,,
kitting_started,19083.33333333335,AGV_03,TOTE_0547,station_2,KIT_0030_01,,,,,,,,,,,,,,,,,,,,,,,
kitting_completed,19093.33333333335,AGV_03,TOTE_0547,station_2,KIT_0030_01,,,,,,,,,,,,,,,,,,,,{'PART_10': 25},False,,
dispatch,19093.33333333335,AGV_07,TOTE_0835,station_2,KIT_0030_01,{'PART_02': 20},17280.0,1.2177189015549064,1.1999999746937224,0.016050870147255685,0.0016680567139282735,0.2,0.4666666666666667,0.6,0.3,0.1,0.03,0.1,0.2,0.1,0.006,2.0,1200.0,0.6239646742662772,,,,
kitting_completed,19109.333333333358,AGV_09,TOTE_0124,station_4,KIT_0030_02,,,,,,,,,,,,,,,,,,,,{'PART_02': 120},False,,
dispatch,19109.333333333358,AGV_06,TOTE_0322,station_4,KIT_0030_02,{'PART_05': 90},17280.0,1.2227097548823793,1.1999999770101573,0.013997289972899729,0.008712487899322363,0.2,0.48717948717948717,0.6,0.3,0.1,0.03,0.1,0.2,0.1,0.006,2.0,1200.0,0.6249079042114789,,,,
kitting_started,19110.66666666669,AGV_08,TOTE_0427,station_4,KIT_0030_02,,,,,,,,,,,,,,,,,,,,,,,
kitting_started,19120.66666666668,AGV_05,TOTE_0848,station_2,KIT_0030_01,,,,,,,,,,,,,,,,,,,,,,,
kitting_completed,19130.66666666668,AGV_05,TOTE_0848,station_2,KIT_0030_01,,,,,,,,,,,,,,,,,,,,{'PART_01': 10},False,,
dispatch,19130.66666666668,AGV_03,TOTE_0884,station_2,KIT_0030_01,{'PART_01': 10},17280.0,1.2166312887231252,1.199999979772309,0.01578313253012048,0.0008481764206955047,0.2,0.40512820512820513,0.6,0.3,0.1,0.03,0.1,0.2,0.1,0.006,2.0,1200.0,0.6294659527210547,,,,
kitting_started,19132.00000000002,AGV_07,TOTE_0835,station_2,KIT_0030_01,,,,,,,,,,,,,,,,,,,,,,,
kitting_completed,19142.00000000002,AGV_07,TOTE_0835,station_2,KIT_0030_01,,,,,,,,,,,,,,,,,,,,{'PART_02': 20},False,,
dispatch,19142.00000000002,AGV_02,TOTE_0184,station_2,KIT_0030_01,{'PART_02': 120},17280.0,1.2259144287414994,1.199999981102068,0.015649263721552877,0.010265183917878529,0.2,0.5333333333333333,0.6,0.3,0.1,0.03,0.1,0.2,0.1,0.006,2.0,1200.0,0.6222153239115663,,,,
kitting_completed,19170.66666666669,AGV_08,TOTE_0427,station_4,KIT_0030_02,,,,,,,,,,,,,,,,,,,,{'PART_05': 90},False,,
dispatch,19170.66666666669,AGV_09,TOTE_0340,station_4,KIT_0030_02,{'PART_05': 90},17280.0,1.2223217703496758,1.1999999840883349,0.012777777777777777,0.009544008483563097,0.2,0.4358974358974359,0.6,0.3,0.1,0.03,0.1,0.2,0.1,0.006,2.0,1200.0,0.6298033186200619,,,,
kitting_started,19172.000000000022,AGV_06,TOTE_0322,station_4,KIT_0030_02,,,,,,,,,,,,,,,,,,,,,,,
kitting_started,19175.333333333343,AGV_03,TOTE_0884,station_2,KIT_0030_01,,,,,,,,,,,,,,,,,,,,,,,
kitting_completed,19185.333333333343,AGV_03,TOTE_0884,station_2,KIT_0030_01,,,,,,,,,,,,,,,,,,,,{'PART_01': 10},False,,
dispatch,19185.333333333343,AGV_07,TOTE_0835,station_2,KIT_0030_01,{'PART_02': 20},17280.0,1.215949401140502,1.1999999854287196,0.014042838018741632,0.0019065776930409916,0.2,0.4153846153846154,0.6,0.3,0.1,0.03,0.1,0.2,0.1,0.006,2.0,1200.0,0.6280311791458397,,,,
kitting_started,19186.666666666682,AGV_02,TOTE_0184,station_2,KIT_0030_01,,,,,,,,,,,,,,,,,,,,,,,
kitting_completed,19232.000000000022,AGV_06,TOTE_0322,station_4,KIT_0030_02,,,,,,,,,,,,,,,,,,,,{'PART_05': 90},False,,
dispatch,19232.000000000022,AGV_08,TOTE_0445,station_4,KIT_0030_02,{'PART_05': 90},17280.0,1.2221092510529203,1.1999999889872632,0.011558265582655826,0.010550996483001174,0.2,0.4358974358974359,0.6,0.3,0.1,0.03,0.1,0.2,0.1,0.006,2.0,1200.0,0.6296758070420087,,,,
kitting_started,19233.333333333354,AGV_09,TOTE_0340,station_4,KIT_0030_02,,,,,,,,,,,,,,,,,,,,,,,
kitting_completed,19246.666666666682,AGV_02,TOTE_0184,station_2,KIT_0030_01,,,,,,,,,,,,,,,,,,,,{'PART_02': 120},False,,
dispatch,19246.666666666682,AGV_05,TOTE_0884,station_2,KIT_0030_01,{'PART_01': 10},17280.0,1.2147469076149209,1.1999999899149665,0.013775100401606427,0.0009718172983479106,0.2,0.40512820512820513,0.6,0.3,0.1,0.03,0.1,0.2,0.1,0.006,2.0,1200.0,0.628335324056132,,,,
kitting_started,19248.000000000015,AGV_07,TOTE_0835,station_2,KIT_0030_01,,,,,,,,,,,,,,,,,,,,,,,
kitting_completed,19258.000000000015,AGV_07,TOTE_0835,station_2,KIT_0030_01,,,,,,,,,,,,,,,,,,,,{'PART_02': 20},False,,
dispatch,19258.000000000015,AGV_03,TOTE_0145,station_2,KIT_0030_01,{'PART_02': 120},17280.0,1.2254174733976833,1.1999999905779517,0.013641231593038823,0.011776251226692838,0.2,0.558974358974359,0.6,0.3,0.1,0.03,0.1,0.2,0.1,0.006,2.0,1200.0,0.6193530481411741,,,,
kitting_started,19278.000000000015,AGV_05,TOTE_0884,station_2,KIT_0030_01,,,,,,,,,,,,,,,,,,,,,,,
kitting_completed,19288.000000000015,AGV_05,TOTE_0884,station_2,KIT_0030_01,,,,,,,,,,,,,,,,,,,,{'PART_01': 10},False,,
dispatch,19288.000000000015,AGV_02,TOTE_0058,station_2,KIT_0030_01,{'PART_01': 70},17280.0,1.2198212273862337,1.199999992130044,0.012034805890227578,0.007786429365962181,0.2,0.4564102564102564,0.6,0.3,0.1,0.03,0.1,0.2,0.1,0.006,2.0,1200.0,0.6262517107907145,,,,
kitting_completed,19293.333333333354,AGV_09,TOTE_0340,station_4,KIT_0030_02,,,,,,,,,,,,,,,,,,,,{'PART_05': 90},False,,
dispatch,19293.333333333354,AGV_07,TOTE_0358,station_4,KIT_0030_02,{'PART_05': 90},17280.0,1.2221342896710652,1.1999999923778957,0.010338753387533876,0.011795543905635648,0.2,0.4358974358974359,0.6,0.3,0.1,0.03,0.1,0.2,0.1,0.006,2.0,1200.0,0.6296908302128955,,,,
kitting_started,19294.666666666686,AGV_08,TOTE_0445,station_4,KIT_0030_02,,,,,,,,,,,,,,,,,,,,,,,
kitting_started,19302.666666666682,AGV_03,TOTE_0145,station_2,KIT_0030_01,,,,,,,,,,,,,,,,,,,,,,,
kitting_completed,19354.666666666686,AGV_08,TOTE_0445,station_4,KIT_0030_02,,,,,,,,,,,,,,,,,,,,{'PART_05': 90},False,,
dispatch,19354.666666666686,AGV_09,TOTE_0052,station_4,KIT_0030_02,{'PART_01': 70},17280.0,1.2195204246243032,1.1999999947246105,0.009119241192411923,0.010401188707280833,0.2,0.4358974358974359,0.6,0.3,0.1,0.03,0.1,0.2,0.1,0.006,2.0,1200.0,0.6281225111848384,,,,
kitting_started,19356.00000000002,AGV_07,TOTE_0358,station_4,KIT_0030_02,,,,,,,,,,,,,,,,,,,,,,,
kitting_completed,19362.666666666682,AGV_03,TOTE_0145,station_2,KIT_0030_01,,,,,,,,,,,,,,,,,,,,{'PART_02': 120},False,,
dispatch,19362.666666666682,AGV_06,TOTE_0853,station_2,KIT_0030_01,{'PART_02': 20},17280.0,1.2135102644373255,1.199999994971848,0.01109772423025435,0.0024125452352231607,0.2,0.49230769230769234,0.6,0.3,0.1,0.03,0.1,0.2,0.1,0.006,2.0,1200.0,0.6188753894316261,,,,
kitting_started,19364.000000000015,AGV_02,TOTE_0058,station_2,KIT_0030_01,,,,,,,,,,,,,,,,,,,,,,,
kitting_completed,19416.00000000002,AGV_07,TOTE_0358,station_4,KIT_0030_02,,,,,,,,,,,,,,,,,,,,{'PART_05': 90},False,,
dispatch,19416.00000000002,AGV_08,TOTE_0070,station_4,KIT_0030_02,{'PART_01': 70},17280.0,1.2197793516050515,1.1999999963488124,0.008170731707317072,0.011608623548922057,0.2,0.46153846153846156,0.6,0.3,0.1,0.03,0.1,0.2,0.1,0.006,2.0,1200.0,0.6257137648091846,,,,
kitting_started,19417.33333333335,AGV_09,TOTE_0052,station_4,KIT_0030_02,,,,,,,,,,,,,,,,,,,,,,,
kitting_completed,19434.000000000015,AGV_02,TOTE_0058,station_2,KIT_0030_01,,,,,,,,,,,,,,,,,,,,{'PART_01': 70},False,,
dispatch,19434.000000000015,AGV_03,TOTE_0076,station_2,KIT_0030_01,{'PART_01': 70},17280.0,1.2194826409376902,1.1999999967225934,0.010829986613119142,0.008652657601977752,0.2,0.48205128205128206,0.6,0.3,0.1,0.03,0.1,0.2,0.1,0.006,2.0,1200.0,0.6234844563574858,,,,
kitting_started,19435.333333333347,AGV_06,TOTE_0853,station_2,KIT_0030_01,,,,,,,,,,,,,,,,,,,,,,,
kitting_completed,19445.333333333347,AGV_06,TOTE_0853,station_2,KIT_0030_01,,,,,,,,,,,,,,,,,,,,{'PART_02': 20},False,,
dispatch,19445.333333333347,AGV_05,TOTE_0094,station_2,KIT_0030_01,{'PART_01': 70},17280.0,1.2193651617017491,1.1999999969380484,0.009892904953145916,0.009472259810554804,0.2,0.5333333333333333,0.6,0.3,0.1,0.03,0.1,0.2,0.1,0.006,2.0,1200.0,0.618285763687716,,,,
kitting_started,19472.00000000001,AGV_03,TOTE_0076,station_2,KIT_0030_01,,,,,,,,,,,,,,,,,,,,,,,
kitting_completed,19487.33333333335,AGV_09,TOTE_0052,station_4,KIT_0030_02,,,,,,,,,,,,,,,,,,,,{'PART_01': 70},False,,
dispatch,19487.33333333335,AGV_06,TOTE_0088,station_4,KIT_0030_02,{'PART_01': 70},17280.0,1.2203554280974958,1.1999999976201141,0.007222222222222221,0.013133208255159477,0.2,0.4358974358974359,0.6,0.3,0.1,0.03,0.1,0.2,0.1,0.006,2.0,1200.0,0.628623513268754,,,,
kitting_started,19488.666666666682,AGV_08,TOTE_0070,station_4,KIT_0030_02,,,,,,,,,,,,,,,,,,,,,,,
kitting_completed,19542.00000000001,AGV_03,TOTE_0076,station_2,KIT_0030_01,,,,,,,,,,,,,,,,,,,,{'PART_01': 70},False,,
dispatch,19542.00000000001,AGV_02,TOTE_0925,station_2,KIT_0030_01,{'PART_05': 15},17280.0,1.2111979740451588,1.1999999982856184,0.008955823293172693,0.002242152466367713,0.2,0.441025641025641,0.6,0.3,0.1,0.03,0.1,0.2,0.1,0.006,2.0,1200.0,0.6226162203245311,,,,
kitting_started,19543.333333333343,AGV_05,TOTE_0094,station_2,KIT_0030_01,,,,,,,,,,,,,,,,,,,,,,,
kitting_completed,19558.666666666682,AGV_08,TOTE_0070,station_4,KIT_0030_02,,,,,,,,,,,,,,,,,,,,{'PART_01': 70},False,,
dispatch,19558.666666666682,AGV_09,TOTE_0532,station_4,KIT_0030_02,{'PART_10': 125},17280.0,1.2332715513586767,1.1999999984487633,0.006273712737127372,0.026997840172786176,0.2,0.5384615384615384,0.6,0.3,0.1,0.03,0.1,0.2,0.1,0.006,2.0,1200.0,0.6261167769690521,,,,
kitting_started,19560.000000000015,AGV_06,TOTE_0088,station_4,KIT_0030_02,,,,,,,,,,,,,,,,,,,,,,,
kitting_completed,19613.333333333343,AGV_05,TOTE_0094,station_2,KIT_0030_01,,,,,,,,,,,,,,,,,,,,{'PART_01': 70},False,,
dispatch,19613.333333333343,AGV_03,TOTE_0943,station_2,KIT_0030_01,{'PART_05': 15},17280.0,1.211048596944519,1.1999999988825465,0.008755020080321283,0.0022935779816513763,0.2,0.441025641025641,0.6,0.3,0.1,0.03,0.1,0.2,0.1,0.006,2.0,1200.0,0.6225265940641473,,,,
kitting_started,19614.666666666675,AGV_02,TOTE_0925,station_2,KIT_0030_01,,,,,,,,,,,,,,,,,,,,,,,
kitting_completed,19624.666666666675,AGV_02,TOTE_0925,station_2,KIT_0030_01,,,,,,,,,,,,,,,,,,,,{'PART_05': 15},False,,
dispatch,19624.666666666675,AGV_08,TOTE_0961,station_2,KIT_0030_01,{'PART_05': 15},17280.0,1.2109016336638527,1.1999999989560073,0.008554216867469879,0.002347417840375587,0.2,0.49230769230769234,0.6,0.3,0.1,0.03,0.1,0.2,0.1,0.006,2.0,1200.0,0.6173102109675423,,,,
kitting_completed,19630.000000000015,AGV_06,TOTE_0088,station_4,KIT_0030_02,,,,,,,,,,,,,,,,,,,,{'PART_01': 70},False,,
dispatch,19630.000000000015,AGV_07,TOTE_0034,station_4,KIT_0030_02,{'PART_01': 40},17280.0,1.2164142643149716,1.1999999989888863,0.004579945799457994,0.011834319526627219,0.2,0.4358974358974359,0.6,0.3,0.1,0.03,0.1,0.2,0.1,0.006,2.0,1200.0,0.6262588149992393,,,,
kitting_started,19631.333333333347,AGV_09,TOTE_0532,station_4,KIT_0030_02,,,,,,,,,,,,,,,,,,,,,,,
kitting_started,19648.666666666675,AGV_03,TOTE_0943,station_2,KIT_0030_01,,,,,,,,,,,,,,,,,,,,,,,
kitting_completed,19658.666666666675,AGV_03,TOTE_0943,station_2,KIT_0030_01,,,,,,,,,,,,,,,,,,,,{'PART_05': 15},False,,
dispatch,19658.666666666675,AGV_02,TOTE_0979,station_2,KIT_0030_01,{'PART_05': 15},17280.0,1.210757258957128,1.1999999991486634,0.008353413654618475,0.002403846153846154,0.2,0.4153846153846154,0.6,0.3,0.1,0.03,0.1,0.2,0.1,0.006,2.0,1200.0,0.6249158938358153,,,,
kitting_started,19666.666666666675,AGV_08,TOTE_0961,station_2,KIT_0030_01,,,,,,,,,,,,,,,,,,,,,,,
kitting_completed,19676.666666666675,AGV_08,TOTE_0961,station_2,KIT_0030_01,,,,,,,,,,,,,,,,,,,,{'PART_05': 15},False,,
dispatch,19676.666666666675,AGV_05,TOTE_0745,station_2,KIT_0030_01,{'PART_01': 10},17280.0,1.2097946458023787,1.1999999992358168,0.00815261044176707,0.0016420361247947456,0.2,0.441025641025641,0.6,0.3,0.1,0.03,0.1,0.2,0.1,0.006,2.0,1200.0,0.6217742233788632,,,,
kitting_completed,19681.333333333347,AGV_09,TOTE_0532,station_4,KIT_0030_02,,,,,,,,,,,,,,,,,,,,{'PART_10': 125},False,,
dispatch,19681.333333333347,AGV_06,TOTE_0844,station_4,KIT_0030_02,{'PART_02': 20},17280.0,1.210749349032294,1.199999999256917,0.004037940379403795,0.006711409395973155,0.2,0.4358974358974359,0.6,0.3,0.1,0.03,0.1,0.2,0.1,0.006,2.0,1200.0,0.6228598658296328,,,,
kitting_started,19682.66666666668,AGV_07,TOTE_0034,station_4,KIT_0030_02,,,,,,,,,,,,,,,,,,,,,,,
kitting_started,19690.666666666675,AGV_02,TOTE_0979,station_2,KIT_0030_01,,,,,,,,,,,,,,,,,,,,,,,
kitting_completed,19700.666666666675,AGV_02,TOTE_0979,station_2,KIT_0030_01,,,,,,,,,,,,,,,,,,,,{'PART_05': 15},False,,
dispatch,19700.666666666675,AGV_03,TOTE_0889,station_2,KIT_0030_01,{'PART_01': 10},17280.0,1.2096881900533052,1.1999999993383028,0.008018741633199464,0.001669449081803005,0.2,0.4153846153846154,0.6,0.3,0.1,0.03,0.1,0.2,0.1,0.006,2.0,1200.0,0.6242744524935215,,,,
kitting_started,19712.000000000007,AGV_05,TOTE_0745,station_2,KIT_0030_01,,,,,,,,,,,,,,,,,,,,,,,
kitting_completed,19722.000000000007,AGV_05,TOTE_0745,station_2,KIT_0030_01,,,,,,,,,,,,,,,,,,,,{'PART_01': 10},False,,
dispatch,19722.000000000007,AGV_09,TOTE_0910,station_2,KIT_0030_01,{'PART_05': 15},17280.0,1.2104315615463406,1.1999999994178037,0.00788487282463186,0.0025466893039049238,0.2,0.4666666666666667,0.6,0.3,0.1,0.03,0.1,0.2,0.1,0.006,2.0,1200.0,0.6195922702611376,,,,
kitting_completed,19722.66666666668,AGV_07,TOTE_0034,station_4,KIT_0030_02,,,,,,,,,,,,,,,,,,,,{'PART_01': 40},False,,
dispatch,19722.66666666668,AGV_08,TOTE_0841,station_4,KIT_0030_02,{'PART_02': 20},17280.0,1.2109611816938213,1.199999999420128,0.0037669376693766953,0.007194244604316547,0.2,0.48717948717948717,0.6,0.3,0.1,0.03,0.1,0.2,0.1,0.006,2.0,1200.0,0.6178587602983441,,,,
kitting_started,19724.00000000001,AGV_06,TOTE_0844,station_4,KIT_0030_02,,,,,,,,,,,,,,,,,,,,,,,
kitting_started,19732.666666666675,AGV_03,TOTE_0889,station_2,KIT_0030_01,,,,,,,,,,,,,,,,,,,,,,,
kitting_completed,19734.00000000001,AGV_06,TOTE_0844,station_4,KIT_0030_02,,,,,,,,,,,,,,,,,,,,{'PART_02': 20},False,,
dispatch,19734.00000000001,AGV_02,TOTE_0859,station_4,KIT_0030_02,{'PART_02': 20},17280.0,1.211247872402094,1.1999999994582484,0.0034959349593495924,0.007751937984496124,0.2,0.48717948717948717,0.6,0.3,0.1,0.03,0.1,0.2,0.1,0.006,2.0,1200.0,0.6180307747233076,,,,
kitting_completed,19742.666666666675,AGV_03,TOTE_0889,station_2,KIT_0030_01,,,,,,,,,,,,,,,,,,,,{'PART_01': 10},False,,
dispatch,19742.666666666675,AGV_01,TOTE_0325,station_2,KIT_0030_01,{'PART_05': 90},17280.0,1.2233635116061907,1.1999999994856996,0.007684069611780456,0.0156794425087108,0.2,0.558974358974359,0.6,0.3,0.1,0.03,0.1,0.2,0.1,0.006,2.0,1200.0,0.6181206710662784,,,,
kitting_started,19757.33333333334,AGV_09,TOTE_0910,station_2,KIT_0030_01,,,,,,,,,,,,,,,,,,,,,,,
kitting_started,19762.66666666668,AGV_08,TOTE_0841,station_4,KIT_0030_02,,,,,,,,,,,,,,,,,,,,,,,
kitting_completed,19767.33333333334,AGV_09,TOTE_0910,station_2,KIT_0030_01,,,,,,,,,,,,,,,,,,,,{'PART_05': 15},False,,
dispatch,19767.33333333334,AGV_07,TOTE_0376,station_2,KIT_0030_01,{'PART_05': 90},17280.0,1.2250742912134376,1.1999999995564514,0.006479250334672021,0.01859504132231405,0.2,0.5692307692307692,0.6,0.3,0.1,0.03,0.1,0.2,0.1,0.006,2.0,1200.0,0.6181214978049855,,,,
kitting_completed,19772.66666666668,AGV_08,TOTE_0841,station_4,KIT_0030_02,,,,,,,,,,,,,,,,,,,,{'PART_02': 20},False,,
dispatch,19772.66666666668,AGV_06,TOTE_0862,station_4,KIT_0030_02,{'PART_02': 20},17280.0,1.2116282931642806,1.1999999995704203,0.003224932249322493,0.008403361344537816,0.2,0.4358974358974359,0.6,0.3,0.1,0.03,0.1,0.2,0.1,0.006,2.0,1200.0,0.6233872323088249,,,,
kitting_started,19774.00000000001,AGV_02,TOTE_0859,station_4,KIT_0030_02,,,,,,,,,,,,,,,,,,,,,,,
kitting_completed,19784.00000000001,AGV_02,TOTE_0859,station_4,KIT_0030_02,,,,,,,,,,,,,,,,,,,,{'PART_02': 20},False,,
dispatch,19784.00000000001,AGV_05,TOTE_0913,station_4,KIT_0030_02,{'PART_05': 15},17280.0,1.20983466308291,1.1999999995986605,0.002953929539295393,0.006880733944954129,0.2,0.48717948717948717,0.6,0.3,0.1,0.03,0.1,0.2,0.1,0.006,2.0,1200.0,0.6171828491317972,,,,
kitting_started,19787.333333333343,AGV_01,TOTE_0325,station_2,KIT_0030_01,,,,,,,,,,,,,,,,,,,,,,,
kitting_started,19806.00000000001,AGV_06,TOTE_0862,station_4,KIT_0030_02,,,,,,,,,,,,,,,,,,,,,,,
kitting_completed,19816.00000000001,AGV_06,TOTE_0862,station_4,KIT_0030_02,,,,,,,,,,,,,,,,,,,,{'PART_02': 20},False,,
dispatch,19816.00000000001,AGV_08,TOTE_0931,station_4,KIT_0030_02,{'PART_05': 15},17280.0,1.2101398397371232,1.1999999996687718,0.002750677506775069,0.007389162561576356,0.2,0.4358974358974359,0.6,0.3,0.1,0.03,0.1,0.2,0.1,0.006,2.0,1200.0,0.6224941602525303,,,,
kitting_started,19824.00000000001,AGV_05,TOTE_0913,station_4,KIT_0030_02,,,,,,,,,,,,,,,,,,,,,,,
kitting_completed,19834.00000000001,AGV_05,TOTE_0913,station_4,KIT_0030_02,,,,,,,,,,,,,,,,,,,,{'PART_05': 15},False,,
dispatch,19834.00000000001,AGV_02,TOTE_0859,station_4,KIT_0030_02,{'PART_02': 20},17280.0,1.2131857230492757,1.1999999997026805,0.0025474254742547443,0.010638297872340427,0.2,0.4358974358974359,0.6,0.3,0.1,0.03,0.1,0.2,0.1,0.006,2.0,1200.0,0.624321690239822,,,,
kitting_completed,19847.333333333343,AGV_01,TOTE_0325,station_2,KIT_0030_01,,,,,,,,,,,,,,,,,,,,{'PART_05': 90},False,,
dispatch,19847.333333333343,AGV_09,TOTE_0889,station_2,KIT_0030_01,{'PART_01': 10},17280.0,1.2078125018490928,1.1999999997255393,0.005274431057563589,0.002538071065989848,0.2,0.4153846153846154,0.6,0.3,0.1,0.03,0.1,0.2,0.1,0.006,2.0,1200.0,0.6231490395709942,,,,
kitting_started,19848.666666666675,AGV_07,TOTE_0376,station_2,KIT_0030_01,,,,,,,,,,,,,,,,,,,,,,,
kitting_started,19849.333333333343,AGV_08,TOTE_0931,station_4,KIT_0030_02,,,,,,,,,,,,,,,,,,,,,,,
kitting_completed,19859.333333333343,AGV_08,TOTE_0931,station_4,KIT_0030_02,,,,,,,,,,,,,,,,,,,,{'PART_05': 15},False,,
dispatch,19859.333333333343,AGV_06,TOTE_0880,station_4,KIT_0030_02,{'PART_01': 10},17280.0,1.2082288034612143,1.1999999997446058,0.0022764227642276414,0.005952380952380952,0.2,0.4358974358974359,0.6,0.3,0.1,0.03,0.1,0.2,0.1,0.006,2.0,1200.0,0.621347538486985,,,,
kitting_started,19867.333333333343,AGV_02,TOTE_0859,station_4,KIT_0030_02,,,,,,,,,,,,,,,,,,,,,,,
kitting_completed,19877.333333333343,AGV_02,TOTE_0859,station_4,KIT_0030_02,,,,,,,,,,,,,,,,,,,,{'PART_02': 20},False,,
dispatch,19877.333333333343,AGV_05,TOTE_0067,station_4,KIT_0030_02,{'PART_01': 10},17280.0,1.2084700351040158,1.1999999997707511,0.0021409214092140915,0.006329113924050634,0.2,0.4358974358974359,0.6,0.3,0.1,0.03,0.1,0.2,0.1,0.006,2.0,1200.0,0.621492277472666,,,,
kitting_started,19892.666666666675,AGV_06,TOTE_0880,station_4,KIT_0030_02,,,,,,,,,,,,,,,,,,,,,,,
kitting_completed,19902.666666666675,AGV_06,TOTE_0880,station_4,KIT_0030_02,,,,,,,,,,,,,,,,,,,,{'PART_01': 10},False,,
dispatch,19902.666666666675,AGV_08,TOTE_0001,station_4,KIT_0030_02,{'PART_01': 70},17280.0,1.249302717154576,1.1999999998030781,0.0020054200542005416,0.0472972972972973,0.2,0.6410256410256411,0.6,0.3,0.1,0.03,0.1,0.2,0.1,0.006,2.0,1200.0,0.6254790661901815,,,,
kitting_completed,19908.666666666675,AGV_07,TOTE_0376,station_2,KIT_0030_01,,,,,,,,,,,,,,,,,,,,{'PART_05': 90},False,,
dispatch,19908.666666666675,AGV_01,TOTE_0343,station_2,KIT_0030_01,{'PART_05': 90},17280.0,1.2285780620590372,1.1999999998100412,0.005140562248995984,0.0234375,0.2,0.5076923076923077,0.6,0.3,0.1,0.03,0.1,0.2,0.1,0.006,2.0,1200.0,0.6263776064661916,,,,
kitting_started,19910.000000000007,AGV_09,TOTE_0889,station_2,KIT_0030_01,,,,,,,,,,,,,,,,,,,,,,,
kitting_started,19910.666666666675,AGV_05,TOTE_0067,station_4,KIT_0030_02,,,,,,,,,,,,,,,,,,,,,,,
kitting_completed,19920.000000000007,AGV_09,TOTE_0889,station_2,KIT_0030_01,,,,,,,,,,,,,,,,,,,,{'PART_01': 10},False,,
dispatch,19920.000000000007,AGV_02,TOTE_0394,station_2,KIT_0030_01,{'PART_05': 90},17280.0,1.2345479876923757,1.199999999822529,0.003935742971887549,0.030612244897959186,0.2,0.5948717948717949,0.6,0.3,0.1,0.03,0.1,0.2,0.1,0.006,2.0,1200.0,0.621241613128246,,,,
kitting_completed,19920.666666666675,AGV_05,TOTE_0067,station_4,KIT_0030_02,,,,,,,,,,,,,,,,,,,,{'PART_01': 10},False,,
dispatch,19920.666666666675,AGV_03,TOTE_0019,station_4,KIT_0030_02,{'PART_01': 10},17280.0,1.213877423212856,1.1999999998232376,0.0010569105691056902,0.01282051282051282,0.0,0.6923076923076923,0.6,0.3,0.1,0.03,0.1,0.2,0.1,0.006,2.0,1200.0,0.6590956846969444,,,,
kitting_started,19946.666666666675,AGV_01,TOTE_0343,station_2,KIT_0030_01,,,,,,,,,,,,,,,,,,,,,,,
kitting_started,19962.66666666667,AGV_08,TOTE_0001,station_4,KIT_0030_02,,,,,,,,,,,,,,,,,,,,,,,
kitting_completed,20006.666666666675,AGV_01,TOTE_0343,station_2,KIT_0030_01,,,,,,,,,,,,,,,,,,,,{'PART_05': 90},False,,
dispatch,20006.666666666675,AGV_05,TOTE_0412,station_2,KIT_0030_01,{'PART_05': 90},17280.0,1.2468485706480925,1.19999999989449,0.002730923694779117,0.04411764705882353,0.2,0.5692307692307692,0.6,0.3,0.1,0.03,0.1,0.2,0.1,0.006,2.0,1200.0,0.6311860654657785,,,,
kitting_started,20008.000000000007,AGV_02,TOTE_0394,station_2,KIT_0030_01,,,,,,,,,,,,,,,,,,,,,,,
kitting_completed,20032.66666666667,AGV_08,TOTE_0001,station_4,KIT_0030_02,,,,,,,,,,,,,,,,,,,,{'PART_01': 70},False,,
dispatch,20032.66666666667,AGV_07,TOTE_0430,station_4,KIT_0030_02,{'PART_05': 10},17280.0,1.215627291476763,1.1999999999097297,0.0009214092140921404,0.014705882352941178,0.5333333333333335,0.4358974358974359,0.6,0.3,0.1,0.03,0.1,0.2,0.1,0.006,2.0,1200.0,0.5257866312963142,,,,
kitting_started,20034.000000000004,AGV_03,TOTE_0019,station_4,KIT_0030_02,,,,,,,,,,,,,,,,,,,,,,,
kitting_completed,20044.000000000004,AGV_03,TOTE_0019,station_4,KIT_0030_02,,,,,,,,,,,,,,,,,,,,{'PART_01': 10},False,,
dispatch,20044.000000000004,AGV_09,TOTE_0544,station_4,KIT_0030_02,{'PART_10': 42},17280.0,1.273199700878191,1.199999999915664,0.0007859078590785906,0.07241379310344828,0.5440000000000002,0.6923076923076923,0.6,0.3,0.1,0.03,0.1,0.2,0.1,0.006,2.0,1200.0,0.5314890512961453,,,,
kitting_started,20066.000000000004,AGV_07,TOTE_0430,station_4,KIT_0030_02,,,,,,,,,,,,,,,,,,,,,,,
kitting_completed,20068.000000000007,AGV_02,TOTE_0394,station_2,KIT_0030_01,,,,,,,,,,,,,,,,,,,,{'PART_05': 90},False,,
dispatch,20068.000000000007,AGV_01,TOTE_0523,station_2,KIT_0030_01,{'PART_10': 83},17280.0,1.274333121888505,1.1999999999269746,0.0015261044176706816,0.07280701754385965,0.25600000000000006,0.5076923076923077,0.6,0.3,0.1,0.03,0.1,0.2,0.1,0.006,2.0,1200.0,0.6370306423638722,,,,
kitting_started,20069.33333333334,AGV_05,TOTE_0412,station_2,KIT_0030_01,,,,,,,,,,,,,,,,,,,,,,,
kitting_completed,20086.000000000004,AGV_07,TOTE_0430,station_4,KIT_0030_02,,,,,,,,,,,,,,,,,,,,{'PART_05': 10},False,,
dispatch,20086.000000000004,AGV_08,TOTE_0142,station_4,KIT_0030_02,{'PART_02': 16},17280.0,1.3002168021024723,1.1999999999344504,0.00021680216802168027,0.1,0.6399999999999999,0.4358974358974359,0.6,0.3,0.1,0.03,0.1,0.2,0.1,0.006,2.0,1200.0,0.5445403376717398,,,,
kitting_started,20090.666666666668,AGV_09,TOTE_0544,station_4,KIT_0030_02,,,,,,,,,,,,,,,,,,,,,,,
kitting_completed,20120.666666666668,AGV_09,TOTE_0544,station_4,KIT_0030_02,,,,,,,,,,,,,,,,,,,,{'PART_10': 42},False,,
kitting_completed,20129.33333333334,AGV_05,TOTE_0412,station_2,KIT_0030_01,,,,,,,,,,,,,,,,,,,,{'PART_05': 90},False,,
dispatch,20129.33333333334,AGV_03,TOTE_0430,station_2,KIT_0030_01,{'PART_05': 5},17280.0,1.216544025514082,1.199999999949458,0.0004149933065595723,0.016129032258064516,-0.5333333333333335,0.5692307692307692,0.6,0.3,0.1,0.03,0.1,0.2,0.1,0.006,2.0,1200.0,0.8330033383853722,,,,
kitting_started,20130.66666666667,AGV_01,TOTE_0523,station_2,KIT_0030_01,,,,,,,,,,,,,,,,,,,,,,,
kitting_started,20136.000000000004,AGV_08,TOTE_0142,station_4,KIT_0030_02,,,,,,,,,,,,,,,,,,,,,,,
kitting_completed,20156.000000000004,AGV_08,TOTE_0142,station_4,KIT_0030_02,,,,,,,,,,,,,,,,,,,,{'PART_02': 16},True,,
kit_replacement,20156.000000000004,,,station_4,,,,,,,,,,,,,,,,,,,,,,,KIT_0030_02,
kitting_completed,20180.66666666667,AGV_01,TOTE_0523,station_2,KIT_0030_01,,,,,,,,,,,,,,,,,,,,{'PART_10': 83},False,,
dispatch,20180.66666666667,AGV_07,TOTE_0889,station_2,KIT_0030_01,{'PART_01': 7},17280.0,1.2272711357882082,1.1999999999628557,0.0003480589022757685,0.026923076923076925,0.5599999999999999,0.441025641025641,0.6,0.3,0.1,0.03,0.1,0.2,0.1,0.006,2.0,1200.0,0.5242601173703609,,,,
kitting_started,20188.000000000007,AGV_03,TOTE_0430,station_2,KIT_0030_01,,,,,,,,,,,,,,,,,,,,,,,
kitting_completed,20208.000000000007,AGV_03,TOTE_0430,station_2,KIT_0030_01,,,,,,,,,,,,,,,,,,,,{'PART_05': 5},False,,
dispatch,20208.000000000007,AGV_09,TOTE_0142,station_2,KIT_0030_01,{'PART_02': 19},17280.0,1.3002543507047528,1.1999999999684743,0.00025435073627844585,0.1,-0.03999999999999986,0.5692307692307692,0.6,0.3,0.1,0.03,0.1,0.2,0.1,0.006,2.0,1200.0,0.7352295334997747,,,,
kitting_started,20222.66666666667,AGV_07,TOTE_0889,station_2,KIT_0030_01,,,,,,,,,,,,,,,,,,,,,,,
kitting_completed,20242.66666666667,AGV_07,TOTE_0889,station_2,KIT_0030_01,,,,,,,,,,,,,,,,,,,,{'PART_01': 7},False,,
kitting_started,20263.33333333334,AGV_09,TOTE_0142,station_2,KIT_0030_01,,,,,,,,,,,,,,,,,,,,,,,
kitting_completed,20283.33333333334,AGV_09,TOTE_0142,station_2,KIT_0030_01,,,,,,,,,,,,,,,,,,,,{'PART_02': 19},True,,
kit_replacement,20283.33333333334,,,station_2,,,,,,,,,,,,,,,,,,,,,,,KIT_0030_01,
